[0.000000] (-) TimerEvent: {}
[0.000641] (fsd_common_msgs) JobQueued: {'identifier': 'fsd_common_msgs', 'dependencies': OrderedDict()}
[0.000736] (ros2_homework_advanced) JobQueued: {'identifier': 'ros2_homework_advanced', 'dependencies': OrderedDict({'fsd_common_msgs': '/home/c/Formax_wuren_shixi/ros2_learning-main/ros2_advanced/ros2_homework_advanced_ws/install/fsd_common_msgs'})}
[0.000836] (fsd_common_msgs) JobStarted: {'identifier': 'fsd_common_msgs'}
[0.012199] (fsd_common_msgs) JobProgress: {'identifier': 'fsd_common_msgs', 'progress': 'cmake'}
[0.013019] (fsd_common_msgs) Command: {'cmd': ['/usr/bin/cmake', '/home/c/Formax_wuren_shixi/ros2_learning-main/ros2_advanced/ros2_homework_advanced_ws/src/fsd_common_msgs', '-DCMAKE_INSTALL_PREFIX=/home/c/Formax_wuren_shixi/ros2_learning-main/ros2_advanced/ros2_homework_advanced_ws/install/fsd_common_msgs'], 'cwd': '/home/c/Formax_wuren_shixi/ros2_learning-main/ros2_advanced/ros2_homework_advanced_ws/build/fsd_common_msgs', 'env': OrderedDict({'GJS_DEBUG_TOPICS': 'JS ERROR;JS LOG', 'LESSOPEN': '| /usr/bin/lesspipe %s', 'AI_AGENT': 'TRAE', 'LANGUAGE': 'zh_CN:en', 'USER': 'c', 'LC_TIME': 'zh_CN.UTF-8', 'XDG_SESSION_TYPE': 'x11', 'GIT_ASKPASS': '/usr/share/trae-cn/resources/app/extensions/git/dist/askpass.sh', 'CLUTTER_DISABLE_MIPMAPPED_TEXT': '1', 'SHLVL': '1', 'LD_LIBRARY_PATH': '/home/c/dev_ws/install/learning_interface/lib:/opt/ros/jazzy/opt/rviz_ogre_vendor/lib:/opt/ros/jazzy/lib/x86_64-linux-gnu:/opt/ros/jazzy/opt/gz_math_vendor/lib:/opt/ros/jazzy/opt/gz_utils_vendor/lib:/opt/ros/jazzy/opt/gz_cmake_vendor/lib:/opt/ros/jazzy/lib', 'HOME': '/home/c', 'CHROME_DESKTOP': 'trae-cn.desktop', 'OLDPWD': '/home/c/Formax_wuren_shixi/ros2_learning-main/ros2_advanced', 'TERM_PROGRAM_VERSION': '1.107.1', 'DESKTOP_SESSION': 'ubuntu', 'GIO_LAUNCHED_DESKTOP_FILE': '/usr/share/applications/trae-cn.desktop', 'TRAE_SANDBOX_CLI_PATH': '/usr/share/trae-cn/resources/app/modules/sandbox/trae-sandbox', 'ROS_PYTHON_VERSION': '3', 'GNOME_SHELL_SESSION_MODE': 'ubuntu', 'GTK_MODULES': 'gail:atk-bridge', 'PAGER': '', 'VSCODE_GIT_ASKPASS_MAIN': '/usr/share/trae-cn/resources/app/extensions/git/dist/askpass-main.js', 'PS1': '\\n(TraeAI-1) \\w [$?] $', 'LC_MONETARY': 'zh_CN.UTF-8', 'VSCODE_GIT_ASKPASS_NODE': '/usr/share/trae-cn/trae-cn', 'MANAGERPID': '3143', 'TRAE_AI_SHELL_ID': '1', 'TRAE_SANDBOX_SOURCE_FLAG_PATH': '/tmp/sandbox-source-flag-0a6887a6-2be2-4d6b-b68f-8cf52f1bf558', 'SYSTEMD_EXEC_PID': '3819', 'VSCODE_PYTHON_AUTOACTIVATE_GUARD': '1', 'GSM_SKIP_SSH_AGENT_WORKAROUND': 'true', 'DBUS_SESSION_BUS_ADDRESS': 'unix:path=/run/user/1000/bus', 'COLORTERM': 'truecolor', 'isArchMatched': '1', 'GIO_LAUNCHED_DESKTOP_FILE_PID': '708962', 'TRAE_JWT_TOKEN_PATH': '/home/c/.trae-cn/trae-jwt-token', 'DEBUGINFOD_URLS': 'https://debuginfod.ubuntu.com', 'TRAE_SANDBOX_STORAGE_PATH': '/home/c/.config/Trae CN/ModularData/ai-agent/sandbox', 'SAFE_RM_AUTO_ADD_TEMP': '1', 'IM_CONFIG_PHASE': '1', 'COLCON_PREFIX_PATH': '/home/c/dev_ws/install', 'ROS_DISTRO': 'jazzy', 'GTK_IM_MODULE': 'fcitx', 'LOGNAME': 'c', 'SAFE_RM_DENIED_PATH': '/home/c/Formax_wuren_shixi/ros2_learning-main/ros2_advanced/.vscode:/home/c/Formax_wuren_shixi/ros2_learning-main/ros2_advanced/.git', 'JOURNAL_STREAM': '9:11240', '_': '/usr/bin/colcon', 'ROS_VERSION': '2', 'MEMORY_PRESSURE_WATCH': '/sys/fs/cgroup/user.slice/user-1000.slice/user@1000.service/session.slice/org.gnome.Shell@x11.service/memory.pressure', 'XDG_SESSION_CLASS': 'user', 'USERNAME': 'c', 'TERM': 'xterm-256color', 'GNOME_DESKTOP_SESSION_ID': 'this-is-deprecated', 'TRAE_SANDBOX_LOG_DIR': '/home/c/.config/Trae CN/logs/20260606T094250/Modular', 'FC_FONTATIONS': '1', 'HISTCONTROL': 'ignorespace', 'WINDOWPATH': '2', 'PATH': '/home/c/.trae-cn/tools/trae-gopls/current:/home/c/.trae-cn/sdks/workspaces/dcd46628/versions/node/current:/home/c/.trae-cn/sdks/versions/node/current:/home/c/.local/bin:/usr/share/trae-cn/resources/app/bin:/home/c/.trae-cn/tools/trae-gopls/current:/home/c/.trae-cn/sdks/workspaces/dcd46628/versions/node/current:/home/c/.trae-cn/sdks/versions/node/current:/home/c/.local/bin:/home/c/.local/bin:/opt/ros/jazzy/bin:/home/c/.local/bin:/usr/local/sbin:/usr/local/bin:/usr/sbin:/usr/bin:/sbin:/bin:/usr/games:/usr/local/games:/snap/bin:/snap/bin:/usr/share/trae-cn/resources/app/node_modules/@vscode/ripgrep/bin', 'SESSION_MANAGER': 'local/c-ASUS-TUF-Gaming-A15-FA507RM-FA507RM:@/tmp/.ICE-unix/3787,unix/c-ASUS-TUF-Gaming-A15-FA507RM-FA507RM:/tmp/.ICE-unix/3787', 'INVOCATION_ID': 'e168422689144addb316d2974d2b5356', 'PAPERSIZE': 'a4', 'XDG_MENU_PREFIX': 'gnome-', 'LC_ADDRESS': 'zh_CN.UTF-8', 'XDG_RUNTIME_DIR': '/run/user/1000', 'GDK_BACKEND': 'x11', 'DISPLAY': ':1', 'FILESYSTEM_CASE_SENSITIVE': 'true', 'LANG': 'zh_CN.UTF-8', 'XDG_CURRENT_DESKTOP': 'ubuntu:GNOME', 'LC_TELEPHONE': 'zh_CN.UTF-8', 'TRAE_SANDBOX_CONFIG_NAME': '6a23e289115435ee9abf8753', 'XMODIFIERS': '@im=fcitx', 'TRAE_SANDBOX_DUMP_DIR': '/home/c/.config/Trae CN/Crashpad/sandbox-pending', 'XDG_SESSION_DESKTOP': 'ubuntu', 'XAUTHORITY': '/run/user/1000/gdm/Xauthority', 'TRAE_BRAND_NAME': 'Trae CN', 'LS_COLORS': 'rs=0:di=01;34:ln=01;36:mh=00:pi=40;33:so=01;35:do=01;35:bd=40;33;01:cd=40;33;01:or=40;31;01:mi=00:su=37;41:sg=30;43:ca=00:tw=30;42:ow=34;42:st=37;44:ex=01;32:*.tar=01;31:*.tgz=01;31:*.arc=01;31:*.arj=01;31:*.taz=01;31:*.lha=01;31:*.lz4=01;31:*.lzh=01;31:*.lzma=01;31:*.tlz=01;31:*.txz=01;31:*.tzo=01;31:*.t7z=01;31:*.zip=01;31:*.z=01;31:*.dz=01;31:*.gz=01;31:*.lrz=01;31:*.lz=01;31:*.lzo=01;31:*.xz=01;31:*.zst=01;31:*.tzst=01;31:*.bz2=01;31:*.bz=01;31:*.tbz=01;31:*.tbz2=01;31:*.tz=01;31:*.deb=01;31:*.rpm=01;31:*.jar=01;31:*.war=01;31:*.ear=01;31:*.sar=01;31:*.rar=01;31:*.alz=01;31:*.ace=01;31:*.zoo=01;31:*.cpio=01;31:*.7z=01;31:*.rz=01;31:*.cab=01;31:*.wim=01;31:*.swm=01;31:*.dwm=01;31:*.esd=01;31:*.avif=01;35:*.jpg=01;35:*.jpeg=01;35:*.mjpg=01;35:*.mjpeg=01;35:*.gif=01;35:*.bmp=01;35:*.pbm=01;35:*.pgm=01;35:*.ppm=01;35:*.tga=01;35:*.xbm=01;35:*.xpm=01;35:*.tif=01;35:*.tiff=01;35:*.png=01;35:*.svg=01;35:*.svgz=01;35:*.mng=01;35:*.pcx=01;35:*.mov=01;35:*.mpg=01;35:*.mpeg=01;35:*.m2v=01;35:*.mkv=01;35:*.webm=01;35:*.webp=01;35:*.ogm=01;35:*.mp4=01;35:*.m4v=01;35:*.mp4v=01;35:*.vob=01;35:*.qt=01;35:*.nuv=01;35:*.wmv=01;35:*.asf=01;35:*.rm=01;35:*.rmvb=01;35:*.flc=01;35:*.avi=01;35:*.fli=01;35:*.flv=01;35:*.gl=01;35:*.dl=01;35:*.xcf=01;35:*.xwd=01;35:*.yuv=01;35:*.cgm=01;35:*.emf=01;35:*.ogv=01;35:*.ogx=01;35:*.aac=00;36:*.au=00;36:*.flac=00;36:*.m4a=00;36:*.mid=00;36:*.midi=00;36:*.mka=00;36:*.mp3=00;36:*.mpc=00;36:*.ogg=00;36:*.ra=00;36:*.wav=00;36:*.oga=00;36:*.opus=00;36:*.spx=00;36:*.xspf=00;36:*~=00;90:*#=00;90:*.bak=00;90:*.crdownload=00;90:*.dpkg-dist=00;90:*.dpkg-new=00;90:*.dpkg-old=00;90:*.dpkg-tmp=00;90:*.old=00;90:*.orig=00;90:*.part=00;90:*.rej=00;90:*.rpmnew=00;90:*.rpmorig=00;90:*.rpmsave=00;90:*.swp=00;90:*.tmp=00;90:*.ucf-dist=00;90:*.ucf-new=00;90:*.ucf-old=00;90:', 'VSCODE_GIT_IPC_HANDLE': '/run/user/1000/vscode-git-c9111690f2.sock', 'TERM_PROGRAM': 'vscode', 'SSH_AUTH_SOCK': '/run/user/1000/keyring/ssh', 'AMENT_PREFIX_PATH': '/home/c/dev_ws/install/learning_urdf:/home/c/dev_ws/install/learning_topic_cpp:/home/c/dev_ws/install/learning_topic:/home/c/dev_ws/install/learning_tf_cpp:/home/c/dev_ws/install/learning_tf:/home/c/dev_ws/install/learning_service_cpp:/home/c/dev_ws/install/learning_service:/home/c/dev_ws/install/learning_qos:/home/c/dev_ws/install/learning_pkg_python:/home/c/dev_ws/install/learning_pkg_c:/home/c/dev_ws/install/learning_parameter_cpp:/home/c/dev_ws/install/learning_parameter:/home/c/dev_ws/install/learning_node_cpp:/home/c/dev_ws/install/learning_node:/home/c/dev_ws/install/learning_launch:/home/c/dev_ws/install/learning_action_cpp:/home/c/dev_ws/install/learning_action:/home/c/dev_ws/install/learning_interface:/home/c/dev_ws/install/learning_gazebo_harmonic:/home/c/dev_ws/install/learning_gazebo:/home/c/dev_ws/install/learning_cv:/opt/ros/jazzy', 'SHELL': '/bin/bash', 'LC_NAME': 'zh_CN.UTF-8', '__trae_PS1': '\\n(TraeAI-1) \\w [$?] $', 'QT_ACCESSIBILITY': '1', 'GDMSESSION': 'ubuntu', 'LESSCLOSE': '/usr/bin/lesspipe %s %s', 'LC_MEASUREMENT': 'zh_CN.UTF-8', 'TRAE_SANDBOX_TRACE_FILE': '/tmp/trae_sandbox_trace_51187655-1088-48ac-bc07-0b0c447a4305.jsonl', 'GPG_AGENT_INFO': '/run/user/1000/gnupg/S.gpg-agent:0:1', 'GJS_DEBUG_OUTPUT': 'stderr', 'LC_IDENTIFICATION': 'zh_CN.UTF-8', 'ROS_AUTOMATIC_DISCOVERY_RANGE': 'SUBNET', 'VSCODE_GIT_ASKPASS_EXTRA_ARGS': '', 'GIT_PAGER': '', 'QT_IM_MODULE': 'fcitx', 'PWD': '/home/c/Formax_wuren_shixi/ros2_learning-main/ros2_advanced/ros2_homework_advanced_ws/build/fsd_common_msgs', 'LC_ALL': 'en_US.UTF-8', 'SAFE_RM_ALLOWED_PATH': '/home/c/Formax_wuren_shixi/ros2_learning-main/ros2_advanced:/home/c/.config/Trae CN/ModularData/ai-agent/hooks_env:/tmp:/home/c/.cache:/home/c/.local/lib:/home/c/.local/bin:/home/c/.local/share:/home/c/.dotnet:/home/c/.bash_history', 'XDG_CONFIG_DIRS': '/etc/xdg/xdg-ubuntu:/etc/xdg', 'TERM_PRODUCT': 'Trae', 'XDG_DATA_DIRS': '/usr/share/ubuntu:/usr/share/gnome:/usr/local/share/:/usr/share/:/var/lib/snapd/desktop', 'PYTHONPATH': '/home/c/dev_ws/install/learning_urdf/lib/python3.12/site-packages:/home/c/dev_ws/install/learning_topic/lib/python3.12/site-packages:/home/c/dev_ws/install/learning_tf/lib/python3.12/site-packages:/home/c/dev_ws/install/learning_service/lib/python3.12/site-packages:/home/c/dev_ws/install/learning_qos/lib/python3.12/site-packages:/home/c/dev_ws/install/learning_pkg_python/lib/python3.12/site-packages:/home/c/dev_ws/install/learning_parameter/lib/python3.12/site-packages:/home/c/dev_ws/install/learning_node/lib/python3.12/site-packages:/home/c/dev_ws/install/learning_launch/lib/python3.12/site-packages:/home/c/dev_ws/install/learning_action/lib/python3.12/site-packages:/home/c/dev_ws/install/learning_interface/lib/python3.12/site-packages:/home/c/dev_ws/install/learning_gazebo_harmonic/lib/python3.12/site-packages:/home/c/dev_ws/install/learning_gazebo/lib/python3.12/site-packages:/home/c/dev_ws/install/learning_cv/lib/python3.12/site-packages:/opt/ros/jazzy/lib/python3.12/site-packages', 'SAFE_RM_PROTECTION_FLAG': '/tmp/safe-rm-protection-flag-1ffffe5c-0e15-4421-921a-d6dfed060d53', 'LC_NUMERIC': 'zh_CN.UTF-8', 'LC_PAPER': 'zh_CN.UTF-8', 'COLCON': '1', 'MEMORY_PRESSURE_WRITE': 'c29tZSAyMDAwMDAgMjAwMDAwMAA=', 'SAFE_RM_SOURCE_FLAG': '/tmp/safe-rm-source-flag-c6deb38c-1280-4ac4-857d-76e4a0f31932', 'CMAKE_PREFIX_PATH': '/home/c/dev_ws/install/learning_topic_cpp:/home/c/dev_ws/install/learning_tf_cpp:/home/c/dev_ws/install/learning_service_cpp:/home/c/dev_ws/install/learning_pkg_c:/home/c/dev_ws/install/learning_parameter_cpp:/home/c/dev_ws/install/learning_node_cpp:/home/c/dev_ws/install/learning_action_cpp:/home/c/dev_ws/install/learning_interface:/opt/ros/jazzy/opt/gz_math_vendor:/opt/ros/jazzy/opt/gz_utils_vendor:/opt/ros/jazzy/opt/gz_cmake_vendor:/home/c/dev_ws/install/learning_urdf:/home/c/dev_ws/install/learning_topic:/home/c/dev_ws/install/learning_tf:/home/c/dev_ws/install/learning_service:/home/c/dev_ws/install/learning_qos:/home/c/dev_ws/install/learning_pkg_python:/home/c/dev_ws/install/learning_parameter:/home/c/dev_ws/install/learning_node:/home/c/dev_ws/install/learning_launch:/home/c/dev_ws/install/learning_action:/home/c/dev_ws/install/learning_gazebo_harmonic:/home/c/dev_ws/install/learning_gazebo:/home/c/dev_ws/install/learning_cv:/opt/ros/jazzy'}), 'shell': False}
[0.077231] (fsd_common_msgs) StdoutLine: {'line': b'-- The C compiler identification is GNU 13.3.0\n'}
[0.099840] (-) TimerEvent: {}
[0.138036] (fsd_common_msgs) StdoutLine: {'line': b'-- The CXX compiler identification is GNU 13.3.0\n'}
[0.157324] (fsd_common_msgs) StdoutLine: {'line': b'-- Detecting C compiler ABI info\n'}
[0.199944] (-) TimerEvent: {}
[0.251496] (fsd_common_msgs) StdoutLine: {'line': b'-- Detecting C compiler ABI info - done\n'}
[0.259080] (fsd_common_msgs) StdoutLine: {'line': b'-- Check for working C compiler: /usr/bin/cc - skipped\n'}
[0.259697] (fsd_common_msgs) StdoutLine: {'line': b'-- Detecting C compile features\n'}
[0.260232] (fsd_common_msgs) StdoutLine: {'line': b'-- Detecting C compile features - done\n'}
[0.271468] (fsd_common_msgs) StdoutLine: {'line': b'-- Detecting CXX compiler ABI info\n'}
[0.300046] (-) TimerEvent: {}
[0.383149] (fsd_common_msgs) StdoutLine: {'line': b'-- Detecting CXX compiler ABI info - done\n'}
[0.392606] (fsd_common_msgs) StdoutLine: {'line': b'-- Check for working CXX compiler: /usr/bin/c++ - skipped\n'}
[0.393047] (fsd_common_msgs) StdoutLine: {'line': b'-- Detecting CXX compile features\n'}
[0.393528] (fsd_common_msgs) StdoutLine: {'line': b'-- Detecting CXX compile features - done\n'}
[0.399138] (fsd_common_msgs) StdoutLine: {'line': b'-- Found ament_cmake: 2.5.6 (/opt/ros/jazzy/share/ament_cmake/cmake)\n'}
[0.400102] (-) TimerEvent: {}
[0.500306] (-) TimerEvent: {}
[0.600592] (-) TimerEvent: {}
[0.601920] (fsd_common_msgs) StdoutLine: {'line': b'-- Found Python3: /usr/bin/python3 (found version "3.12.3") found components: Interpreter \n'}
[0.700696] (-) TimerEvent: {}
[0.762146] (fsd_common_msgs) StdoutLine: {'line': b'-- Found rosidl_default_generators: 1.6.0 (/opt/ros/jazzy/share/rosidl_default_generators/cmake)\n'}
[0.773618] (fsd_common_msgs) StdoutLine: {'line': b'-- Using all available rosidl_typesupport_c: rosidl_typesupport_fastrtps_c;rosidl_typesupport_introspection_c\n'}
[0.800799] (-) TimerEvent: {}
[0.853996] (fsd_common_msgs) StdoutLine: {'line': b'-- Using all available rosidl_typesupport_cpp: rosidl_typesupport_fastrtps_cpp;rosidl_typesupport_introspection_cpp\n'}
[0.900902] (-) TimerEvent: {}
[0.929670] (fsd_common_msgs) StdoutLine: {'line': b'-- Found rosidl_adapter: 4.6.7 (/opt/ros/jazzy/share/rosidl_adapter/cmake)\n'}
[0.938677] (fsd_common_msgs) StdoutLine: {'line': b'-- Found std_msgs: 5.3.7 (/opt/ros/jazzy/share/std_msgs/cmake)\n'}
[0.992291] (fsd_common_msgs) StdoutLine: {'line': b'-- Found geometry_msgs: 5.3.7 (/opt/ros/jazzy/share/geometry_msgs/cmake)\n'}
[1.001008] (-) TimerEvent: {}
[1.016231] (fsd_common_msgs) StdoutLine: {'line': b'-- Found can_msgs: 2.0.0 (/opt/ros/jazzy/share/can_msgs/cmake)\n'}
[1.040944] (fsd_common_msgs) StdoutLine: {'line': b'-- Found nav_msgs: 5.3.7 (/opt/ros/jazzy/share/nav_msgs/cmake)\n'}
[1.101106] (-) TimerEvent: {}
[1.201322] (-) TimerEvent: {}
[1.301615] (-) TimerEvent: {}
[1.401844] (-) TimerEvent: {}
[1.502088] (-) TimerEvent: {}
[1.602391] (-) TimerEvent: {}
[1.702666] (-) TimerEvent: {}
[1.802990] (-) TimerEvent: {}
[1.903272] (-) TimerEvent: {}
[1.911165] (fsd_common_msgs) StdoutLine: {'line': b'-- Found ament_cmake_ros: 0.12.0 (/opt/ros/jazzy/share/ament_cmake_ros/cmake)\n'}
[2.003294] (-) TimerEvent: {}
[2.103599] (-) TimerEvent: {}
[2.204020] (-) TimerEvent: {}
[2.304308] (-) TimerEvent: {}
[2.404696] (-) TimerEvent: {}
[2.484148] (fsd_common_msgs) StdoutLine: {'line': b'-- Using all available rosidl_typesupport_c: rosidl_typesupport_fastrtps_c;rosidl_typesupport_introspection_c\n'}
[2.504890] (-) TimerEvent: {}
[2.605206] (-) TimerEvent: {}
[2.705467] (-) TimerEvent: {}
[2.805780] (-) TimerEvent: {}
[2.906023] (-) TimerEvent: {}
[3.006313] (-) TimerEvent: {}
[3.106558] (-) TimerEvent: {}
[3.206797] (-) TimerEvent: {}
[3.240332] (fsd_common_msgs) StdoutLine: {'line': b'-- Using all available rosidl_typesupport_cpp: rosidl_typesupport_fastrtps_cpp;rosidl_typesupport_introspection_cpp\n'}
[3.252324] (fsd_common_msgs) StdoutLine: {'line': b'-- Found python_cmake_module: 0.11.1 (/opt/ros/jazzy/share/python_cmake_module/cmake)\n'}
[3.306905] (-) TimerEvent: {}
[3.399819] (fsd_common_msgs) StdoutLine: {'line': b'-- Found PythonExtra: /usr/bin/python3  \n'}
[3.407000] (-) TimerEvent: {}
[3.507272] (-) TimerEvent: {}
[3.607565] (-) TimerEvent: {}
[3.707864] (-) TimerEvent: {}
[3.808127] (-) TimerEvent: {}
[3.908460] (-) TimerEvent: {}
[3.929478] (fsd_common_msgs) StdoutLine: {'line': b'-- Found Python3: /usr/bin/python3 (found version "3.12.3") found components: Interpreter Development NumPy Development.Module Development.Embed \n'}
[4.008573] (-) TimerEvent: {}
[4.082543] (fsd_common_msgs) StdoutLine: {'line': b'-- Found Python3: /usr/bin/python3 (found version "3.12.3") found components: Interpreter \n'}
[4.101600] (fsd_common_msgs) StdoutLine: {'line': b'-- Configuring done (4.1s)\n'}
[4.108664] (-) TimerEvent: {}
[4.207775] (fsd_common_msgs) StdoutLine: {'line': b'-- Generating done (0.1s)\n'}
[4.208723] (-) TimerEvent: {}
[4.223907] (fsd_common_msgs) StdoutLine: {'line': b'-- Build files have been written to: /home/c/Formax_wuren_shixi/ros2_learning-main/ros2_advanced/ros2_homework_advanced_ws/build/fsd_common_msgs\n'}
[4.243537] (fsd_common_msgs) CommandEnded: {'returncode': 0}
[4.244377] (fsd_common_msgs) JobProgress: {'identifier': 'fsd_common_msgs', 'progress': 'build'}
[4.244957] (fsd_common_msgs) Command: {'cmd': ['/usr/bin/cmake', '--build', '/home/c/Formax_wuren_shixi/ros2_learning-main/ros2_advanced/ros2_homework_advanced_ws/build/fsd_common_msgs', '--', '-j16', '-l16'], 'cwd': '/home/c/Formax_wuren_shixi/ros2_learning-main/ros2_advanced/ros2_homework_advanced_ws/build/fsd_common_msgs', 'env': OrderedDict({'GJS_DEBUG_TOPICS': 'JS ERROR;JS LOG', 'LESSOPEN': '| /usr/bin/lesspipe %s', 'AI_AGENT': 'TRAE', 'LANGUAGE': 'zh_CN:en', 'USER': 'c', 'LC_TIME': 'zh_CN.UTF-8', 'XDG_SESSION_TYPE': 'x11', 'GIT_ASKPASS': '/usr/share/trae-cn/resources/app/extensions/git/dist/askpass.sh', 'CLUTTER_DISABLE_MIPMAPPED_TEXT': '1', 'SHLVL': '1', 'LD_LIBRARY_PATH': '/home/c/dev_ws/install/learning_interface/lib:/opt/ros/jazzy/opt/rviz_ogre_vendor/lib:/opt/ros/jazzy/lib/x86_64-linux-gnu:/opt/ros/jazzy/opt/gz_math_vendor/lib:/opt/ros/jazzy/opt/gz_utils_vendor/lib:/opt/ros/jazzy/opt/gz_cmake_vendor/lib:/opt/ros/jazzy/lib', 'HOME': '/home/c', 'CHROME_DESKTOP': 'trae-cn.desktop', 'OLDPWD': '/home/c/Formax_wuren_shixi/ros2_learning-main/ros2_advanced', 'TERM_PROGRAM_VERSION': '1.107.1', 'DESKTOP_SESSION': 'ubuntu', 'GIO_LAUNCHED_DESKTOP_FILE': '/usr/share/applications/trae-cn.desktop', 'TRAE_SANDBOX_CLI_PATH': '/usr/share/trae-cn/resources/app/modules/sandbox/trae-sandbox', 'ROS_PYTHON_VERSION': '3', 'GNOME_SHELL_SESSION_MODE': 'ubuntu', 'GTK_MODULES': 'gail:atk-bridge', 'PAGER': '', 'VSCODE_GIT_ASKPASS_MAIN': '/usr/share/trae-cn/resources/app/extensions/git/dist/askpass-main.js', 'PS1': '\\n(TraeAI-1) \\w [$?] $', 'LC_MONETARY': 'zh_CN.UTF-8', 'VSCODE_GIT_ASKPASS_NODE': '/usr/share/trae-cn/trae-cn', 'MANAGERPID': '3143', 'TRAE_AI_SHELL_ID': '1', 'TRAE_SANDBOX_SOURCE_FLAG_PATH': '/tmp/sandbox-source-flag-0a6887a6-2be2-4d6b-b68f-8cf52f1bf558', 'SYSTEMD_EXEC_PID': '3819', 'VSCODE_PYTHON_AUTOACTIVATE_GUARD': '1', 'GSM_SKIP_SSH_AGENT_WORKAROUND': 'true', 'DBUS_SESSION_BUS_ADDRESS': 'unix:path=/run/user/1000/bus', 'COLORTERM': 'truecolor', 'isArchMatched': '1', 'GIO_LAUNCHED_DESKTOP_FILE_PID': '708962', 'TRAE_JWT_TOKEN_PATH': '/home/c/.trae-cn/trae-jwt-token', 'DEBUGINFOD_URLS': 'https://debuginfod.ubuntu.com', 'TRAE_SANDBOX_STORAGE_PATH': '/home/c/.config/Trae CN/ModularData/ai-agent/sandbox', 'SAFE_RM_AUTO_ADD_TEMP': '1', 'IM_CONFIG_PHASE': '1', 'COLCON_PREFIX_PATH': '/home/c/dev_ws/install', 'ROS_DISTRO': 'jazzy', 'GTK_IM_MODULE': 'fcitx', 'LOGNAME': 'c', 'SAFE_RM_DENIED_PATH': '/home/c/Formax_wuren_shixi/ros2_learning-main/ros2_advanced/.vscode:/home/c/Formax_wuren_shixi/ros2_learning-main/ros2_advanced/.git', 'JOURNAL_STREAM': '9:11240', '_': '/usr/bin/colcon', 'ROS_VERSION': '2', 'MEMORY_PRESSURE_WATCH': '/sys/fs/cgroup/user.slice/user-1000.slice/user@1000.service/session.slice/org.gnome.Shell@x11.service/memory.pressure', 'XDG_SESSION_CLASS': 'user', 'USERNAME': 'c', 'TERM': 'xterm-256color', 'GNOME_DESKTOP_SESSION_ID': 'this-is-deprecated', 'TRAE_SANDBOX_LOG_DIR': '/home/c/.config/Trae CN/logs/20260606T094250/Modular', 'FC_FONTATIONS': '1', 'HISTCONTROL': 'ignorespace', 'WINDOWPATH': '2', 'PATH': '/home/c/.trae-cn/tools/trae-gopls/current:/home/c/.trae-cn/sdks/workspaces/dcd46628/versions/node/current:/home/c/.trae-cn/sdks/versions/node/current:/home/c/.local/bin:/usr/share/trae-cn/resources/app/bin:/home/c/.trae-cn/tools/trae-gopls/current:/home/c/.trae-cn/sdks/workspaces/dcd46628/versions/node/current:/home/c/.trae-cn/sdks/versions/node/current:/home/c/.local/bin:/home/c/.local/bin:/opt/ros/jazzy/bin:/home/c/.local/bin:/usr/local/sbin:/usr/local/bin:/usr/sbin:/usr/bin:/sbin:/bin:/usr/games:/usr/local/games:/snap/bin:/snap/bin:/usr/share/trae-cn/resources/app/node_modules/@vscode/ripgrep/bin', 'SESSION_MANAGER': 'local/c-ASUS-TUF-Gaming-A15-FA507RM-FA507RM:@/tmp/.ICE-unix/3787,unix/c-ASUS-TUF-Gaming-A15-FA507RM-FA507RM:/tmp/.ICE-unix/3787', 'INVOCATION_ID': 'e168422689144addb316d2974d2b5356', 'PAPERSIZE': 'a4', 'XDG_MENU_PREFIX': 'gnome-', 'LC_ADDRESS': 'zh_CN.UTF-8', 'XDG_RUNTIME_DIR': '/run/user/1000', 'GDK_BACKEND': 'x11', 'DISPLAY': ':1', 'FILESYSTEM_CASE_SENSITIVE': 'true', 'LANG': 'zh_CN.UTF-8', 'XDG_CURRENT_DESKTOP': 'ubuntu:GNOME', 'LC_TELEPHONE': 'zh_CN.UTF-8', 'TRAE_SANDBOX_CONFIG_NAME': '6a23e289115435ee9abf8753', 'XMODIFIERS': '@im=fcitx', 'TRAE_SANDBOX_DUMP_DIR': '/home/c/.config/Trae CN/Crashpad/sandbox-pending', 'XDG_SESSION_DESKTOP': 'ubuntu', 'XAUTHORITY': '/run/user/1000/gdm/Xauthority', 'TRAE_BRAND_NAME': 'Trae CN', 'LS_COLORS': 'rs=0:di=01;34:ln=01;36:mh=00:pi=40;33:so=01;35:do=01;35:bd=40;33;01:cd=40;33;01:or=40;31;01:mi=00:su=37;41:sg=30;43:ca=00:tw=30;42:ow=34;42:st=37;44:ex=01;32:*.tar=01;31:*.tgz=01;31:*.arc=01;31:*.arj=01;31:*.taz=01;31:*.lha=01;31:*.lz4=01;31:*.lzh=01;31:*.lzma=01;31:*.tlz=01;31:*.txz=01;31:*.tzo=01;31:*.t7z=01;31:*.zip=01;31:*.z=01;31:*.dz=01;31:*.gz=01;31:*.lrz=01;31:*.lz=01;31:*.lzo=01;31:*.xz=01;31:*.zst=01;31:*.tzst=01;31:*.bz2=01;31:*.bz=01;31:*.tbz=01;31:*.tbz2=01;31:*.tz=01;31:*.deb=01;31:*.rpm=01;31:*.jar=01;31:*.war=01;31:*.ear=01;31:*.sar=01;31:*.rar=01;31:*.alz=01;31:*.ace=01;31:*.zoo=01;31:*.cpio=01;31:*.7z=01;31:*.rz=01;31:*.cab=01;31:*.wim=01;31:*.swm=01;31:*.dwm=01;31:*.esd=01;31:*.avif=01;35:*.jpg=01;35:*.jpeg=01;35:*.mjpg=01;35:*.mjpeg=01;35:*.gif=01;35:*.bmp=01;35:*.pbm=01;35:*.pgm=01;35:*.ppm=01;35:*.tga=01;35:*.xbm=01;35:*.xpm=01;35:*.tif=01;35:*.tiff=01;35:*.png=01;35:*.svg=01;35:*.svgz=01;35:*.mng=01;35:*.pcx=01;35:*.mov=01;35:*.mpg=01;35:*.mpeg=01;35:*.m2v=01;35:*.mkv=01;35:*.webm=01;35:*.webp=01;35:*.ogm=01;35:*.mp4=01;35:*.m4v=01;35:*.mp4v=01;35:*.vob=01;35:*.qt=01;35:*.nuv=01;35:*.wmv=01;35:*.asf=01;35:*.rm=01;35:*.rmvb=01;35:*.flc=01;35:*.avi=01;35:*.fli=01;35:*.flv=01;35:*.gl=01;35:*.dl=01;35:*.xcf=01;35:*.xwd=01;35:*.yuv=01;35:*.cgm=01;35:*.emf=01;35:*.ogv=01;35:*.ogx=01;35:*.aac=00;36:*.au=00;36:*.flac=00;36:*.m4a=00;36:*.mid=00;36:*.midi=00;36:*.mka=00;36:*.mp3=00;36:*.mpc=00;36:*.ogg=00;36:*.ra=00;36:*.wav=00;36:*.oga=00;36:*.opus=00;36:*.spx=00;36:*.xspf=00;36:*~=00;90:*#=00;90:*.bak=00;90:*.crdownload=00;90:*.dpkg-dist=00;90:*.dpkg-new=00;90:*.dpkg-old=00;90:*.dpkg-tmp=00;90:*.old=00;90:*.orig=00;90:*.part=00;90:*.rej=00;90:*.rpmnew=00;90:*.rpmorig=00;90:*.rpmsave=00;90:*.swp=00;90:*.tmp=00;90:*.ucf-dist=00;90:*.ucf-new=00;90:*.ucf-old=00;90:', 'VSCODE_GIT_IPC_HANDLE': '/run/user/1000/vscode-git-c9111690f2.sock', 'TERM_PROGRAM': 'vscode', 'SSH_AUTH_SOCK': '/run/user/1000/keyring/ssh', 'AMENT_PREFIX_PATH': '/home/c/dev_ws/install/learning_urdf:/home/c/dev_ws/install/learning_topic_cpp:/home/c/dev_ws/install/learning_topic:/home/c/dev_ws/install/learning_tf_cpp:/home/c/dev_ws/install/learning_tf:/home/c/dev_ws/install/learning_service_cpp:/home/c/dev_ws/install/learning_service:/home/c/dev_ws/install/learning_qos:/home/c/dev_ws/install/learning_pkg_python:/home/c/dev_ws/install/learning_pkg_c:/home/c/dev_ws/install/learning_parameter_cpp:/home/c/dev_ws/install/learning_parameter:/home/c/dev_ws/install/learning_node_cpp:/home/c/dev_ws/install/learning_node:/home/c/dev_ws/install/learning_launch:/home/c/dev_ws/install/learning_action_cpp:/home/c/dev_ws/install/learning_action:/home/c/dev_ws/install/learning_interface:/home/c/dev_ws/install/learning_gazebo_harmonic:/home/c/dev_ws/install/learning_gazebo:/home/c/dev_ws/install/learning_cv:/opt/ros/jazzy', 'SHELL': '/bin/bash', 'LC_NAME': 'zh_CN.UTF-8', '__trae_PS1': '\\n(TraeAI-1) \\w [$?] $', 'QT_ACCESSIBILITY': '1', 'GDMSESSION': 'ubuntu', 'LESSCLOSE': '/usr/bin/lesspipe %s %s', 'LC_MEASUREMENT': 'zh_CN.UTF-8', 'TRAE_SANDBOX_TRACE_FILE': '/tmp/trae_sandbox_trace_51187655-1088-48ac-bc07-0b0c447a4305.jsonl', 'GPG_AGENT_INFO': '/run/user/1000/gnupg/S.gpg-agent:0:1', 'GJS_DEBUG_OUTPUT': 'stderr', 'LC_IDENTIFICATION': 'zh_CN.UTF-8', 'ROS_AUTOMATIC_DISCOVERY_RANGE': 'SUBNET', 'VSCODE_GIT_ASKPASS_EXTRA_ARGS': '', 'GIT_PAGER': '', 'QT_IM_MODULE': 'fcitx', 'PWD': '/home/c/Formax_wuren_shixi/ros2_learning-main/ros2_advanced/ros2_homework_advanced_ws/build/fsd_common_msgs', 'LC_ALL': 'en_US.UTF-8', 'SAFE_RM_ALLOWED_PATH': '/home/c/Formax_wuren_shixi/ros2_learning-main/ros2_advanced:/home/c/.config/Trae CN/ModularData/ai-agent/hooks_env:/tmp:/home/c/.cache:/home/c/.local/lib:/home/c/.local/bin:/home/c/.local/share:/home/c/.dotnet:/home/c/.bash_history', 'XDG_CONFIG_DIRS': '/etc/xdg/xdg-ubuntu:/etc/xdg', 'TERM_PRODUCT': 'Trae', 'XDG_DATA_DIRS': '/usr/share/ubuntu:/usr/share/gnome:/usr/local/share/:/usr/share/:/var/lib/snapd/desktop', 'PYTHONPATH': '/home/c/dev_ws/install/learning_urdf/lib/python3.12/site-packages:/home/c/dev_ws/install/learning_topic/lib/python3.12/site-packages:/home/c/dev_ws/install/learning_tf/lib/python3.12/site-packages:/home/c/dev_ws/install/learning_service/lib/python3.12/site-packages:/home/c/dev_ws/install/learning_qos/lib/python3.12/site-packages:/home/c/dev_ws/install/learning_pkg_python/lib/python3.12/site-packages:/home/c/dev_ws/install/learning_parameter/lib/python3.12/site-packages:/home/c/dev_ws/install/learning_node/lib/python3.12/site-packages:/home/c/dev_ws/install/learning_launch/lib/python3.12/site-packages:/home/c/dev_ws/install/learning_action/lib/python3.12/site-packages:/home/c/dev_ws/install/learning_interface/lib/python3.12/site-packages:/home/c/dev_ws/install/learning_gazebo_harmonic/lib/python3.12/site-packages:/home/c/dev_ws/install/learning_gazebo/lib/python3.12/site-packages:/home/c/dev_ws/install/learning_cv/lib/python3.12/site-packages:/opt/ros/jazzy/lib/python3.12/site-packages', 'SAFE_RM_PROTECTION_FLAG': '/tmp/safe-rm-protection-flag-1ffffe5c-0e15-4421-921a-d6dfed060d53', 'LC_NUMERIC': 'zh_CN.UTF-8', 'LC_PAPER': 'zh_CN.UTF-8', 'COLCON': '1', 'MEMORY_PRESSURE_WRITE': 'c29tZSAyMDAwMDAgMjAwMDAwMAA=', 'SAFE_RM_SOURCE_FLAG': '/tmp/safe-rm-source-flag-c6deb38c-1280-4ac4-857d-76e4a0f31932', 'CMAKE_PREFIX_PATH': '/home/c/dev_ws/install/learning_topic_cpp:/home/c/dev_ws/install/learning_tf_cpp:/home/c/dev_ws/install/learning_service_cpp:/home/c/dev_ws/install/learning_pkg_c:/home/c/dev_ws/install/learning_parameter_cpp:/home/c/dev_ws/install/learning_node_cpp:/home/c/dev_ws/install/learning_action_cpp:/home/c/dev_ws/install/learning_interface:/opt/ros/jazzy/opt/gz_math_vendor:/opt/ros/jazzy/opt/gz_utils_vendor:/opt/ros/jazzy/opt/gz_cmake_vendor:/home/c/dev_ws/install/learning_urdf:/home/c/dev_ws/install/learning_topic:/home/c/dev_ws/install/learning_tf:/home/c/dev_ws/install/learning_service:/home/c/dev_ws/install/learning_qos:/home/c/dev_ws/install/learning_pkg_python:/home/c/dev_ws/install/learning_parameter:/home/c/dev_ws/install/learning_node:/home/c/dev_ws/install/learning_launch:/home/c/dev_ws/install/learning_action:/home/c/dev_ws/install/learning_gazebo_harmonic:/home/c/dev_ws/install/learning_gazebo:/home/c/dev_ws/install/learning_cv:/opt/ros/jazzy'}), 'shell': False}
[4.308823] (-) TimerEvent: {}
[4.315810] (fsd_common_msgs) StdoutLine: {'line': b'[  1%] \x1b[34m\x1b[1mGenerating type hashes for ROS interfaces\x1b[0m\n'}
[4.316037] (fsd_common_msgs) StdoutLine: {'line': b'[  1%] \x1b[34m\x1b[1mGenerating Rust code for ROS interfaces\x1b[0m\n'}
[4.326043] (fsd_common_msgs) StdoutLine: {'line': b'[  1%] Built target ament_cmake_python_copy_fsd_common_msgs\n'}
[4.408917] (-) TimerEvent: {}
[4.509151] (-) TimerEvent: {}
[4.576947] (fsd_common_msgs) StdoutLine: {'line': b'running egg_info\n'}
[4.577891] (fsd_common_msgs) StdoutLine: {'line': b'creating fsd_common_msgs.egg-info\n'}
[4.599846] (fsd_common_msgs) StdoutLine: {'line': b'writing fsd_common_msgs.egg-info/PKG-INFO\n'}
[4.600057] (fsd_common_msgs) StdoutLine: {'line': b'writing dependency_links to fsd_common_msgs.egg-info/dependency_links.txt\n'}
[4.600238] (fsd_common_msgs) StdoutLine: {'line': b'writing top-level names to fsd_common_msgs.egg-info/top_level.txt\n'}
[4.600384] (fsd_common_msgs) StdoutLine: {'line': b"writing manifest file 'fsd_common_msgs.egg-info/SOURCES.txt'\n"}
[4.609233] (-) TimerEvent: {}
[4.671401] (fsd_common_msgs) StdoutLine: {'line': b"reading manifest file 'fsd_common_msgs.egg-info/SOURCES.txt'\n"}
[4.672070] (fsd_common_msgs) StdoutLine: {'line': b"writing manifest file 'fsd_common_msgs.egg-info/SOURCES.txt'\n"}
[4.709331] (-) TimerEvent: {}
[4.714714] (fsd_common_msgs) StdoutLine: {'line': b'[  1%] Built target ament_cmake_python_build_fsd_common_msgs_egg\n'}
[4.809433] (-) TimerEvent: {}
[4.909708] (-) TimerEvent: {}
[5.010025] (-) TimerEvent: {}
[5.110306] (-) TimerEvent: {}
[5.210710] (-) TimerEvent: {}
[5.311049] (-) TimerEvent: {}
[5.411295] (-) TimerEvent: {}
[5.494571] (fsd_common_msgs) StdoutLine: {'line': b'[  1%] Built target fsd_common_msgs__rosidl_generator_type_description\n'}
[5.509105] (fsd_common_msgs) StdoutLine: {'line': b'[  1%] \x1b[34m\x1b[1mGenerating C code for ROS interfaces\x1b[0m\n'}
[5.511373] (-) TimerEvent: {}
[5.522651] (fsd_common_msgs) StdoutLine: {'line': b'[  1%] \x1b[34m\x1b[1mGenerating C++ code for ROS interfaces\x1b[0m\n'}
[5.593584] (fsd_common_msgs) StdoutLine: {'line': b'[  1%] Built target fsd_common_msgs__rs\n'}
[5.611472] (-) TimerEvent: {}
[5.711736] (-) TimerEvent: {}
[5.812010] (-) TimerEvent: {}
[5.912277] (-) TimerEvent: {}
[6.012539] (-) TimerEvent: {}
[6.112794] (-) TimerEvent: {}
[6.213073] (-) TimerEvent: {}
[6.313446] (-) TimerEvent: {}
[6.413692] (-) TimerEvent: {}
[6.513933] (-) TimerEvent: {}
[6.614276] (-) TimerEvent: {}
[6.714576] (-) TimerEvent: {}
[6.814830] (-) TimerEvent: {}
[6.915078] (-) TimerEvent: {}
[7.015557] (-) TimerEvent: {}
[7.115875] (-) TimerEvent: {}
[7.216327] (-) TimerEvent: {}
[7.316722] (-) TimerEvent: {}
[7.417199] (-) TimerEvent: {}
[7.517596] (-) TimerEvent: {}
[7.554677] (fsd_common_msgs) StdoutLine: {'line': b'[  1%] Built target fsd_common_msgs__cpp\n'}
[7.617681] (-) TimerEvent: {}
[7.717936] (-) TimerEvent: {}
[7.819181] (-) TimerEvent: {}
[7.919516] (-) TimerEvent: {}
[7.999356] (fsd_common_msgs) StdoutLine: {'line': b'[  3%] \x1b[32mBuilding C object CMakeFiles/fsd_common_msgs__rosidl_generator_c.dir/rosidl_generator_c/fsd_common_msgs/msg/detail/car_state_dt__functions.c.o\x1b[0m\n'}
[7.999716] (fsd_common_msgs) StdoutLine: {'line': b'[  3%] \x1b[32mBuilding C object CMakeFiles/fsd_common_msgs__rosidl_generator_c.dir/rosidl_generator_c/fsd_common_msgs/msg/detail/can_frames__functions.c.o\x1b[0m\n'}
[7.999821] (fsd_common_msgs) StdoutLine: {'line': b'[  3%] \x1b[32mBuilding C object CMakeFiles/fsd_common_msgs__rosidl_generator_c.dir/rosidl_generator_c/fsd_common_msgs/msg/detail/asensing_message__type_support.c.o\x1b[0m\n'}
[8.001388] (fsd_common_msgs) StdoutLine: {'line': b'[  3%] \x1b[32mBuilding C object CMakeFiles/fsd_common_msgs__rosidl_generator_c.dir/rosidl_generator_c/fsd_common_msgs/msg/detail/car_state__functions.c.o\x1b[0m\n'}
[8.001491] (fsd_common_msgs) StdoutLine: {'line': b'[  3%] \x1b[32mBuilding C object CMakeFiles/fsd_common_msgs__rosidl_generator_c.dir/rosidl_generator_c/fsd_common_msgs/msg/detail/asensing_message__functions.c.o\x1b[0m\n'}
[8.001588] (fsd_common_msgs) StdoutLine: {'line': b'[  3%] \x1b[32mBuilding C object CMakeFiles/fsd_common_msgs__rosidl_generator_c.dir/rosidl_generator_c/fsd_common_msgs/msg/detail/as_state__description.c.o\x1b[0m\n'}
[8.001687] (fsd_common_msgs) StdoutLine: {'line': b'[  3%] \x1b[32mBuilding C object CMakeFiles/fsd_common_msgs__rosidl_generator_c.dir/rosidl_generator_c/fsd_common_msgs/msg/detail/car_state__type_support.c.o\x1b[0m\n'}
[8.001833] (fsd_common_msgs) StdoutLine: {'line': b'[  3%] \x1b[32mBuilding C object CMakeFiles/fsd_common_msgs__rosidl_generator_c.dir/rosidl_generator_c/fsd_common_msgs/msg/detail/car_state__description.c.o\x1b[0m\n'}
[8.001979] (fsd_common_msgs) StdoutLine: {'line': b'[  4%] \x1b[32mBuilding C object CMakeFiles/fsd_common_msgs__rosidl_generator_c.dir/rosidl_generator_c/fsd_common_msgs/msg/detail/cone__description.c.o\x1b[0m\n'}
[8.002078] (fsd_common_msgs) StdoutLine: {'line': b'[  4%] \x1b[32mBuilding C object CMakeFiles/fsd_common_msgs__rosidl_generator_c.dir/rosidl_generator_c/fsd_common_msgs/msg/detail/as_state__type_support.c.o\x1b[0m\n'}
[8.002189] (fsd_common_msgs) StdoutLine: {'line': b'[  4%] \x1b[32mBuilding C object CMakeFiles/fsd_common_msgs__rosidl_generator_c.dir/rosidl_generator_c/fsd_common_msgs/msg/detail/can_frames__type_support.c.o\x1b[0m\n'}
[8.002295] (fsd_common_msgs) StdoutLine: {'line': b'[  5%] \x1b[32mBuilding C object CMakeFiles/fsd_common_msgs__rosidl_generator_c.dir/rosidl_generator_c/fsd_common_msgs/msg/detail/asensing_message__description.c.o\x1b[0m\n'}
[8.002383] (fsd_common_msgs) StdoutLine: {'line': b'[  6%] \x1b[32mBuilding C object CMakeFiles/fsd_common_msgs__rosidl_generator_c.dir/rosidl_generator_c/fsd_common_msgs/msg/detail/car_state_dt__description.c.o\x1b[0m\n'}
[8.002478] (fsd_common_msgs) StdoutLine: {'line': b'[  6%] \x1b[32mBuilding C object CMakeFiles/fsd_common_msgs__rosidl_generator_c.dir/rosidl_generator_c/fsd_common_msgs/msg/detail/as_state__functions.c.o\x1b[0m\n'}
[8.002557] (fsd_common_msgs) StdoutLine: {'line': b'[  7%] \x1b[32mBuilding C object CMakeFiles/fsd_common_msgs__rosidl_generator_c.dir/rosidl_generator_c/fsd_common_msgs/msg/detail/can_frames__description.c.o\x1b[0m\n'}
[8.011647] (fsd_common_msgs) StdoutLine: {'line': b'[  7%] \x1b[32mBuilding C object CMakeFiles/fsd_common_msgs__rosidl_generator_c.dir/rosidl_generator_c/fsd_common_msgs/msg/detail/car_state_dt__type_support.c.o\x1b[0m\n'}
[8.020326] (-) TimerEvent: {}
[8.054077] (fsd_common_msgs) StdoutLine: {'line': b'[  7%] \x1b[32mBuilding C object CMakeFiles/fsd_common_msgs__rosidl_generator_c.dir/rosidl_generator_c/fsd_common_msgs/msg/detail/cone__type_support.c.o\x1b[0m\n'}
[8.062114] (fsd_common_msgs) StdoutLine: {'line': b'[  7%] \x1b[32mBuilding C object CMakeFiles/fsd_common_msgs__rosidl_generator_c.dir/rosidl_generator_c/fsd_common_msgs/msg/detail/cone__functions.c.o\x1b[0m\n'}
[8.063812] (fsd_common_msgs) StdoutLine: {'line': b'[  7%] \x1b[32mBuilding C object CMakeFiles/fsd_common_msgs__rosidl_generator_c.dir/rosidl_generator_c/fsd_common_msgs/msg/detail/cone_dbscan__functions.c.o\x1b[0m\n'}
[8.066698] (fsd_common_msgs) StdoutLine: {'line': b'[  8%] \x1b[32mBuilding C object CMakeFiles/fsd_common_msgs__rosidl_generator_c.dir/rosidl_generator_c/fsd_common_msgs/msg/detail/cone_detections__description.c.o\x1b[0m\n'}
[8.069828] (fsd_common_msgs) StdoutLine: {'line': b'[  9%] \x1b[32mBuilding C object CMakeFiles/fsd_common_msgs__rosidl_generator_c.dir/rosidl_generator_c/fsd_common_msgs/msg/detail/cone_dbscan__description.c.o\x1b[0m\n'}
[8.071359] (fsd_common_msgs) StdoutLine: {'line': b'[  9%] \x1b[32mBuilding C object CMakeFiles/fsd_common_msgs__rosidl_generator_c.dir/rosidl_generator_c/fsd_common_msgs/msg/detail/cone_detections__functions.c.o\x1b[0m\n'}
[8.072741] (fsd_common_msgs) StdoutLine: {'line': b'[  9%] \x1b[32mBuilding C object CMakeFiles/fsd_common_msgs__rosidl_generator_c.dir/rosidl_generator_c/fsd_common_msgs/msg/detail/cone_dbscan__type_support.c.o\x1b[0m\n'}
[8.084867] (fsd_common_msgs) StdoutLine: {'line': b'[  9%] \x1b[32mBuilding C object CMakeFiles/fsd_common_msgs__rosidl_generator_c.dir/rosidl_generator_c/fsd_common_msgs/msg/detail/cone_detections__type_support.c.o\x1b[0m\n'}
[8.085867] (fsd_common_msgs) StdoutLine: {'line': b'[ 10%] \x1b[32mBuilding C object CMakeFiles/fsd_common_msgs__rosidl_generator_c.dir/rosidl_generator_c/fsd_common_msgs/msg/detail/cone_detections_dbscan__description.c.o\x1b[0m\n'}
[8.087274] (fsd_common_msgs) StdoutLine: {'line': b'[  9%] \x1b[32mBuilding C object CMakeFiles/fsd_common_msgs__rosidl_generator_c.dir/rosidl_generator_c/fsd_common_msgs/msg/detail/cone_detections_dbscan__functions.c.o\x1b[0m\n'}
[8.087409] (fsd_common_msgs) StdoutLine: {'line': b'[ 10%] \x1b[32mBuilding C object CMakeFiles/fsd_common_msgs__rosidl_generator_c.dir/rosidl_generator_c/fsd_common_msgs/msg/detail/control_command__type_support.c.o\x1b[0m\n'}
[8.087510] (fsd_common_msgs) StdoutLine: {'line': b'[ 10%] \x1b[32mBuilding C object CMakeFiles/fsd_common_msgs__rosidl_generator_c.dir/rosidl_generator_c/fsd_common_msgs/msg/detail/cone_detections_dbscan__type_support.c.o\x1b[0m\n'}
[8.087618] (fsd_common_msgs) StdoutLine: {'line': b'[ 11%] \x1b[32mBuilding C object CMakeFiles/fsd_common_msgs__rosidl_generator_c.dir/rosidl_generator_c/fsd_common_msgs/msg/detail/control_command__description.c.o\x1b[0m\n'}
[8.096451] (fsd_common_msgs) StdoutLine: {'line': b'[ 12%] \x1b[32mBuilding C object CMakeFiles/fsd_common_msgs__rosidl_generator_c.dir/rosidl_generator_c/fsd_common_msgs/msg/detail/decision_flag__description.c.o\x1b[0m\n'}
[8.096777] (fsd_common_msgs) StdoutLine: {'line': b'[ 12%] \x1b[32mBuilding C object CMakeFiles/fsd_common_msgs__rosidl_generator_c.dir/rosidl_generator_c/fsd_common_msgs/msg/detail/control_command__functions.c.o\x1b[0m\n'}
[8.104427] (fsd_common_msgs) StdoutLine: {'line': b'[ 12%] \x1b[32mBuilding C object CMakeFiles/fsd_common_msgs__rosidl_generator_c.dir/rosidl_generator_c/fsd_common_msgs/msg/detail/decision_flag__functions.c.o\x1b[0m\n'}
[8.121404] (-) TimerEvent: {}
[8.134360] (fsd_common_msgs) StdoutLine: {'line': b'[ 12%] \x1b[32mBuilding C object CMakeFiles/fsd_common_msgs__rosidl_generator_c.dir/rosidl_generator_c/fsd_common_msgs/msg/detail/decision_flag__type_support.c.o\x1b[0m\n'}
[8.146393] (fsd_common_msgs) StdoutLine: {'line': b'[ 13%] \x1b[32mBuilding C object CMakeFiles/fsd_common_msgs__rosidl_generator_c.dir/rosidl_generator_c/fsd_common_msgs/msg/detail/driving_dynamics__description.c.o\x1b[0m\n'}
[8.151869] (fsd_common_msgs) StdoutLine: {'line': b'[ 13%] \x1b[32mBuilding C object CMakeFiles/fsd_common_msgs__rosidl_generator_c.dir/rosidl_generator_c/fsd_common_msgs/msg/detail/driving_dynamics__functions.c.o\x1b[0m\n'}
[8.152144] (fsd_common_msgs) StdoutLine: {'line': b'[ 13%] \x1b[32mBuilding C object CMakeFiles/fsd_common_msgs__rosidl_generator_c.dir/rosidl_generator_c/fsd_common_msgs/msg/detail/driving_dynamics__type_support.c.o\x1b[0m\n'}
[8.159226] (fsd_common_msgs) StdoutLine: {'line': b'[ 13%] \x1b[32mBuilding C object CMakeFiles/fsd_common_msgs__rosidl_generator_c.dir/rosidl_generator_c/fsd_common_msgs/msg/detail/echiev_message__type_support.c.o\x1b[0m\n'}
[8.164283] (fsd_common_msgs) StdoutLine: {'line': b'[ 14%] \x1b[32mBuilding C object CMakeFiles/fsd_common_msgs__rosidl_generator_c.dir/rosidl_generator_c/fsd_common_msgs/msg/detail/echiev_message__functions.c.o\x1b[0m\n'}
[8.165583] (fsd_common_msgs) StdoutLine: {'line': b'[ 14%] \x1b[32mBuilding C object CMakeFiles/fsd_common_msgs__rosidl_generator_c.dir/rosidl_generator_c/fsd_common_msgs/msg/detail/feedback__type_support.c.o\x1b[0m\n'}
[8.168066] (fsd_common_msgs) StdoutLine: {'line': b'[ 14%] \x1b[32mBuilding C object CMakeFiles/fsd_common_msgs__rosidl_generator_c.dir/rosidl_generator_c/fsd_common_msgs/msg/detail/echiev_message__description.c.o\x1b[0m\n'}
[8.169359] (fsd_common_msgs) StdoutLine: {'line': b'[ 14%] \x1b[32mBuilding C object CMakeFiles/fsd_common_msgs__rosidl_generator_c.dir/rosidl_generator_c/fsd_common_msgs/msg/detail/feedback__functions.c.o\x1b[0m\n'}
[8.171223] (fsd_common_msgs) StdoutLine: {'line': b'[ 15%] \x1b[32mBuilding C object CMakeFiles/fsd_common_msgs__rosidl_generator_c.dir/rosidl_generator_c/fsd_common_msgs/msg/detail/feedback__description.c.o\x1b[0m\n'}
[8.177045] (fsd_common_msgs) StdoutLine: {'line': b'[ 16%] \x1b[32mBuilding C object CMakeFiles/fsd_common_msgs__rosidl_generator_c.dir/rosidl_generator_c/fsd_common_msgs/msg/detail/ins_delta__description.c.o\x1b[0m\n'}
[8.179907] (fsd_common_msgs) StdoutLine: {'line': b'[ 16%] \x1b[32mBuilding C object CMakeFiles/fsd_common_msgs__rosidl_generator_c.dir/rosidl_generator_c/fsd_common_msgs/msg/detail/ins_delta__functions.c.o\x1b[0m\n'}
[8.194620] (fsd_common_msgs) StdoutLine: {'line': b'[ 16%] \x1b[32mBuilding C object CMakeFiles/fsd_common_msgs__rosidl_generator_c.dir/rosidl_generator_c/fsd_common_msgs/msg/detail/ins_delta__type_support.c.o\x1b[0m\n'}
[8.218888] (fsd_common_msgs) StdoutLine: {'line': b'[ 17%] \x1b[32mBuilding C object CMakeFiles/fsd_common_msgs__rosidl_generator_c.dir/rosidl_generator_c/fsd_common_msgs/msg/detail/map__description.c.o\x1b[0m\n'}
[8.222064] (-) TimerEvent: {}
[8.224999] (fsd_common_msgs) StdoutLine: {'line': b'[ 17%] \x1b[32mBuilding C object CMakeFiles/fsd_common_msgs__rosidl_generator_c.dir/rosidl_generator_c/fsd_common_msgs/msg/detail/map__functions.c.o\x1b[0m\n'}
[8.227827] (fsd_common_msgs) StdoutLine: {'line': b'[ 17%] \x1b[32mBuilding C object CMakeFiles/fsd_common_msgs__rosidl_generator_c.dir/rosidl_generator_c/fsd_common_msgs/msg/detail/map__type_support.c.o\x1b[0m\n'}
[8.249215] (fsd_common_msgs) StdoutLine: {'line': b'[ 18%] \x1b[32mBuilding C object CMakeFiles/fsd_common_msgs__rosidl_generator_c.dir/rosidl_generator_c/fsd_common_msgs/msg/detail/mission__description.c.o\x1b[0m\n'}
[8.254500] (fsd_common_msgs) StdoutLine: {'line': b'[ 18%] \x1b[32mBuilding C object CMakeFiles/fsd_common_msgs__rosidl_generator_c.dir/rosidl_generator_c/fsd_common_msgs/msg/detail/mission__functions.c.o\x1b[0m\n'}
[8.263226] (fsd_common_msgs) StdoutLine: {'line': b'[ 18%] \x1b[32mBuilding C object CMakeFiles/fsd_common_msgs__rosidl_generator_c.dir/rosidl_generator_c/fsd_common_msgs/msg/detail/mission__type_support.c.o\x1b[0m\n'}
[8.266503] (fsd_common_msgs) StdoutLine: {'line': b'[ 19%] \x1b[32mBuilding C object CMakeFiles/fsd_common_msgs__rosidl_generator_c.dir/rosidl_generator_c/fsd_common_msgs/msg/detail/remote_control_command__description.c.o\x1b[0m\n'}
[8.270312] (fsd_common_msgs) StdoutLine: {'line': b'[ 20%] \x1b[32mBuilding C object CMakeFiles/fsd_common_msgs__rosidl_generator_c.dir/rosidl_generator_c/fsd_common_msgs/msg/detail/remote_control_command__functions.c.o\x1b[0m\n'}
[8.270566] (fsd_common_msgs) StdoutLine: {'line': b'[ 20%] \x1b[32mBuilding C object CMakeFiles/fsd_common_msgs__rosidl_generator_c.dir/rosidl_generator_c/fsd_common_msgs/msg/detail/res_and_ami__description.c.o\x1b[0m\n'}
[8.276304] (fsd_common_msgs) StdoutLine: {'line': b'[ 20%] \x1b[32mBuilding C object CMakeFiles/fsd_common_msgs__rosidl_generator_c.dir/rosidl_generator_c/fsd_common_msgs/msg/detail/remote_control_command__type_support.c.o\x1b[0m\n'}
[8.277666] (fsd_common_msgs) StdoutLine: {'line': b'[ 20%] \x1b[32mBuilding C object CMakeFiles/fsd_common_msgs__rosidl_generator_c.dir/rosidl_generator_c/fsd_common_msgs/msg/detail/res_and_ami__functions.c.o\x1b[0m\n'}
[8.278207] (fsd_common_msgs) StdoutLine: {'line': b'[ 20%] \x1b[32mBuilding C object CMakeFiles/fsd_common_msgs__rosidl_generator_c.dir/rosidl_generator_c/fsd_common_msgs/msg/detail/res_and_ami__type_support.c.o\x1b[0m\n'}
[8.288434] (fsd_common_msgs) StdoutLine: {'line': b'[ 21%] \x1b[32mBuilding C object CMakeFiles/fsd_common_msgs__rosidl_generator_c.dir/rosidl_generator_c/fsd_common_msgs/msg/detail/skidpad_global_center_line__description.c.o\x1b[0m\n'}
[8.304136] (fsd_common_msgs) StdoutLine: {'line': b'[ 21%] \x1b[32mBuilding C object CMakeFiles/fsd_common_msgs__rosidl_generator_c.dir/rosidl_generator_c/fsd_common_msgs/msg/detail/skidpad_global_center_line__type_support.c.o\x1b[0m\n'}
[8.304914] (fsd_common_msgs) StdoutLine: {'line': b'[ 21%] \x1b[32mBuilding C object CMakeFiles/fsd_common_msgs__rosidl_generator_c.dir/rosidl_generator_c/fsd_common_msgs/msg/detail/time__description.c.o\x1b[0m\n'}
[8.306086] (fsd_common_msgs) StdoutLine: {'line': b'[ 21%] \x1b[32mBuilding C object CMakeFiles/fsd_common_msgs__rosidl_generator_c.dir/rosidl_generator_c/fsd_common_msgs/msg/detail/skidpad_global_center_line__functions.c.o\x1b[0m\n'}
[8.315314] (fsd_common_msgs) StdoutLine: {'line': b'[ 22%] \x1b[32mBuilding C object CMakeFiles/fsd_common_msgs__rosidl_generator_c.dir/rosidl_generator_c/fsd_common_msgs/msg/detail/time__functions.c.o\x1b[0m\n'}
[8.322198] (-) TimerEvent: {}
[8.328319] (fsd_common_msgs) StdoutLine: {'line': b'[ 22%] \x1b[32mBuilding C object CMakeFiles/fsd_common_msgs__rosidl_generator_c.dir/rosidl_generator_c/fsd_common_msgs/msg/detail/time__type_support.c.o\x1b[0m\n'}
[8.336772] (fsd_common_msgs) StdoutLine: {'line': b'[ 22%] \x1b[32mBuilding C object CMakeFiles/fsd_common_msgs__rosidl_generator_c.dir/rosidl_generator_c/fsd_common_msgs/msg/detail/track__description.c.o\x1b[0m\n'}
[8.337223] (fsd_common_msgs) StdoutLine: {'line': b'[ 23%] \x1b[32mBuilding C object CMakeFiles/fsd_common_msgs__rosidl_generator_c.dir/rosidl_generator_c/fsd_common_msgs/msg/detail/track__functions.c.o\x1b[0m\n'}
[8.339007] (fsd_common_msgs) StdoutLine: {'line': b'[ 23%] \x1b[32mBuilding C object CMakeFiles/fsd_common_msgs__rosidl_generator_c.dir/rosidl_generator_c/fsd_common_msgs/msg/detail/track__type_support.c.o\x1b[0m\n'}
[8.353948] (fsd_common_msgs) StdoutLine: {'line': b'[ 23%] \x1b[32mBuilding C object CMakeFiles/fsd_common_msgs__rosidl_generator_c.dir/rosidl_generator_c/fsd_common_msgs/msg/detail/trajectory_point__description.c.o\x1b[0m\n'}
[8.359548] (fsd_common_msgs) StdoutLine: {'line': b'[ 24%] \x1b[32mBuilding C object CMakeFiles/fsd_common_msgs__rosidl_generator_c.dir/rosidl_generator_c/fsd_common_msgs/msg/detail/trajectory_point__functions.c.o\x1b[0m\n'}
[8.361082] (fsd_common_msgs) StdoutLine: {'line': b'[ 24%] \x1b[32mBuilding C object CMakeFiles/fsd_common_msgs__rosidl_generator_c.dir/rosidl_generator_c/fsd_common_msgs/msg/detail/trajectory_point__type_support.c.o\x1b[0m\n'}
[8.363640] (fsd_common_msgs) StdoutLine: {'line': b'[ 24%] \x1b[32mBuilding C object CMakeFiles/fsd_common_msgs__rosidl_generator_c.dir/rosidl_generator_c/fsd_common_msgs/msg/detail/visualization__description.c.o\x1b[0m\n'}
[8.375699] (fsd_common_msgs) StdoutLine: {'line': b'[ 25%] \x1b[32mBuilding C object CMakeFiles/fsd_common_msgs__rosidl_generator_c.dir/rosidl_generator_c/fsd_common_msgs/msg/detail/visualization__functions.c.o\x1b[0m\n'}
[8.378395] (fsd_common_msgs) StdoutLine: {'line': b'[ 25%] \x1b[32mBuilding C object CMakeFiles/fsd_common_msgs__rosidl_generator_c.dir/rosidl_generator_c/fsd_common_msgs/msg/detail/visualization__type_support.c.o\x1b[0m\n'}
[8.380045] (fsd_common_msgs) StdoutLine: {'line': b'[ 25%] \x1b[32mBuilding C object CMakeFiles/fsd_common_msgs__rosidl_generator_c.dir/rosidl_generator_c/fsd_common_msgs/msg/detail/yolo_cone__description.c.o\x1b[0m\n'}
[8.384069] (fsd_common_msgs) StdoutLine: {'line': b'[ 26%] \x1b[32mBuilding C object CMakeFiles/fsd_common_msgs__rosidl_generator_c.dir/rosidl_generator_c/fsd_common_msgs/msg/detail/yolo_cone__functions.c.o\x1b[0m\n'}
[8.390418] (fsd_common_msgs) StdoutLine: {'line': b'[ 26%] \x1b[32mBuilding C object CMakeFiles/fsd_common_msgs__rosidl_generator_c.dir/rosidl_generator_c/fsd_common_msgs/msg/detail/yolo_cone__type_support.c.o\x1b[0m\n'}
[8.405486] (fsd_common_msgs) StdoutLine: {'line': b'[ 27%] \x1b[32mBuilding C object CMakeFiles/fsd_common_msgs__rosidl_generator_c.dir/rosidl_generator_c/fsd_common_msgs/msg/detail/yolo_cone_detections__type_support.c.o\x1b[0m\n'}
[8.405788] (fsd_common_msgs) StdoutLine: {'line': b'[ 27%] \x1b[32mBuilding C object CMakeFiles/fsd_common_msgs__rosidl_generator_c.dir/rosidl_generator_c/fsd_common_msgs/msg/detail/yolo_cone_detections__functions.c.o\x1b[0m\n'}
[8.412248] (fsd_common_msgs) StdoutLine: {'line': b'[ 27%] \x1b[32mBuilding C object CMakeFiles/fsd_common_msgs__rosidl_generator_c.dir/rosidl_generator_c/fsd_common_msgs/msg/detail/yolo_cone_detections__description.c.o\x1b[0m\n'}
[8.422845] (-) TimerEvent: {}
[8.424353] (fsd_common_msgs) StdoutLine: {'line': b'[ 27%] \x1b[32mBuilding C object CMakeFiles/fsd_common_msgs__rosidl_generator_c.dir/rosidl_generator_c/fsd_common_msgs/msg/detail/yolo_cone_detections_track__description.c.o\x1b[0m\n'}
[8.424675] (fsd_common_msgs) StdoutLine: {'line': b'[ 27%] \x1b[32mBuilding C object CMakeFiles/fsd_common_msgs__rosidl_generator_c.dir/rosidl_generator_c/fsd_common_msgs/msg/detail/yolo_cone_detections_track__type_support.c.o\x1b[0m\n'}
[8.430972] (fsd_common_msgs) StdoutLine: {'line': b'[ 28%] \x1b[32mBuilding C object CMakeFiles/fsd_common_msgs__rosidl_generator_c.dir/rosidl_generator_c/fsd_common_msgs/msg/detail/yolo_cone_detections_track__functions.c.o\x1b[0m\n'}
[8.432517] (fsd_common_msgs) StdoutLine: {'line': b'[ 29%] \x1b[32mBuilding C object CMakeFiles/fsd_common_msgs__rosidl_generator_c.dir/rosidl_generator_c/fsd_common_msgs/msg/detail/yolo_cone_track__functions.c.o\x1b[0m\n'}
[8.432911] (fsd_common_msgs) StdoutLine: {'line': b'[ 29%] \x1b[32mBuilding C object CMakeFiles/fsd_common_msgs__rosidl_generator_c.dir/rosidl_generator_c/fsd_common_msgs/msg/detail/yolo_cone_track__description.c.o\x1b[0m\n'}
[8.441230] (fsd_common_msgs) StdoutLine: {'line': b'[ 29%] \x1b[32mBuilding C object CMakeFiles/fsd_common_msgs__rosidl_generator_c.dir/rosidl_generator_c/fsd_common_msgs/msg/detail/yolo_cone_track__type_support.c.o\x1b[0m\n'}
[8.499601] (fsd_common_msgs) StdoutLine: {'line': b'[ 29%] \x1b[32m\x1b[1mLinking C shared library libfsd_common_msgs__rosidl_generator_c.so\x1b[0m\n'}
[8.522955] (-) TimerEvent: {}
[8.556868] (fsd_common_msgs) StdoutLine: {'line': b'[ 29%] Built target fsd_common_msgs__rosidl_generator_c\n'}
[8.570145] (fsd_common_msgs) StdoutLine: {'line': b'[ 31%] \x1b[34m\x1b[1mGenerating C type support for eProsima Fast-RTPS\x1b[0m\n'}
[8.570372] (fsd_common_msgs) StdoutLine: {'line': b'[ 31%] \x1b[34m\x1b[1mGenerating C++ type support dispatch for ROS interfaces\x1b[0m\n'}
[8.570440] (fsd_common_msgs) StdoutLine: {'line': b'[ 31%] \x1b[34m\x1b[1mGenerating C++ introspection for ROS interfaces\x1b[0m\n'}
[8.570498] (fsd_common_msgs) StdoutLine: {'line': b'[ 31%] \x1b[34m\x1b[1mGenerating C introspection for ROS interfaces\x1b[0m\n'}
[8.570557] (fsd_common_msgs) StdoutLine: {'line': b'[ 31%] \x1b[34m\x1b[1mGenerating C++ type support for eProsima Fast-RTPS\x1b[0m\n'}
[8.570613] (fsd_common_msgs) StdoutLine: {'line': b'[ 31%] \x1b[34m\x1b[1mGenerating C type support dispatch for ROS interfaces\x1b[0m\n'}
[8.623046] (-) TimerEvent: {}
[8.723303] (-) TimerEvent: {}
[8.823556] (-) TimerEvent: {}
[8.923826] (-) TimerEvent: {}
[9.024230] (-) TimerEvent: {}
[9.124624] (-) TimerEvent: {}
[9.224844] (-) TimerEvent: {}
[9.325188] (-) TimerEvent: {}
[9.425496] (-) TimerEvent: {}
[9.525745] (-) TimerEvent: {}
[9.626002] (-) TimerEvent: {}
[9.726271] (-) TimerEvent: {}
[9.826502] (-) TimerEvent: {}
[9.926766] (-) TimerEvent: {}
[10.027104] (-) TimerEvent: {}
[10.128405] (-) TimerEvent: {}
[10.129767] (fsd_common_msgs) StdoutLine: {'line': b'[ 31%] \x1b[32mBuilding CXX object CMakeFiles/fsd_common_msgs__rosidl_typesupport_c.dir/rosidl_typesupport_c/fsd_common_msgs/msg/cone__type_support.cpp.o\x1b[0m\n'}
[10.130467] (fsd_common_msgs) StdoutLine: {'line': b'[ 31%] \x1b[32mBuilding CXX object CMakeFiles/fsd_common_msgs__rosidl_typesupport_c.dir/rosidl_typesupport_c/fsd_common_msgs/msg/car_state_dt__type_support.cpp.o\x1b[0m\n'}
[10.130992] (fsd_common_msgs) StdoutLine: {'line': b'[ 31%] \x1b[32mBuilding CXX object CMakeFiles/fsd_common_msgs__rosidl_typesupport_c.dir/rosidl_typesupport_c/fsd_common_msgs/msg/car_state__type_support.cpp.o\x1b[0m\n'}
[10.131097] (fsd_common_msgs) StdoutLine: {'line': b'[ 31%] \x1b[32mBuilding CXX object CMakeFiles/fsd_common_msgs__rosidl_typesupport_c.dir/rosidl_typesupport_c/fsd_common_msgs/msg/asensing_message__type_support.cpp.o\x1b[0m\n'}
[10.131187] (fsd_common_msgs) StdoutLine: {'line': b'[ 32%] \x1b[32mBuilding CXX object CMakeFiles/fsd_common_msgs__rosidl_typesupport_c.dir/rosidl_typesupport_c/fsd_common_msgs/msg/cone_dbscan__type_support.cpp.o\x1b[0m\n'}
[10.131290] (fsd_common_msgs) StdoutLine: {'line': b'[ 32%] \x1b[32mBuilding CXX object CMakeFiles/fsd_common_msgs__rosidl_typesupport_c.dir/rosidl_typesupport_c/fsd_common_msgs/msg/cone_detections__type_support.cpp.o\x1b[0m\n'}
[10.131391] (fsd_common_msgs) StdoutLine: {'line': b'[ 32%] \x1b[32mBuilding CXX object CMakeFiles/fsd_common_msgs__rosidl_typesupport_c.dir/rosidl_typesupport_c/fsd_common_msgs/msg/as_state__type_support.cpp.o\x1b[0m\n'}
[10.131480] (fsd_common_msgs) StdoutLine: {'line': b'[ 33%] \x1b[32mBuilding CXX object CMakeFiles/fsd_common_msgs__rosidl_typesupport_c.dir/rosidl_typesupport_c/fsd_common_msgs/msg/cone_detections_dbscan__type_support.cpp.o\x1b[0m\n'}
[10.131566] (fsd_common_msgs) StdoutLine: {'line': b'[ 33%] \x1b[32mBuilding CXX object CMakeFiles/fsd_common_msgs__rosidl_typesupport_c.dir/rosidl_typesupport_c/fsd_common_msgs/msg/control_command__type_support.cpp.o\x1b[0m\n'}
[10.133010] (fsd_common_msgs) StdoutLine: {'line': b'[ 34%] \x1b[32mBuilding CXX object CMakeFiles/fsd_common_msgs__rosidl_typesupport_c.dir/rosidl_typesupport_c/fsd_common_msgs/msg/decision_flag__type_support.cpp.o\x1b[0m\n'}
[10.133231] (fsd_common_msgs) StdoutLine: {'line': b'[ 34%] \x1b[32mBuilding CXX object CMakeFiles/fsd_common_msgs__rosidl_typesupport_c.dir/rosidl_typesupport_c/fsd_common_msgs/msg/can_frames__type_support.cpp.o\x1b[0m\n'}
[10.197997] (fsd_common_msgs) StdoutLine: {'line': b'[ 34%] \x1b[32mBuilding CXX object CMakeFiles/fsd_common_msgs__rosidl_typesupport_c.dir/rosidl_typesupport_c/fsd_common_msgs/msg/driving_dynamics__type_support.cpp.o\x1b[0m\n'}
[10.204449] (fsd_common_msgs) StdoutLine: {'line': b'[ 35%] \x1b[32mBuilding CXX object CMakeFiles/fsd_common_msgs__rosidl_typesupport_c.dir/rosidl_typesupport_c/fsd_common_msgs/msg/echiev_message__type_support.cpp.o\x1b[0m\n'}
[10.204777] (fsd_common_msgs) StdoutLine: {'line': b'[ 36%] \x1b[32mBuilding CXX object CMakeFiles/fsd_common_msgs__rosidl_typesupport_c.dir/rosidl_typesupport_c/fsd_common_msgs/msg/map__type_support.cpp.o\x1b[0m\n'}
[10.204993] (fsd_common_msgs) StdoutLine: {'line': b'[ 36%] \x1b[32mBuilding CXX object CMakeFiles/fsd_common_msgs__rosidl_typesupport_c.dir/rosidl_typesupport_c/fsd_common_msgs/msg/ins_delta__type_support.cpp.o\x1b[0m\n'}
[10.207437] (fsd_common_msgs) StdoutLine: {'line': b'[ 36%] \x1b[32mBuilding CXX object CMakeFiles/fsd_common_msgs__rosidl_typesupport_c.dir/rosidl_typesupport_c/fsd_common_msgs/msg/mission__type_support.cpp.o\x1b[0m\n'}
[10.207650] (fsd_common_msgs) StdoutLine: {'line': b'[ 36%] \x1b[32mBuilding CXX object CMakeFiles/fsd_common_msgs__rosidl_typesupport_c.dir/rosidl_typesupport_c/fsd_common_msgs/msg/feedback__type_support.cpp.o\x1b[0m\n'}
[10.220444] (fsd_common_msgs) StdoutLine: {'line': b'[ 36%] \x1b[32mBuilding CXX object CMakeFiles/fsd_common_msgs__rosidl_typesupport_c.dir/rosidl_typesupport_c/fsd_common_msgs/msg/remote_control_command__type_support.cpp.o\x1b[0m\n'}
[10.225491] (fsd_common_msgs) StdoutLine: {'line': b'[ 37%] \x1b[32mBuilding CXX object CMakeFiles/fsd_common_msgs__rosidl_typesupport_c.dir/rosidl_typesupport_c/fsd_common_msgs/msg/res_and_ami__type_support.cpp.o\x1b[0m\n'}
[10.228464] (-) TimerEvent: {}
[10.236477] (fsd_common_msgs) StdoutLine: {'line': b'[ 37%] \x1b[32mBuilding CXX object CMakeFiles/fsd_common_msgs__rosidl_typesupport_c.dir/rosidl_typesupport_c/fsd_common_msgs/msg/skidpad_global_center_line__type_support.cpp.o\x1b[0m\n'}
[10.260446] (fsd_common_msgs) StdoutLine: {'line': b'[ 38%] \x1b[32mBuilding CXX object CMakeFiles/fsd_common_msgs__rosidl_typesupport_c.dir/rosidl_typesupport_c/fsd_common_msgs/msg/track__type_support.cpp.o\x1b[0m\n'}
[10.260804] (fsd_common_msgs) StdoutLine: {'line': b'[ 38%] \x1b[32mBuilding CXX object CMakeFiles/fsd_common_msgs__rosidl_typesupport_c.dir/rosidl_typesupport_c/fsd_common_msgs/msg/time__type_support.cpp.o\x1b[0m\n'}
[10.278629] (fsd_common_msgs) StdoutLine: {'line': b'[ 38%] \x1b[32mBuilding CXX object CMakeFiles/fsd_common_msgs__rosidl_typesupport_c.dir/rosidl_typesupport_c/fsd_common_msgs/msg/visualization__type_support.cpp.o\x1b[0m\n'}
[10.278984] (fsd_common_msgs) StdoutLine: {'line': b'[ 38%] \x1b[32mBuilding CXX object CMakeFiles/fsd_common_msgs__rosidl_typesupport_c.dir/rosidl_typesupport_c/fsd_common_msgs/msg/trajectory_point__type_support.cpp.o\x1b[0m\n'}
[10.282211] (fsd_common_msgs) StdoutLine: {'line': b'[ 39%] \x1b[32mBuilding CXX object CMakeFiles/fsd_common_msgs__rosidl_typesupport_c.dir/rosidl_typesupport_c/fsd_common_msgs/msg/yolo_cone__type_support.cpp.o\x1b[0m\n'}
[10.290991] (fsd_common_msgs) StdoutLine: {'line': b'[ 39%] \x1b[32mBuilding CXX object CMakeFiles/fsd_common_msgs__rosidl_typesupport_c.dir/rosidl_typesupport_c/fsd_common_msgs/msg/yolo_cone_detections__type_support.cpp.o\x1b[0m\n'}
[10.296575] (fsd_common_msgs) StdoutLine: {'line': b'[ 39%] \x1b[32mBuilding CXX object CMakeFiles/fsd_common_msgs__rosidl_typesupport_c.dir/rosidl_typesupport_c/fsd_common_msgs/msg/yolo_cone_detections_track__type_support.cpp.o\x1b[0m\n'}
[10.301304] (fsd_common_msgs) StdoutLine: {'line': b'[ 40%] \x1b[32mBuilding CXX object CMakeFiles/fsd_common_msgs__rosidl_typesupport_c.dir/rosidl_typesupport_c/fsd_common_msgs/msg/yolo_cone_track__type_support.cpp.o\x1b[0m\n'}
[10.328657] (-) TimerEvent: {}
[10.369612] (fsd_common_msgs) StdoutLine: {'line': b'[ 40%] \x1b[32m\x1b[1mLinking CXX shared library libfsd_common_msgs__rosidl_typesupport_c.so\x1b[0m\n'}
[10.388344] (fsd_common_msgs) StdoutLine: {'line': b'[ 42%] \x1b[32mBuilding CXX object CMakeFiles/fsd_common_msgs__rosidl_typesupport_cpp.dir/rosidl_typesupport_cpp/fsd_common_msgs/msg/cone_dbscan__type_support.cpp.o\x1b[0m\n'}
[10.388696] (fsd_common_msgs) StdoutLine: {'line': b'[ 42%] \x1b[32mBuilding CXX object CMakeFiles/fsd_common_msgs__rosidl_typesupport_cpp.dir/rosidl_typesupport_cpp/fsd_common_msgs/msg/car_state__type_support.cpp.o\x1b[0m\n'}
[10.388841] (fsd_common_msgs) StdoutLine: {'line': b'[ 42%] \x1b[32mBuilding CXX object CMakeFiles/fsd_common_msgs__rosidl_typesupport_cpp.dir/rosidl_typesupport_cpp/fsd_common_msgs/msg/asensing_message__type_support.cpp.o\x1b[0m\n'}
[10.389201] (fsd_common_msgs) StdoutLine: {'line': b'[ 42%] \x1b[32mBuilding CXX object CMakeFiles/fsd_common_msgs__rosidl_typesupport_cpp.dir/rosidl_typesupport_cpp/fsd_common_msgs/msg/car_state_dt__type_support.cpp.o\x1b[0m\n'}
[10.389450] (fsd_common_msgs) StdoutLine: {'line': b'[ 42%] \x1b[32mBuilding CXX object CMakeFiles/fsd_common_msgs__rosidl_typesupport_cpp.dir/rosidl_typesupport_cpp/fsd_common_msgs/msg/cone__type_support.cpp.o\x1b[0m\n'}
[10.389896] (fsd_common_msgs) StdoutLine: {'line': b'[ 42%] \x1b[32mBuilding CXX object CMakeFiles/fsd_common_msgs__rosidl_typesupport_cpp.dir/rosidl_typesupport_cpp/fsd_common_msgs/msg/cone_detections__type_support.cpp.o\x1b[0m\n'}
[10.391408] (fsd_common_msgs) StdoutLine: {'line': b'[ 42%] \x1b[32mBuilding CXX object CMakeFiles/fsd_common_msgs__rosidl_typesupport_cpp.dir/rosidl_typesupport_cpp/fsd_common_msgs/msg/can_frames__type_support.cpp.o\x1b[0m\n'}
[10.391591] (fsd_common_msgs) StdoutLine: {'line': b'[ 43%] \x1b[32mBuilding CXX object CMakeFiles/fsd_common_msgs__rosidl_typesupport_cpp.dir/rosidl_typesupport_cpp/fsd_common_msgs/msg/as_state__type_support.cpp.o\x1b[0m\n'}
[10.396501] (fsd_common_msgs) StdoutLine: {'line': b'[ 44%] \x1b[32mBuilding CXX object CMakeFiles/fsd_common_msgs__rosidl_typesupport_cpp.dir/rosidl_typesupport_cpp/fsd_common_msgs/msg/control_command__type_support.cpp.o\x1b[0m\n'}
[10.400326] (fsd_common_msgs) StdoutLine: {'line': b'[ 44%] \x1b[32mBuilding CXX object CMakeFiles/fsd_common_msgs__rosidl_typesupport_cpp.dir/rosidl_typesupport_cpp/fsd_common_msgs/msg/decision_flag__type_support.cpp.o\x1b[0m\n'}
[10.404759] (fsd_common_msgs) StdoutLine: {'line': b'[ 44%] \x1b[32mBuilding CXX object CMakeFiles/fsd_common_msgs__rosidl_typesupport_cpp.dir/rosidl_typesupport_cpp/fsd_common_msgs/msg/cone_detections_dbscan__type_support.cpp.o\x1b[0m\n'}
[10.430699] (-) TimerEvent: {}
[10.480277] (fsd_common_msgs) StdoutLine: {'line': b'[ 44%] Built target fsd_common_msgs__rosidl_typesupport_c\n'}
[10.499411] (fsd_common_msgs) StdoutLine: {'line': b'[ 44%] \x1b[32mBuilding CXX object CMakeFiles/fsd_common_msgs__rosidl_typesupport_cpp.dir/rosidl_typesupport_cpp/fsd_common_msgs/msg/driving_dynamics__type_support.cpp.o\x1b[0m\n'}
[10.533341] (-) TimerEvent: {}
[10.633687] (-) TimerEvent: {}
[10.734130] (-) TimerEvent: {}
[10.834449] (-) TimerEvent: {}
[10.920699] (fsd_common_msgs) StdoutLine: {'line': b'[ 45%] \x1b[32mBuilding CXX object CMakeFiles/fsd_common_msgs__rosidl_typesupport_cpp.dir/rosidl_typesupport_cpp/fsd_common_msgs/msg/echiev_message__type_support.cpp.o\x1b[0m\n'}
[10.937312] (-) TimerEvent: {}
[10.941633] (fsd_common_msgs) StdoutLine: {'line': b'[ 45%] \x1b[32mBuilding CXX object CMakeFiles/fsd_common_msgs__rosidl_typesupport_cpp.dir/rosidl_typesupport_cpp/fsd_common_msgs/msg/feedback__type_support.cpp.o\x1b[0m\n'}
[10.975285] (fsd_common_msgs) StdoutLine: {'line': b'[ 45%] \x1b[32mBuilding CXX object CMakeFiles/fsd_common_msgs__rosidl_typesupport_cpp.dir/rosidl_typesupport_cpp/fsd_common_msgs/msg/ins_delta__type_support.cpp.o\x1b[0m\n'}
[11.001958] (fsd_common_msgs) StdoutLine: {'line': b'[ 46%] \x1b[32mBuilding CXX object CMakeFiles/fsd_common_msgs__rosidl_typesupport_cpp.dir/rosidl_typesupport_cpp/fsd_common_msgs/msg/map__type_support.cpp.o\x1b[0m\n'}
[11.011316] (fsd_common_msgs) StdoutLine: {'line': b'[ 46%] \x1b[32mBuilding CXX object CMakeFiles/fsd_common_msgs__rosidl_typesupport_cpp.dir/rosidl_typesupport_cpp/fsd_common_msgs/msg/mission__type_support.cpp.o\x1b[0m\n'}
[11.029762] (fsd_common_msgs) StdoutLine: {'line': b'[ 46%] \x1b[32mBuilding CXX object CMakeFiles/fsd_common_msgs__rosidl_typesupport_cpp.dir/rosidl_typesupport_cpp/fsd_common_msgs/msg/remote_control_command__type_support.cpp.o\x1b[0m\n'}
[11.035971] (fsd_common_msgs) StdoutLine: {'line': b'[ 47%] \x1b[32mBuilding CXX object CMakeFiles/fsd_common_msgs__rosidl_typesupport_cpp.dir/rosidl_typesupport_cpp/fsd_common_msgs/msg/res_and_ami__type_support.cpp.o\x1b[0m\n'}
[11.037599] (-) TimerEvent: {}
[11.049456] (fsd_common_msgs) StdoutLine: {'line': b'[ 47%] \x1b[32mBuilding CXX object CMakeFiles/fsd_common_msgs__rosidl_typesupport_cpp.dir/rosidl_typesupport_cpp/fsd_common_msgs/msg/time__type_support.cpp.o\x1b[0m\n'}
[11.050281] (fsd_common_msgs) StdoutLine: {'line': b'[ 47%] \x1b[32mBuilding CXX object CMakeFiles/fsd_common_msgs__rosidl_typesupport_cpp.dir/rosidl_typesupport_cpp/fsd_common_msgs/msg/skidpad_global_center_line__type_support.cpp.o\x1b[0m\n'}
[11.108987] (fsd_common_msgs) StdoutLine: {'line': b'[ 48%] \x1b[32mBuilding CXX object CMakeFiles/fsd_common_msgs__rosidl_typesupport_cpp.dir/rosidl_typesupport_cpp/fsd_common_msgs/msg/track__type_support.cpp.o\x1b[0m\n'}
[11.138333] (-) TimerEvent: {}
[11.206475] (fsd_common_msgs) StdoutLine: {'line': b'[ 48%] \x1b[32mBuilding CXX object CMakeFiles/fsd_common_msgs__rosidl_typesupport_cpp.dir/rosidl_typesupport_cpp/fsd_common_msgs/msg/trajectory_point__type_support.cpp.o\x1b[0m\n'}
[11.238464] (-) TimerEvent: {}
[11.243906] (fsd_common_msgs) StdoutLine: {'line': b'[ 48%] \x1b[32mBuilding CXX object CMakeFiles/fsd_common_msgs__rosidl_typesupport_cpp.dir/rosidl_typesupport_cpp/fsd_common_msgs/msg/visualization__type_support.cpp.o\x1b[0m\n'}
[11.338564] (-) TimerEvent: {}
[11.442328] (-) TimerEvent: {}
[11.470609] (fsd_common_msgs) StdoutLine: {'line': b'[ 49%] \x1b[32mBuilding CXX object CMakeFiles/fsd_common_msgs__rosidl_typesupport_cpp.dir/rosidl_typesupport_cpp/fsd_common_msgs/msg/yolo_cone__type_support.cpp.o\x1b[0m\n'}
[11.522478] (fsd_common_msgs) StdoutLine: {'line': b'[ 49%] \x1b[32mBuilding CXX object CMakeFiles/fsd_common_msgs__rosidl_typesupport_introspection_cpp.dir/rosidl_typesupport_introspection_cpp/fsd_common_msgs/msg/detail/as_state__type_support.cpp.o\x1b[0m\n'}
[11.540850] (fsd_common_msgs) StdoutLine: {'line': b'[ 50%] \x1b[32mBuilding CXX object CMakeFiles/fsd_common_msgs__rosidl_typesupport_introspection_cpp.dir/rosidl_typesupport_introspection_cpp/fsd_common_msgs/msg/detail/can_frames__type_support.cpp.o\x1b[0m\n'}
[11.542410] (-) TimerEvent: {}
[11.542956] (fsd_common_msgs) StdoutLine: {'line': b'[ 50%] \x1b[32mBuilding CXX object CMakeFiles/fsd_common_msgs__rosidl_typesupport_introspection_cpp.dir/rosidl_typesupport_introspection_cpp/fsd_common_msgs/msg/detail/asensing_message__type_support.cpp.o\x1b[0m\n'}
[11.558044] (fsd_common_msgs) StdoutLine: {'line': b'[ 50%] \x1b[32mBuilding C object CMakeFiles/fsd_common_msgs__rosidl_typesupport_introspection_c.dir/rosidl_typesupport_introspection_c/fsd_common_msgs/msg/detail/as_state__type_support.c.o\x1b[0m\n'}
[11.565202] (fsd_common_msgs) StdoutLine: {'line': b'[ 51%] \x1b[32mBuilding C object CMakeFiles/fsd_common_msgs__rosidl_typesupport_introspection_c.dir/rosidl_typesupport_introspection_c/fsd_common_msgs/msg/detail/asensing_message__type_support.c.o\x1b[0m\n'}
[11.568366] (fsd_common_msgs) StdoutLine: {'line': b'[ 51%] \x1b[32mBuilding CXX object CMakeFiles/fsd_common_msgs__rosidl_typesupport_cpp.dir/rosidl_typesupport_cpp/fsd_common_msgs/msg/yolo_cone_detections__type_support.cpp.o\x1b[0m\n'}
[11.590332] (fsd_common_msgs) StdoutLine: {'line': b'[ 51%] \x1b[32mBuilding CXX object CMakeFiles/fsd_common_msgs__rosidl_typesupport_introspection_cpp.dir/rosidl_typesupport_introspection_cpp/fsd_common_msgs/msg/detail/car_state__type_support.cpp.o\x1b[0m\n'}
[11.607095] (fsd_common_msgs) StdoutLine: {'line': b'[ 51%] \x1b[32mBuilding C object CMakeFiles/fsd_common_msgs__rosidl_typesupport_introspection_c.dir/rosidl_typesupport_introspection_c/fsd_common_msgs/msg/detail/can_frames__type_support.c.o\x1b[0m\n'}
[11.615306] (fsd_common_msgs) StdoutLine: {'line': b'[ 51%] \x1b[32mBuilding C object CMakeFiles/fsd_common_msgs__rosidl_typesupport_introspection_c.dir/rosidl_typesupport_introspection_c/fsd_common_msgs/msg/detail/car_state__type_support.c.o\x1b[0m\n'}
[11.622403] (fsd_common_msgs) StdoutLine: {'line': b'[ 51%] \x1b[32mBuilding CXX object CMakeFiles/fsd_common_msgs__rosidl_typesupport_introspection_cpp.dir/rosidl_typesupport_introspection_cpp/fsd_common_msgs/msg/detail/car_state_dt__type_support.cpp.o\x1b[0m\n'}
[11.628298] (fsd_common_msgs) StdoutLine: {'line': b'[ 52%] \x1b[32mBuilding CXX object CMakeFiles/fsd_common_msgs__rosidl_typesupport_introspection_cpp.dir/rosidl_typesupport_introspection_cpp/fsd_common_msgs/msg/detail/cone__type_support.cpp.o\x1b[0m\n'}
[11.640321] (fsd_common_msgs) StdoutLine: {'line': b'[ 52%] \x1b[32mBuilding CXX object CMakeFiles/fsd_common_msgs__rosidl_typesupport_introspection_cpp.dir/rosidl_typesupport_introspection_cpp/fsd_common_msgs/msg/detail/cone_dbscan__type_support.cpp.o\x1b[0m\n'}
[11.642498] (-) TimerEvent: {}
[11.695512] (fsd_common_msgs) StdoutLine: {'line': b'[ 52%] \x1b[32mBuilding CXX object CMakeFiles/fsd_common_msgs__rosidl_typesupport_introspection_cpp.dir/rosidl_typesupport_introspection_cpp/fsd_common_msgs/msg/detail/cone_detections__type_support.cpp.o\x1b[0m\n'}
[11.718314] (fsd_common_msgs) StdoutLine: {'line': b'[ 53%] \x1b[32mBuilding C object CMakeFiles/fsd_common_msgs__rosidl_typesupport_introspection_c.dir/rosidl_typesupport_introspection_c/fsd_common_msgs/msg/detail/car_state_dt__type_support.c.o\x1b[0m\n'}
[11.736315] (fsd_common_msgs) StdoutLine: {'line': b'[ 53%] \x1b[32mBuilding CXX object CMakeFiles/fsd_common_msgs__rosidl_typesupport_cpp.dir/rosidl_typesupport_cpp/fsd_common_msgs/msg/yolo_cone_detections_track__type_support.cpp.o\x1b[0m\n'}
[11.743328] (-) TimerEvent: {}
[11.762285] (fsd_common_msgs) StdoutLine: {'line': b'[ 54%] \x1b[32mBuilding CXX object CMakeFiles/fsd_common_msgs__rosidl_typesupport_cpp.dir/rosidl_typesupport_cpp/fsd_common_msgs/msg/yolo_cone_track__type_support.cpp.o\x1b[0m\n'}
[11.773296] (fsd_common_msgs) StdoutLine: {'line': b'[ 55%] \x1b[32mBuilding CXX object CMakeFiles/fsd_common_msgs__rosidl_typesupport_introspection_cpp.dir/rosidl_typesupport_introspection_cpp/fsd_common_msgs/msg/detail/cone_detections_dbscan__type_support.cpp.o\x1b[0m\n'}
[11.833054] (fsd_common_msgs) StdoutLine: {'line': b'[ 55%] \x1b[32mBuilding C object CMakeFiles/fsd_common_msgs__rosidl_typesupport_introspection_c.dir/rosidl_typesupport_introspection_c/fsd_common_msgs/msg/detail/cone__type_support.c.o\x1b[0m\n'}
[11.844373] (-) TimerEvent: {}
[11.944801] (-) TimerEvent: {}
[11.993403] (fsd_common_msgs) StdoutLine: {'line': b'[ 55%] \x1b[32mBuilding C object CMakeFiles/fsd_common_msgs__rosidl_typesupport_introspection_c.dir/rosidl_typesupport_introspection_c/fsd_common_msgs/msg/detail/cone_dbscan__type_support.c.o\x1b[0m\n'}
[12.019463] (fsd_common_msgs) StdoutLine: {'line': b'[ 55%] \x1b[32mBuilding CXX object CMakeFiles/fsd_common_msgs__rosidl_typesupport_introspection_cpp.dir/rosidl_typesupport_introspection_cpp/fsd_common_msgs/msg/detail/control_command__type_support.cpp.o\x1b[0m\n'}
[12.045108] (-) TimerEvent: {}
[12.097690] (fsd_common_msgs) StdoutLine: {'line': b'[ 55%] \x1b[32mBuilding C object CMakeFiles/fsd_common_msgs__rosidl_typesupport_introspection_c.dir/rosidl_typesupport_introspection_c/fsd_common_msgs/msg/detail/cone_detections__type_support.c.o\x1b[0m\n'}
[12.133196] (fsd_common_msgs) StdoutLine: {'line': b'[ 55%] \x1b[32mBuilding CXX object CMakeFiles/fsd_common_msgs__rosidl_typesupport_introspection_cpp.dir/rosidl_typesupport_introspection_cpp/fsd_common_msgs/msg/detail/decision_flag__type_support.cpp.o\x1b[0m\n'}
[12.145410] (-) TimerEvent: {}
[12.147288] (fsd_common_msgs) StdoutLine: {'line': b'[ 56%] \x1b[32mBuilding C object CMakeFiles/fsd_common_msgs__rosidl_typesupport_introspection_c.dir/rosidl_typesupport_introspection_c/fsd_common_msgs/msg/detail/cone_detections_dbscan__type_support.c.o\x1b[0m\n'}
[12.153051] (fsd_common_msgs) StdoutLine: {'line': b'[ 57%] \x1b[32mBuilding CXX object CMakeFiles/fsd_common_msgs__rosidl_typesupport_introspection_cpp.dir/rosidl_typesupport_introspection_cpp/fsd_common_msgs/msg/detail/driving_dynamics__type_support.cpp.o\x1b[0m\n'}
[12.177856] (fsd_common_msgs) StdoutLine: {'line': b'[ 57%] \x1b[32mBuilding CXX object CMakeFiles/fsd_common_msgs__rosidl_typesupport_introspection_cpp.dir/rosidl_typesupport_introspection_cpp/fsd_common_msgs/msg/detail/echiev_message__type_support.cpp.o\x1b[0m\n'}
[12.186452] (fsd_common_msgs) StdoutLine: {'line': b'[ 57%] \x1b[32mBuilding C object CMakeFiles/fsd_common_msgs__rosidl_typesupport_introspection_c.dir/rosidl_typesupport_introspection_c/fsd_common_msgs/msg/detail/control_command__type_support.c.o\x1b[0m\n'}
[12.215921] (fsd_common_msgs) StdoutLine: {'line': b'[ 57%] \x1b[32mBuilding C object CMakeFiles/fsd_common_msgs__rosidl_typesupport_introspection_c.dir/rosidl_typesupport_introspection_c/fsd_common_msgs/msg/detail/decision_flag__type_support.c.o\x1b[0m\n'}
[12.220015] (fsd_common_msgs) StdoutLine: {'line': b'[ 58%] \x1b[32mBuilding C object CMakeFiles/fsd_common_msgs__rosidl_typesupport_introspection_c.dir/rosidl_typesupport_introspection_c/fsd_common_msgs/msg/detail/driving_dynamics__type_support.c.o\x1b[0m\n'}
[12.236769] (fsd_common_msgs) StdoutLine: {'line': b'[ 58%] \x1b[32mBuilding C object CMakeFiles/fsd_common_msgs__rosidl_typesupport_introspection_c.dir/rosidl_typesupport_introspection_c/fsd_common_msgs/msg/detail/echiev_message__type_support.c.o\x1b[0m\n'}
[12.246336] (-) TimerEvent: {}
[12.286769] (fsd_common_msgs) StdoutLine: {'line': b'[ 58%] \x1b[32mBuilding CXX object CMakeFiles/fsd_common_msgs__rosidl_typesupport_introspection_cpp.dir/rosidl_typesupport_introspection_cpp/fsd_common_msgs/msg/detail/feedback__type_support.cpp.o\x1b[0m\n'}
[12.299411] (fsd_common_msgs) StdoutLine: {'line': b'[ 59%] \x1b[32mBuilding CXX object CMakeFiles/fsd_common_msgs__rosidl_typesupport_introspection_cpp.dir/rosidl_typesupport_introspection_cpp/fsd_common_msgs/msg/detail/ins_delta__type_support.cpp.o\x1b[0m\n'}
[12.304652] (fsd_common_msgs) StdoutLine: {'line': b'[ 59%] \x1b[32mBuilding CXX object CMakeFiles/fsd_common_msgs__rosidl_typesupport_introspection_cpp.dir/rosidl_typesupport_introspection_cpp/fsd_common_msgs/msg/detail/mission__type_support.cpp.o\x1b[0m\n'}
[12.306591] (fsd_common_msgs) StdoutLine: {'line': b'[ 59%] \x1b[32mBuilding CXX object CMakeFiles/fsd_common_msgs__rosidl_typesupport_introspection_cpp.dir/rosidl_typesupport_introspection_cpp/fsd_common_msgs/msg/detail/map__type_support.cpp.o\x1b[0m\n'}
[12.310374] (fsd_common_msgs) StdoutLine: {'line': b'[ 60%] \x1b[32mBuilding CXX object CMakeFiles/fsd_common_msgs__rosidl_typesupport_introspection_cpp.dir/rosidl_typesupport_introspection_cpp/fsd_common_msgs/msg/detail/remote_control_command__type_support.cpp.o\x1b[0m\n'}
[12.314327] (fsd_common_msgs) StdoutLine: {'line': b'[ 60%] \x1b[32mBuilding CXX object CMakeFiles/fsd_common_msgs__rosidl_typesupport_introspection_cpp.dir/rosidl_typesupport_introspection_cpp/fsd_common_msgs/msg/detail/res_and_ami__type_support.cpp.o\x1b[0m\n'}
[12.345407] (fsd_common_msgs) StdoutLine: {'line': b'[ 60%] \x1b[32mBuilding C object CMakeFiles/fsd_common_msgs__rosidl_typesupport_introspection_c.dir/rosidl_typesupport_introspection_c/fsd_common_msgs/msg/detail/feedback__type_support.c.o\x1b[0m\n'}
[12.346425] (-) TimerEvent: {}
[12.367625] (fsd_common_msgs) StdoutLine: {'line': b'[ 60%] \x1b[32mBuilding CXX object CMakeFiles/fsd_common_msgs__rosidl_typesupport_introspection_cpp.dir/rosidl_typesupport_introspection_cpp/fsd_common_msgs/msg/detail/skidpad_global_center_line__type_support.cpp.o\x1b[0m\n'}
[12.387213] (fsd_common_msgs) StdoutLine: {'line': b'[ 60%] \x1b[32m\x1b[1mLinking CXX shared library libfsd_common_msgs__rosidl_typesupport_cpp.so\x1b[0m\n'}
[12.421719] (fsd_common_msgs) StdoutLine: {'line': b'[ 61%] \x1b[32mBuilding CXX object CMakeFiles/fsd_common_msgs__rosidl_typesupport_introspection_cpp.dir/rosidl_typesupport_introspection_cpp/fsd_common_msgs/msg/detail/time__type_support.cpp.o\x1b[0m\n'}
[12.422598] (fsd_common_msgs) StdoutLine: {'line': b'[ 62%] \x1b[32mBuilding C object CMakeFiles/fsd_common_msgs__rosidl_typesupport_introspection_c.dir/rosidl_typesupport_introspection_c/fsd_common_msgs/msg/detail/ins_delta__type_support.c.o\x1b[0m\n'}
[12.447275] (-) TimerEvent: {}
[12.503525] (fsd_common_msgs) StdoutLine: {'line': b'[ 62%] Built target fsd_common_msgs__rosidl_typesupport_cpp\n'}
[12.519484] (fsd_common_msgs) StdoutLine: {'line': b'[ 62%] \x1b[32mBuilding C object CMakeFiles/fsd_common_msgs__rosidl_typesupport_introspection_c.dir/rosidl_typesupport_introspection_c/fsd_common_msgs/msg/detail/map__type_support.c.o\x1b[0m\n'}
[12.526268] (fsd_common_msgs) StdoutLine: {'line': b'[ 62%] \x1b[32mBuilding C object CMakeFiles/fsd_common_msgs__rosidl_typesupport_introspection_c.dir/rosidl_typesupport_introspection_c/fsd_common_msgs/msg/detail/mission__type_support.c.o\x1b[0m\n'}
[12.548329] (-) TimerEvent: {}
[12.577268] (fsd_common_msgs) StdoutLine: {'line': b'[ 62%] \x1b[32mBuilding CXX object CMakeFiles/fsd_common_msgs__rosidl_typesupport_fastrtps_cpp.dir/rosidl_typesupport_fastrtps_cpp/fsd_common_msgs/msg/detail/dds_fastrtps/as_state__type_support.cpp.o\x1b[0m\n'}
[12.579940] (fsd_common_msgs) StdoutLine: {'line': b'[ 63%] \x1b[32mBuilding C object CMakeFiles/fsd_common_msgs__rosidl_typesupport_introspection_c.dir/rosidl_typesupport_introspection_c/fsd_common_msgs/msg/detail/remote_control_command__type_support.c.o\x1b[0m\n'}
[12.594564] (fsd_common_msgs) StdoutLine: {'line': b'[ 63%] \x1b[32mBuilding CXX object CMakeFiles/fsd_common_msgs__rosidl_typesupport_introspection_cpp.dir/rosidl_typesupport_introspection_cpp/fsd_common_msgs/msg/detail/track__type_support.cpp.o\x1b[0m\n'}
[12.622557] (fsd_common_msgs) StdoutLine: {'line': b'[ 64%] \x1b[32mBuilding CXX object CMakeFiles/fsd_common_msgs__rosidl_typesupport_fastrtps_cpp.dir/rosidl_typesupport_fastrtps_cpp/fsd_common_msgs/msg/detail/dds_fastrtps/asensing_message__type_support.cpp.o\x1b[0m\n'}
[12.648444] (-) TimerEvent: {}
[12.670346] (fsd_common_msgs) StdoutLine: {'line': b'[ 64%] \x1b[32mBuilding C object CMakeFiles/fsd_common_msgs__rosidl_typesupport_introspection_c.dir/rosidl_typesupport_introspection_c/fsd_common_msgs/msg/detail/res_and_ami__type_support.c.o\x1b[0m\n'}
[12.732417] (fsd_common_msgs) StdoutLine: {'line': b'[ 64%] \x1b[32mBuilding C object CMakeFiles/fsd_common_msgs__rosidl_typesupport_introspection_c.dir/rosidl_typesupport_introspection_c/fsd_common_msgs/msg/detail/skidpad_global_center_line__type_support.c.o\x1b[0m\n'}
[12.748575] (-) TimerEvent: {}
[12.754986] (fsd_common_msgs) StdoutLine: {'line': b'[ 64%] \x1b[32mBuilding CXX object CMakeFiles/fsd_common_msgs__rosidl_typesupport_fastrtps_cpp.dir/rosidl_typesupport_fastrtps_cpp/fsd_common_msgs/msg/detail/dds_fastrtps/can_frames__type_support.cpp.o\x1b[0m\n'}
[12.759994] (fsd_common_msgs) StdoutLine: {'line': b'[ 64%] \x1b[32mBuilding CXX object CMakeFiles/fsd_common_msgs__rosidl_typesupport_fastrtps_cpp.dir/rosidl_typesupport_fastrtps_cpp/fsd_common_msgs/msg/detail/dds_fastrtps/car_state__type_support.cpp.o\x1b[0m\n'}
[12.779571] (fsd_common_msgs) StdoutLine: {'line': b'[ 65%] \x1b[32mBuilding C object CMakeFiles/fsd_common_msgs__rosidl_typesupport_introspection_c.dir/rosidl_typesupport_introspection_c/fsd_common_msgs/msg/detail/time__type_support.c.o\x1b[0m\n'}
[12.825944] (fsd_common_msgs) StdoutLine: {'line': b'[ 65%] \x1b[32mBuilding CXX object CMakeFiles/fsd_common_msgs__rosidl_typesupport_introspection_cpp.dir/rosidl_typesupport_introspection_cpp/fsd_common_msgs/msg/detail/trajectory_point__type_support.cpp.o\x1b[0m\n'}
[12.849328] (-) TimerEvent: {}
[12.851181] (fsd_common_msgs) StdoutLine: {'line': b'[ 66%] \x1b[32mBuilding CXX object CMakeFiles/fsd_common_msgs__rosidl_typesupport_fastrtps_cpp.dir/rosidl_typesupport_fastrtps_cpp/fsd_common_msgs/msg/detail/dds_fastrtps/car_state_dt__type_support.cpp.o\x1b[0m\n'}
[12.855680] (fsd_common_msgs) StdoutLine: {'line': b'[ 66%] \x1b[32mBuilding C object CMakeFiles/fsd_common_msgs__rosidl_typesupport_introspection_c.dir/rosidl_typesupport_introspection_c/fsd_common_msgs/msg/detail/track__type_support.c.o\x1b[0m\n'}
[12.878326] (fsd_common_msgs) StdoutLine: {'line': b'[ 66%] \x1b[32mBuilding CXX object CMakeFiles/fsd_common_msgs__rosidl_typesupport_fastrtps_cpp.dir/rosidl_typesupport_fastrtps_cpp/fsd_common_msgs/msg/detail/dds_fastrtps/cone__type_support.cpp.o\x1b[0m\n'}
[12.908399] (fsd_common_msgs) StdoutLine: {'line': b'[ 66%] \x1b[32mBuilding C object CMakeFiles/fsd_common_msgs__rosidl_typesupport_introspection_c.dir/rosidl_typesupport_introspection_c/fsd_common_msgs/msg/detail/trajectory_point__type_support.c.o\x1b[0m\n'}
[12.919577] (fsd_common_msgs) StdoutLine: {'line': b'[ 67%] \x1b[32mBuilding CXX object CMakeFiles/fsd_common_msgs__rosidl_typesupport_fastrtps_c.dir/rosidl_typesupport_fastrtps_c/fsd_common_msgs/msg/detail/as_state__type_support_c.cpp.o\x1b[0m\n'}
[12.949453] (-) TimerEvent: {}
[12.956459] (fsd_common_msgs) StdoutLine: {'line': b'[ 67%] \x1b[32mBuilding CXX object CMakeFiles/fsd_common_msgs__rosidl_typesupport_fastrtps_c.dir/rosidl_typesupport_fastrtps_c/fsd_common_msgs/msg/detail/asensing_message__type_support_c.cpp.o\x1b[0m\n'}
[12.956760] (fsd_common_msgs) StdoutLine: {'line': b'[ 67%] \x1b[32mBuilding CXX object CMakeFiles/fsd_common_msgs__rosidl_typesupport_fastrtps_c.dir/rosidl_typesupport_fastrtps_c/fsd_common_msgs/msg/detail/can_frames__type_support_c.cpp.o\x1b[0m\n'}
[12.962206] (fsd_common_msgs) StdoutLine: {'line': b'[ 67%] \x1b[32mBuilding CXX object CMakeFiles/fsd_common_msgs__rosidl_typesupport_fastrtps_cpp.dir/rosidl_typesupport_fastrtps_cpp/fsd_common_msgs/msg/detail/dds_fastrtps/cone_dbscan__type_support.cpp.o\x1b[0m\n'}
[12.988010] (fsd_common_msgs) StdoutLine: {'line': b'[ 68%] \x1b[32mBuilding CXX object CMakeFiles/fsd_common_msgs__rosidl_typesupport_fastrtps_cpp.dir/rosidl_typesupport_fastrtps_cpp/fsd_common_msgs/msg/detail/dds_fastrtps/cone_detections__type_support.cpp.o\x1b[0m\n'}
[13.005358] (fsd_common_msgs) StdoutLine: {'line': b'[ 69%] \x1b[32mBuilding C object CMakeFiles/fsd_common_msgs__rosidl_typesupport_introspection_c.dir/rosidl_typesupport_introspection_c/fsd_common_msgs/msg/detail/visualization__type_support.c.o\x1b[0m\n'}
[13.043179] (fsd_common_msgs) StdoutLine: {'line': b'[ 69%] \x1b[32mBuilding C object CMakeFiles/fsd_common_msgs__rosidl_typesupport_introspection_c.dir/rosidl_typesupport_introspection_c/fsd_common_msgs/msg/detail/yolo_cone__type_support.c.o\x1b[0m\n'}
[13.049603] (-) TimerEvent: {}
[13.127777] (fsd_common_msgs) StdoutLine: {'line': b'[ 70%] \x1b[32mBuilding CXX object CMakeFiles/fsd_common_msgs__rosidl_typesupport_fastrtps_c.dir/rosidl_typesupport_fastrtps_c/fsd_common_msgs/msg/detail/car_state__type_support_c.cpp.o\x1b[0m\n'}
[13.149413] (fsd_common_msgs) StdoutLine: {'line': b'[ 70%] \x1b[32mBuilding C object CMakeFiles/fsd_common_msgs__rosidl_typesupport_introspection_c.dir/rosidl_typesupport_introspection_c/fsd_common_msgs/msg/detail/yolo_cone_detections__type_support.c.o\x1b[0m\n'}
[13.150028] (-) TimerEvent: {}
[13.150233] (fsd_common_msgs) StdoutLine: {'line': b'[ 70%] \x1b[32mBuilding CXX object CMakeFiles/fsd_common_msgs__rosidl_typesupport_fastrtps_cpp.dir/rosidl_typesupport_fastrtps_cpp/fsd_common_msgs/msg/detail/dds_fastrtps/cone_detections_dbscan__type_support.cpp.o\x1b[0m\n'}
[13.250211] (-) TimerEvent: {}
[13.268020] (fsd_common_msgs) StdoutLine: {'line': b'[ 71%] \x1b[32mBuilding C object CMakeFiles/fsd_common_msgs__rosidl_typesupport_introspection_c.dir/rosidl_typesupport_introspection_c/fsd_common_msgs/msg/detail/yolo_cone_detections_track__type_support.c.o\x1b[0m\n'}
[13.299270] (fsd_common_msgs) StdoutLine: {'line': b'[ 71%] \x1b[32mBuilding C object CMakeFiles/fsd_common_msgs__rosidl_typesupport_introspection_c.dir/rosidl_typesupport_introspection_c/fsd_common_msgs/msg/detail/yolo_cone_track__type_support.c.o\x1b[0m\n'}
[13.351340] (-) TimerEvent: {}
[13.371716] (fsd_common_msgs) StdoutLine: {'line': b'[ 71%] \x1b[32mBuilding CXX object CMakeFiles/fsd_common_msgs__rosidl_typesupport_fastrtps_cpp.dir/rosidl_typesupport_fastrtps_cpp/fsd_common_msgs/msg/detail/dds_fastrtps/control_command__type_support.cpp.o\x1b[0m\n'}
[13.382007] (fsd_common_msgs) StdoutLine: {'line': b'[ 72%] \x1b[32mBuilding CXX object CMakeFiles/fsd_common_msgs__rosidl_typesupport_introspection_cpp.dir/rosidl_typesupport_introspection_cpp/fsd_common_msgs/msg/detail/visualization__type_support.cpp.o\x1b[0m\n'}
[13.399782] (fsd_common_msgs) StdoutLine: {'line': b'[ 72%] \x1b[32m\x1b[1mLinking C shared library libfsd_common_msgs__rosidl_typesupport_introspection_c.so\x1b[0m\n'}
[13.433707] (fsd_common_msgs) StdoutLine: {'line': b'[ 73%] \x1b[32mBuilding CXX object CMakeFiles/fsd_common_msgs__rosidl_typesupport_fastrtps_cpp.dir/rosidl_typesupport_fastrtps_cpp/fsd_common_msgs/msg/detail/dds_fastrtps/decision_flag__type_support.cpp.o\x1b[0m\n'}
[13.451494] (-) TimerEvent: {}
[13.528307] (fsd_common_msgs) StdoutLine: {'line': b'[ 73%] Built target fsd_common_msgs__rosidl_typesupport_introspection_c\n'}
[13.546667] (fsd_common_msgs) StdoutLine: {'line': b'[ 73%] \x1b[32mBuilding CXX object CMakeFiles/fsd_common_msgs__rosidl_typesupport_fastrtps_c.dir/rosidl_typesupport_fastrtps_c/fsd_common_msgs/msg/detail/car_state_dt__type_support_c.cpp.o\x1b[0m\n'}
[13.548495] (fsd_common_msgs) StdoutLine: {'line': b'[ 73%] \x1b[32mBuilding CXX object CMakeFiles/fsd_common_msgs__rosidl_typesupport_introspection_cpp.dir/rosidl_typesupport_introspection_cpp/fsd_common_msgs/msg/detail/yolo_cone__type_support.cpp.o\x1b[0m\n'}
[13.551599] (-) TimerEvent: {}
[13.595704] (fsd_common_msgs) StdoutLine: {'line': b'[ 73%] \x1b[32mBuilding CXX object CMakeFiles/fsd_common_msgs__rosidl_typesupport_fastrtps_cpp.dir/rosidl_typesupport_fastrtps_cpp/fsd_common_msgs/msg/detail/dds_fastrtps/driving_dynamics__type_support.cpp.o\x1b[0m\n'}
[13.651732] (-) TimerEvent: {}
[13.676911] (fsd_common_msgs) StdoutLine: {'line': b'[ 73%] \x1b[32mBuilding CXX object CMakeFiles/fsd_common_msgs__rosidl_typesupport_fastrtps_c.dir/rosidl_typesupport_fastrtps_c/fsd_common_msgs/msg/detail/cone__type_support_c.cpp.o\x1b[0m\n'}
[13.748934] (fsd_common_msgs) StdoutLine: {'line': b'[ 73%] \x1b[32mBuilding CXX object CMakeFiles/fsd_common_msgs__rosidl_typesupport_fastrtps_c.dir/rosidl_typesupport_fastrtps_c/fsd_common_msgs/msg/detail/cone_dbscan__type_support_c.cpp.o\x1b[0m\n'}
[13.751836] (-) TimerEvent: {}
[13.792661] (fsd_common_msgs) StdoutLine: {'line': b'[ 74%] \x1b[32mBuilding CXX object CMakeFiles/fsd_common_msgs__rosidl_typesupport_fastrtps_c.dir/rosidl_typesupport_fastrtps_c/fsd_common_msgs/msg/detail/cone_detections__type_support_c.cpp.o\x1b[0m\n'}
[13.812481] (fsd_common_msgs) StdoutLine: {'line': b'[ 74%] \x1b[32mBuilding CXX object CMakeFiles/fsd_common_msgs__rosidl_typesupport_fastrtps_cpp.dir/rosidl_typesupport_fastrtps_cpp/fsd_common_msgs/msg/detail/dds_fastrtps/echiev_message__type_support.cpp.o\x1b[0m\n'}
[13.843040] (fsd_common_msgs) StdoutLine: {'line': b'[ 75%] \x1b[32mBuilding CXX object CMakeFiles/fsd_common_msgs__rosidl_typesupport_fastrtps_cpp.dir/rosidl_typesupport_fastrtps_cpp/fsd_common_msgs/msg/detail/dds_fastrtps/feedback__type_support.cpp.o\x1b[0m\n'}
[13.852330] (-) TimerEvent: {}
[13.862390] (fsd_common_msgs) StdoutLine: {'line': b'[ 75%] \x1b[32mBuilding CXX object CMakeFiles/fsd_common_msgs__rosidl_typesupport_introspection_cpp.dir/rosidl_typesupport_introspection_cpp/fsd_common_msgs/msg/detail/yolo_cone_detections__type_support.cpp.o\x1b[0m\n'}
[13.953326] (-) TimerEvent: {}
[13.954318] (fsd_common_msgs) StdoutLine: {'line': b'[ 76%] \x1b[32mBuilding CXX object CMakeFiles/fsd_common_msgs__rosidl_typesupport_introspection_cpp.dir/rosidl_typesupport_introspection_cpp/fsd_common_msgs/msg/detail/yolo_cone_detections_track__type_support.cpp.o\x1b[0m\n'}
[13.960131] (fsd_common_msgs) StdoutLine: {'line': b'[ 76%] \x1b[32mBuilding CXX object CMakeFiles/fsd_common_msgs__rosidl_typesupport_fastrtps_cpp.dir/rosidl_typesupport_fastrtps_cpp/fsd_common_msgs/msg/detail/dds_fastrtps/ins_delta__type_support.cpp.o\x1b[0m\n'}
[14.055207] (-) TimerEvent: {}
[14.062437] (fsd_common_msgs) StdoutLine: {'line': b'[ 76%] \x1b[32mBuilding CXX object CMakeFiles/fsd_common_msgs__rosidl_typesupport_fastrtps_c.dir/rosidl_typesupport_fastrtps_c/fsd_common_msgs/msg/detail/cone_detections_dbscan__type_support_c.cpp.o\x1b[0m\n'}
[14.075514] (fsd_common_msgs) StdoutLine: {'line': b'[ 76%] \x1b[32mBuilding CXX object CMakeFiles/fsd_common_msgs__rosidl_typesupport_fastrtps_c.dir/rosidl_typesupport_fastrtps_c/fsd_common_msgs/msg/detail/control_command__type_support_c.cpp.o\x1b[0m\n'}
[14.086425] (fsd_common_msgs) StdoutLine: {'line': b'[ 76%] \x1b[32mBuilding CXX object CMakeFiles/fsd_common_msgs__rosidl_typesupport_introspection_cpp.dir/rosidl_typesupport_introspection_cpp/fsd_common_msgs/msg/detail/yolo_cone_track__type_support.cpp.o\x1b[0m\n'}
[14.155372] (-) TimerEvent: {}
[14.171607] (fsd_common_msgs) StdoutLine: {'line': b'[ 76%] \x1b[32mBuilding CXX object CMakeFiles/fsd_common_msgs__rosidl_typesupport_fastrtps_cpp.dir/rosidl_typesupport_fastrtps_cpp/fsd_common_msgs/msg/detail/dds_fastrtps/map__type_support.cpp.o\x1b[0m\n'}
[14.247318] (fsd_common_msgs) StdoutLine: {'line': b'[ 77%] \x1b[32mBuilding CXX object CMakeFiles/fsd_common_msgs__rosidl_typesupport_fastrtps_c.dir/rosidl_typesupport_fastrtps_c/fsd_common_msgs/msg/detail/decision_flag__type_support_c.cpp.o\x1b[0m\n'}
[14.255517] (-) TimerEvent: {}
[14.261484] (fsd_common_msgs) StdoutLine: {'line': b'[ 78%] \x1b[32mBuilding CXX object CMakeFiles/fsd_common_msgs__rosidl_typesupport_fastrtps_cpp.dir/rosidl_typesupport_fastrtps_cpp/fsd_common_msgs/msg/detail/dds_fastrtps/mission__type_support.cpp.o\x1b[0m\n'}
[14.356335] (-) TimerEvent: {}
[14.371143] (fsd_common_msgs) StdoutLine: {'line': b'[ 78%] \x1b[32mBuilding CXX object CMakeFiles/fsd_common_msgs__rosidl_typesupport_fastrtps_cpp.dir/rosidl_typesupport_fastrtps_cpp/fsd_common_msgs/msg/detail/dds_fastrtps/remote_control_command__type_support.cpp.o\x1b[0m\n'}
[14.457341] (-) TimerEvent: {}
[14.486325] (fsd_common_msgs) StdoutLine: {'line': b'[ 78%] \x1b[32mBuilding CXX object CMakeFiles/fsd_common_msgs__rosidl_typesupport_fastrtps_c.dir/rosidl_typesupport_fastrtps_c/fsd_common_msgs/msg/detail/driving_dynamics__type_support_c.cpp.o\x1b[0m\n'}
[14.557455] (-) TimerEvent: {}
[14.581716] (fsd_common_msgs) StdoutLine: {'line': b'[ 78%] \x1b[32mBuilding CXX object CMakeFiles/fsd_common_msgs__rosidl_typesupport_fastrtps_cpp.dir/rosidl_typesupport_fastrtps_cpp/fsd_common_msgs/msg/detail/dds_fastrtps/res_and_ami__type_support.cpp.o\x1b[0m\n'}
[14.587215] (fsd_common_msgs) StdoutLine: {'line': b'[ 79%] \x1b[32mBuilding CXX object CMakeFiles/fsd_common_msgs__rosidl_typesupport_fastrtps_c.dir/rosidl_typesupport_fastrtps_c/fsd_common_msgs/msg/detail/feedback__type_support_c.cpp.o\x1b[0m\n'}
[14.594390] (fsd_common_msgs) StdoutLine: {'line': b'[ 79%] \x1b[32mBuilding CXX object CMakeFiles/fsd_common_msgs__rosidl_typesupport_fastrtps_c.dir/rosidl_typesupport_fastrtps_c/fsd_common_msgs/msg/detail/echiev_message__type_support_c.cpp.o\x1b[0m\n'}
[14.617979] (fsd_common_msgs) StdoutLine: {'line': b'[ 79%] \x1b[32mBuilding CXX object CMakeFiles/fsd_common_msgs__rosidl_typesupport_fastrtps_c.dir/rosidl_typesupport_fastrtps_c/fsd_common_msgs/msg/detail/ins_delta__type_support_c.cpp.o\x1b[0m\n'}
[14.648390] (fsd_common_msgs) StdoutLine: {'line': b'[ 79%] \x1b[32mBuilding CXX object CMakeFiles/fsd_common_msgs__rosidl_typesupport_fastrtps_c.dir/rosidl_typesupport_fastrtps_c/fsd_common_msgs/msg/detail/map__type_support_c.cpp.o\x1b[0m\n'}
[14.657573] (-) TimerEvent: {}
[14.703550] (fsd_common_msgs) StdoutLine: {'line': b'[ 80%] \x1b[32mBuilding CXX object CMakeFiles/fsd_common_msgs__rosidl_typesupport_fastrtps_cpp.dir/rosidl_typesupport_fastrtps_cpp/fsd_common_msgs/msg/detail/dds_fastrtps/skidpad_global_center_line__type_support.cpp.o\x1b[0m\n'}
[14.704989] (fsd_common_msgs) StdoutLine: {'line': b'[ 80%] \x1b[32m\x1b[1mLinking CXX shared library libfsd_common_msgs__rosidl_typesupport_introspection_cpp.so\x1b[0m\n'}
[14.712170] (fsd_common_msgs) StdoutLine: {'line': b'[ 80%] \x1b[32mBuilding CXX object CMakeFiles/fsd_common_msgs__rosidl_typesupport_fastrtps_cpp.dir/rosidl_typesupport_fastrtps_cpp/fsd_common_msgs/msg/detail/dds_fastrtps/time__type_support.cpp.o\x1b[0m\n'}
[14.758325] (-) TimerEvent: {}
[14.858688] (-) TimerEvent: {}
[14.863033] (fsd_common_msgs) StdoutLine: {'line': b'[ 80%] \x1b[32mBuilding CXX object CMakeFiles/fsd_common_msgs__rosidl_typesupport_fastrtps_cpp.dir/rosidl_typesupport_fastrtps_cpp/fsd_common_msgs/msg/detail/dds_fastrtps/track__type_support.cpp.o\x1b[0m\n'}
[14.958847] (-) TimerEvent: {}
[14.995030] (fsd_common_msgs) StdoutLine: {'line': b'[ 81%] \x1b[32mBuilding CXX object CMakeFiles/fsd_common_msgs__rosidl_typesupport_fastrtps_cpp.dir/rosidl_typesupport_fastrtps_cpp/fsd_common_msgs/msg/detail/dds_fastrtps/trajectory_point__type_support.cpp.o\x1b[0m\n'}
[15.006483] (fsd_common_msgs) StdoutLine: {'line': b'[ 82%] \x1b[32mBuilding CXX object CMakeFiles/fsd_common_msgs__rosidl_typesupport_fastrtps_c.dir/rosidl_typesupport_fastrtps_c/fsd_common_msgs/msg/detail/mission__type_support_c.cpp.o\x1b[0m\n'}
[15.023615] (fsd_common_msgs) StdoutLine: {'line': b'[ 82%] Built target fsd_common_msgs__rosidl_typesupport_introspection_cpp\n'}
[15.028855] (fsd_common_msgs) StdoutLine: {'line': b'[ 82%] \x1b[32mBuilding CXX object CMakeFiles/fsd_common_msgs__rosidl_typesupport_fastrtps_cpp.dir/rosidl_typesupport_fastrtps_cpp/fsd_common_msgs/msg/detail/dds_fastrtps/visualization__type_support.cpp.o\x1b[0m\n'}
[15.043063] (fsd_common_msgs) StdoutLine: {'line': b'[ 82%] \x1b[32mBuilding CXX object CMakeFiles/fsd_common_msgs__rosidl_typesupport_fastrtps_c.dir/rosidl_typesupport_fastrtps_c/fsd_common_msgs/msg/detail/remote_control_command__type_support_c.cpp.o\x1b[0m\n'}
[15.060328] (-) TimerEvent: {}
[15.074605] (fsd_common_msgs) StdoutLine: {'line': b'[ 82%] \x1b[32mBuilding CXX object CMakeFiles/fsd_common_msgs__rosidl_typesupport_fastrtps_c.dir/rosidl_typesupport_fastrtps_c/fsd_common_msgs/msg/detail/res_and_ami__type_support_c.cpp.o\x1b[0m\n'}
[15.160453] (-) TimerEvent: {}
[15.241181] (fsd_common_msgs) StdoutLine: {'line': b'[ 82%] \x1b[32mBuilding CXX object CMakeFiles/fsd_common_msgs__rosidl_typesupport_fastrtps_cpp.dir/rosidl_typesupport_fastrtps_cpp/fsd_common_msgs/msg/detail/dds_fastrtps/yolo_cone__type_support.cpp.o\x1b[0m\n'}
[15.265329] (-) TimerEvent: {}
[15.297327] (fsd_common_msgs) StdoutLine: {'line': b'[ 83%] \x1b[32mBuilding CXX object CMakeFiles/fsd_common_msgs__rosidl_typesupport_fastrtps_c.dir/rosidl_typesupport_fastrtps_c/fsd_common_msgs/msg/detail/skidpad_global_center_line__type_support_c.cpp.o\x1b[0m\n'}
[15.365448] (-) TimerEvent: {}
[15.420048] (fsd_common_msgs) StdoutLine: {'line': b'[ 83%] \x1b[32mBuilding CXX object CMakeFiles/fsd_common_msgs__rosidl_typesupport_fastrtps_c.dir/rosidl_typesupport_fastrtps_c/fsd_common_msgs/msg/detail/time__type_support_c.cpp.o\x1b[0m\n'}
[15.459565] (fsd_common_msgs) StdoutLine: {'line': b'[ 84%] \x1b[32mBuilding CXX object CMakeFiles/fsd_common_msgs__rosidl_typesupport_fastrtps_cpp.dir/rosidl_typesupport_fastrtps_cpp/fsd_common_msgs/msg/detail/dds_fastrtps/yolo_cone_detections__type_support.cpp.o\x1b[0m\n'}
[15.465559] (-) TimerEvent: {}
[15.495572] (fsd_common_msgs) StdoutLine: {'line': b'[ 84%] \x1b[32mBuilding CXX object CMakeFiles/fsd_common_msgs__rosidl_typesupport_fastrtps_c.dir/rosidl_typesupport_fastrtps_c/fsd_common_msgs/msg/detail/track__type_support_c.cpp.o\x1b[0m\n'}
[15.516424] (fsd_common_msgs) StdoutLine: {'line': b'[ 85%] \x1b[32mBuilding CXX object CMakeFiles/fsd_common_msgs__rosidl_typesupport_fastrtps_c.dir/rosidl_typesupport_fastrtps_c/fsd_common_msgs/msg/detail/trajectory_point__type_support_c.cpp.o\x1b[0m\n'}
[15.531691] (fsd_common_msgs) StdoutLine: {'line': b'[ 85%] \x1b[32mBuilding CXX object CMakeFiles/fsd_common_msgs__rosidl_typesupport_fastrtps_cpp.dir/rosidl_typesupport_fastrtps_cpp/fsd_common_msgs/msg/detail/dds_fastrtps/yolo_cone_detections_track__type_support.cpp.o\x1b[0m\n'}
[15.566743] (-) TimerEvent: {}
[15.620845] (fsd_common_msgs) StdoutLine: {'line': b'[ 85%] \x1b[32mBuilding CXX object CMakeFiles/fsd_common_msgs__rosidl_typesupport_fastrtps_cpp.dir/rosidl_typesupport_fastrtps_cpp/fsd_common_msgs/msg/detail/dds_fastrtps/yolo_cone_track__type_support.cpp.o\x1b[0m\n'}
[15.654926] (fsd_common_msgs) StdoutLine: {'line': b'[ 85%] \x1b[32mBuilding CXX object CMakeFiles/fsd_common_msgs__rosidl_typesupport_fastrtps_c.dir/rosidl_typesupport_fastrtps_c/fsd_common_msgs/msg/detail/visualization__type_support_c.cpp.o\x1b[0m\n'}
[15.666885] (-) TimerEvent: {}
[15.754108] (fsd_common_msgs) StdoutLine: {'line': b'[ 85%] \x1b[32mBuilding CXX object CMakeFiles/fsd_common_msgs__rosidl_typesupport_fastrtps_c.dir/rosidl_typesupport_fastrtps_c/fsd_common_msgs/msg/detail/yolo_cone__type_support_c.cpp.o\x1b[0m\n'}
[15.768619] (-) TimerEvent: {}
[15.791210] (fsd_common_msgs) StdoutLine: {'line': b'[ 86%] \x1b[32mBuilding CXX object CMakeFiles/fsd_common_msgs__rosidl_typesupport_fastrtps_c.dir/rosidl_typesupport_fastrtps_c/fsd_common_msgs/msg/detail/yolo_cone_detections__type_support_c.cpp.o\x1b[0m\n'}
[15.868742] (-) TimerEvent: {}
[15.906293] (fsd_common_msgs) StdoutLine: {'line': b'[ 86%] \x1b[32mBuilding CXX object CMakeFiles/fsd_common_msgs__rosidl_typesupport_fastrtps_c.dir/rosidl_typesupport_fastrtps_c/fsd_common_msgs/msg/detail/yolo_cone_detections_track__type_support_c.cpp.o\x1b[0m\n'}
[15.954411] (fsd_common_msgs) StdoutLine: {'line': b'[ 86%] \x1b[32mBuilding CXX object CMakeFiles/fsd_common_msgs__rosidl_typesupport_fastrtps_c.dir/rosidl_typesupport_fastrtps_c/fsd_common_msgs/msg/detail/yolo_cone_track__type_support_c.cpp.o\x1b[0m\n'}
[15.968885] (-) TimerEvent: {}
[16.070015] (-) TimerEvent: {}
[16.170337] (-) TimerEvent: {}
[16.270666] (-) TimerEvent: {}
[16.371090] (-) TimerEvent: {}
[16.408239] (fsd_common_msgs) StdoutLine: {'line': b'[ 87%] \x1b[32m\x1b[1mLinking CXX shared library libfsd_common_msgs__rosidl_typesupport_fastrtps_cpp.so\x1b[0m\n'}
[16.471197] (-) TimerEvent: {}
[16.538654] (fsd_common_msgs) StdoutLine: {'line': b'[ 87%] Built target fsd_common_msgs__rosidl_typesupport_fastrtps_cpp\n'}
[16.571311] (-) TimerEvent: {}
[16.586493] (fsd_common_msgs) StdoutLine: {'line': b'[ 88%] \x1b[32m\x1b[1mLinking CXX shared library libfsd_common_msgs__rosidl_typesupport_fastrtps_c.so\x1b[0m\n'}
[16.671412] (-) TimerEvent: {}
[16.694813] (fsd_common_msgs) StdoutLine: {'line': b'[ 88%] Built target fsd_common_msgs__rosidl_typesupport_fastrtps_c\n'}
[16.719634] (fsd_common_msgs) StdoutLine: {'line': b'[ 88%] Built target fsd_common_msgs\n'}
[16.747715] (fsd_common_msgs) StdoutLine: {'line': b'[ 88%] \x1b[34m\x1b[1mGenerating Python code for ROS interfaces\x1b[0m\n'}
[16.771511] (-) TimerEvent: {}
[16.871770] (-) TimerEvent: {}
[16.971993] (-) TimerEvent: {}
[17.072295] (-) TimerEvent: {}
[17.172623] (-) TimerEvent: {}
[17.272990] (-) TimerEvent: {}
[17.373311] (-) TimerEvent: {}
[17.473586] (-) TimerEvent: {}
[17.573903] (-) TimerEvent: {}
[17.674198] (-) TimerEvent: {}
[17.774441] (-) TimerEvent: {}
[17.874685] (-) TimerEvent: {}
[17.974962] (-) TimerEvent: {}
[18.075216] (-) TimerEvent: {}
[18.175494] (-) TimerEvent: {}
[18.275737] (-) TimerEvent: {}
[18.375986] (-) TimerEvent: {}
[18.476217] (-) TimerEvent: {}
[18.576493] (-) TimerEvent: {}
[18.676759] (-) TimerEvent: {}
[18.776982] (-) TimerEvent: {}
[18.877217] (-) TimerEvent: {}
[18.977491] (-) TimerEvent: {}
[19.077764] (-) TimerEvent: {}
[19.178090] (-) TimerEvent: {}
[19.278450] (-) TimerEvent: {}
[19.378786] (-) TimerEvent: {}
[19.479096] (-) TimerEvent: {}
[19.579446] (-) TimerEvent: {}
[19.679790] (-) TimerEvent: {}
[19.780078] (-) TimerEvent: {}
[19.880391] (-) TimerEvent: {}
[19.956053] (fsd_common_msgs) StdoutLine: {'line': b'[ 88%] Built target fsd_common_msgs__py\n'}
[19.980533] (-) TimerEvent: {}
[19.984282] (fsd_common_msgs) StdoutLine: {'line': b'[ 89%] \x1b[32mBuilding C object CMakeFiles/fsd_common_msgs__rosidl_generator_py.dir/rosidl_generator_py/fsd_common_msgs/msg/_cone_detections_dbscan_s.c.o\x1b[0m\n'}
[19.984622] (fsd_common_msgs) StdoutLine: {'line': b'[ 89%] \x1b[32mBuilding C object CMakeFiles/fsd_common_msgs__rosidl_generator_py.dir/rosidl_generator_py/fsd_common_msgs/msg/_asensing_message_s.c.o\x1b[0m\n'}
[19.984735] (fsd_common_msgs) StdoutLine: {'line': b'[ 89%] \x1b[32mBuilding C object CMakeFiles/fsd_common_msgs__rosidl_generator_py.dir/rosidl_generator_py/fsd_common_msgs/msg/_decision_flag_s.c.o\x1b[0m\n'}
[19.984832] (fsd_common_msgs) StdoutLine: {'line': b'[ 90%] \x1b[32mBuilding C object CMakeFiles/fsd_common_msgs__rosidl_generator_py.dir/rosidl_generator_py/fsd_common_msgs/msg/_car_state_dt_s.c.o\x1b[0m\n'}
[19.984926] (fsd_common_msgs) StdoutLine: {'line': b'[ 90%] \x1b[32mBuilding C object CMakeFiles/fsd_common_msgs__rosidl_generator_py.dir/rosidl_generator_py/fsd_common_msgs/msg/_driving_dynamics_s.c.o\x1b[0m\n'}
[19.985017] (fsd_common_msgs) StdoutLine: {'line': b'[ 90%] \x1b[32mBuilding C object CMakeFiles/fsd_common_msgs__rosidl_generator_py.dir/rosidl_generator_py/fsd_common_msgs/msg/_car_state_s.c.o\x1b[0m\n'}
[19.986729] (fsd_common_msgs) StdoutLine: {'line': b'[ 89%] \x1b[32mBuilding C object CMakeFiles/fsd_common_msgs__rosidl_generator_py.dir/rosidl_generator_py/fsd_common_msgs/msg/_cone_detections_s.c.o\x1b[0m\n'}
[19.986916] (fsd_common_msgs) StdoutLine: {'line': b'[ 89%] \x1b[32mBuilding C object CMakeFiles/fsd_common_msgs__rosidl_generator_py.dir/rosidl_generator_py/fsd_common_msgs/msg/_as_state_s.c.o\x1b[0m\n'}
[19.987076] (fsd_common_msgs) StdoutLine: {'line': b'[ 91%] \x1b[32mBuilding C object CMakeFiles/fsd_common_msgs__rosidl_generator_py.dir/rosidl_generator_py/fsd_common_msgs/msg/_feedback_s.c.o\x1b[0m\n'}
[19.987200] (fsd_common_msgs) StdoutLine: {'line': b'[ 91%] \x1b[32mBuilding C object CMakeFiles/fsd_common_msgs__rosidl_generator_py.dir/rosidl_generator_py/fsd_common_msgs/msg/_cone_s.c.o\x1b[0m\n'}
[19.987338] (fsd_common_msgs) StdoutLine: {'line': b'[ 92%] \x1b[32mBuilding C object CMakeFiles/fsd_common_msgs__rosidl_generator_py.dir/rosidl_generator_py/fsd_common_msgs/msg/_control_command_s.c.o\x1b[0m\n'}
[19.987845] (fsd_common_msgs) StdoutLine: {'line': b'[ 92%] \x1b[32mBuilding C object CMakeFiles/fsd_common_msgs__rosidl_generator_py.dir/rosidl_generator_py/fsd_common_msgs/msg/_can_frames_s.c.o\x1b[0m\n'}
[19.988410] (fsd_common_msgs) StdoutLine: {'line': b'[ 93%] \x1b[32mBuilding C object CMakeFiles/fsd_common_msgs__rosidl_generator_py.dir/rosidl_generator_py/fsd_common_msgs/msg/_ins_delta_s.c.o\x1b[0m\n'}
[19.988538] (fsd_common_msgs) StdoutLine: {'line': b'[ 93%] \x1b[32mBuilding C object CMakeFiles/fsd_common_msgs__rosidl_generator_py.dir/rosidl_generator_py/fsd_common_msgs/msg/_cone_dbscan_s.c.o\x1b[0m\n'}
[19.988681] (fsd_common_msgs) StdoutLine: {'line': b'[ 93%] \x1b[32mBuilding C object CMakeFiles/fsd_common_msgs__rosidl_generator_py.dir/rosidl_generator_py/fsd_common_msgs/msg/_echiev_message_s.c.o\x1b[0m\n'}
[20.000443] (fsd_common_msgs) StdoutLine: {'line': b'[ 94%] \x1b[32mBuilding C object CMakeFiles/fsd_common_msgs__rosidl_generator_py.dir/rosidl_generator_py/fsd_common_msgs/msg/_map_s.c.o\x1b[0m\n'}
[20.081345] (-) TimerEvent: {}
[20.183782] (-) TimerEvent: {}
[20.209951] (fsd_common_msgs) StdoutLine: {'line': b'[ 94%] \x1b[32mBuilding C object CMakeFiles/fsd_common_msgs__rosidl_generator_py.dir/rosidl_generator_py/fsd_common_msgs/msg/_remote_control_command_s.c.o\x1b[0m\n'}
[20.225683] (fsd_common_msgs) StdoutLine: {'line': b'[ 94%] \x1b[32mBuilding C object CMakeFiles/fsd_common_msgs__rosidl_generator_py.dir/rosidl_generator_py/fsd_common_msgs/msg/_mission_s.c.o\x1b[0m\n'}
[20.229628] (fsd_common_msgs) StdoutLine: {'line': b'[ 95%] \x1b[32mBuilding C object CMakeFiles/fsd_common_msgs__rosidl_generator_py.dir/rosidl_generator_py/fsd_common_msgs/msg/_res_and_ami_s.c.o\x1b[0m\n'}
[20.237323] (fsd_common_msgs) StdoutLine: {'line': b'[ 96%] \x1b[32mBuilding C object CMakeFiles/fsd_common_msgs__rosidl_generator_py.dir/rosidl_generator_py/fsd_common_msgs/msg/_track_s.c.o\x1b[0m\n'}
[20.248410] (fsd_common_msgs) StdoutLine: {'line': b'[ 96%] \x1b[32mBuilding C object CMakeFiles/fsd_common_msgs__rosidl_generator_py.dir/rosidl_generator_py/fsd_common_msgs/msg/_time_s.c.o\x1b[0m\n'}
[20.250246] (fsd_common_msgs) StdoutLine: {'line': b'[ 96%] \x1b[32mBuilding C object CMakeFiles/fsd_common_msgs__rosidl_generator_py.dir/rosidl_generator_py/fsd_common_msgs/msg/_visualization_s.c.o\x1b[0m\n'}
[20.250545] (fsd_common_msgs) StdoutLine: {'line': b'[ 96%] \x1b[32mBuilding C object CMakeFiles/fsd_common_msgs__rosidl_generator_py.dir/rosidl_generator_py/fsd_common_msgs/msg/_trajectory_point_s.c.o\x1b[0m\n'}
[20.251354] (fsd_common_msgs) StdoutLine: {'line': b'[ 96%] \x1b[32mBuilding C object CMakeFiles/fsd_common_msgs__rosidl_generator_py.dir/rosidl_generator_py/fsd_common_msgs/msg/_skidpad_global_center_line_s.c.o\x1b[0m\n'}
[20.267289] (fsd_common_msgs) StdoutLine: {'line': b'[ 97%] \x1b[32mBuilding C object CMakeFiles/fsd_common_msgs__rosidl_generator_py.dir/rosidl_generator_py/fsd_common_msgs/msg/_yolo_cone_s.c.o\x1b[0m\n'}
[20.267685] (fsd_common_msgs) StdoutLine: {'line': b'[ 97%] \x1b[32mBuilding C object CMakeFiles/fsd_common_msgs__rosidl_generator_py.dir/rosidl_generator_py/fsd_common_msgs/msg/_yolo_cone_detections_s.c.o\x1b[0m\n'}
[20.281310] (fsd_common_msgs) StdoutLine: {'line': b'[ 97%] \x1b[32mBuilding C object CMakeFiles/fsd_common_msgs__rosidl_generator_py.dir/rosidl_generator_py/fsd_common_msgs/msg/_yolo_cone_detections_track_s.c.o\x1b[0m\n'}
[20.283920] (-) TimerEvent: {}
[20.288380] (fsd_common_msgs) StdoutLine: {'line': b'[ 98%] \x1b[32mBuilding C object CMakeFiles/fsd_common_msgs__rosidl_generator_py.dir/rosidl_generator_py/fsd_common_msgs/msg/_yolo_cone_track_s.c.o\x1b[0m\n'}
[20.384033] (-) TimerEvent: {}
[20.484425] (-) TimerEvent: {}
[20.509891] (fsd_common_msgs) StdoutLine: {'line': b'[ 98%] \x1b[32m\x1b[1mLinking C shared library libfsd_common_msgs__rosidl_generator_py.so\x1b[0m\n'}
[20.574289] (fsd_common_msgs) StdoutLine: {'line': b'[ 98%] Built target fsd_common_msgs__rosidl_generator_py\n'}
[20.584541] (-) TimerEvent: {}
[20.597738] (fsd_common_msgs) StdoutLine: {'line': b'[ 99%] \x1b[32mBuilding C object CMakeFiles/fsd_common_msgs_s__rosidl_typesupport_introspection_c.dir/rosidl_generator_py/fsd_common_msgs/_fsd_common_msgs_s.ep.rosidl_typesupport_introspection_c.c.o\x1b[0m\n'}
[20.598140] (fsd_common_msgs) StdoutLine: {'line': b'[ 99%] \x1b[32mBuilding C object CMakeFiles/fsd_common_msgs_s__rosidl_typesupport_c.dir/rosidl_generator_py/fsd_common_msgs/_fsd_common_msgs_s.ep.rosidl_typesupport_c.c.o\x1b[0m\n'}
[20.598247] (fsd_common_msgs) StdoutLine: {'line': b'[ 99%] \x1b[32mBuilding C object CMakeFiles/fsd_common_msgs_s__rosidl_typesupport_fastrtps_c.dir/rosidl_generator_py/fsd_common_msgs/_fsd_common_msgs_s.ep.rosidl_typesupport_fastrtps_c.c.o\x1b[0m\n'}
[20.684634] (-) TimerEvent: {}
[20.770590] (fsd_common_msgs) StdoutLine: {'line': b'[100%] \x1b[32m\x1b[1mLinking C shared module rosidl_generator_py/fsd_common_msgs/fsd_common_msgs_s__rosidl_typesupport_fastrtps_c.so\x1b[0m\n'}
[20.770773] (fsd_common_msgs) StdoutLine: {'line': b'[100%] \x1b[32m\x1b[1mLinking C shared module rosidl_generator_py/fsd_common_msgs/fsd_common_msgs_s__rosidl_typesupport_introspection_c.so\x1b[0m\n'}
[20.779911] (fsd_common_msgs) StdoutLine: {'line': b'[100%] \x1b[32m\x1b[1mLinking C shared module rosidl_generator_py/fsd_common_msgs/fsd_common_msgs_s__rosidl_typesupport_c.so\x1b[0m\n'}
[20.784744] (-) TimerEvent: {}
[20.809080] (fsd_common_msgs) StdoutLine: {'line': b'[100%] Built target fsd_common_msgs_s__rosidl_typesupport_fastrtps_c\n'}
[20.809401] (fsd_common_msgs) StdoutLine: {'line': b'[100%] Built target fsd_common_msgs_s__rosidl_typesupport_introspection_c\n'}
[20.816709] (fsd_common_msgs) StdoutLine: {'line': b'[100%] Built target fsd_common_msgs_s__rosidl_typesupport_c\n'}
[20.834708] (fsd_common_msgs) CommandEnded: {'returncode': 0}
[20.835734] (fsd_common_msgs) JobProgress: {'identifier': 'fsd_common_msgs', 'progress': 'install'}
[20.847530] (fsd_common_msgs) Command: {'cmd': ['/usr/bin/cmake', '--install', '/home/c/Formax_wuren_shixi/ros2_learning-main/ros2_advanced/ros2_homework_advanced_ws/build/fsd_common_msgs'], 'cwd': '/home/c/Formax_wuren_shixi/ros2_learning-main/ros2_advanced/ros2_homework_advanced_ws/build/fsd_common_msgs', 'env': OrderedDict({'GJS_DEBUG_TOPICS': 'JS ERROR;JS LOG', 'LESSOPEN': '| /usr/bin/lesspipe %s', 'AI_AGENT': 'TRAE', 'LANGUAGE': 'zh_CN:en', 'USER': 'c', 'LC_TIME': 'zh_CN.UTF-8', 'XDG_SESSION_TYPE': 'x11', 'GIT_ASKPASS': '/usr/share/trae-cn/resources/app/extensions/git/dist/askpass.sh', 'CLUTTER_DISABLE_MIPMAPPED_TEXT': '1', 'SHLVL': '1', 'LD_LIBRARY_PATH': '/home/c/dev_ws/install/learning_interface/lib:/opt/ros/jazzy/opt/rviz_ogre_vendor/lib:/opt/ros/jazzy/lib/x86_64-linux-gnu:/opt/ros/jazzy/opt/gz_math_vendor/lib:/opt/ros/jazzy/opt/gz_utils_vendor/lib:/opt/ros/jazzy/opt/gz_cmake_vendor/lib:/opt/ros/jazzy/lib', 'HOME': '/home/c', 'CHROME_DESKTOP': 'trae-cn.desktop', 'OLDPWD': '/home/c/Formax_wuren_shixi/ros2_learning-main/ros2_advanced', 'TERM_PROGRAM_VERSION': '1.107.1', 'DESKTOP_SESSION': 'ubuntu', 'GIO_LAUNCHED_DESKTOP_FILE': '/usr/share/applications/trae-cn.desktop', 'TRAE_SANDBOX_CLI_PATH': '/usr/share/trae-cn/resources/app/modules/sandbox/trae-sandbox', 'ROS_PYTHON_VERSION': '3', 'GNOME_SHELL_SESSION_MODE': 'ubuntu', 'GTK_MODULES': 'gail:atk-bridge', 'PAGER': '', 'VSCODE_GIT_ASKPASS_MAIN': '/usr/share/trae-cn/resources/app/extensions/git/dist/askpass-main.js', 'PS1': '\\n(TraeAI-1) \\w [$?] $', 'LC_MONETARY': 'zh_CN.UTF-8', 'VSCODE_GIT_ASKPASS_NODE': '/usr/share/trae-cn/trae-cn', 'MANAGERPID': '3143', 'TRAE_AI_SHELL_ID': '1', 'TRAE_SANDBOX_SOURCE_FLAG_PATH': '/tmp/sandbox-source-flag-0a6887a6-2be2-4d6b-b68f-8cf52f1bf558', 'SYSTEMD_EXEC_PID': '3819', 'VSCODE_PYTHON_AUTOACTIVATE_GUARD': '1', 'GSM_SKIP_SSH_AGENT_WORKAROUND': 'true', 'DBUS_SESSION_BUS_ADDRESS': 'unix:path=/run/user/1000/bus', 'COLORTERM': 'truecolor', 'isArchMatched': '1', 'GIO_LAUNCHED_DESKTOP_FILE_PID': '708962', 'TRAE_JWT_TOKEN_PATH': '/home/c/.trae-cn/trae-jwt-token', 'DEBUGINFOD_URLS': 'https://debuginfod.ubuntu.com', 'TRAE_SANDBOX_STORAGE_PATH': '/home/c/.config/Trae CN/ModularData/ai-agent/sandbox', 'SAFE_RM_AUTO_ADD_TEMP': '1', 'IM_CONFIG_PHASE': '1', 'COLCON_PREFIX_PATH': '/home/c/dev_ws/install', 'ROS_DISTRO': 'jazzy', 'GTK_IM_MODULE': 'fcitx', 'LOGNAME': 'c', 'SAFE_RM_DENIED_PATH': '/home/c/Formax_wuren_shixi/ros2_learning-main/ros2_advanced/.vscode:/home/c/Formax_wuren_shixi/ros2_learning-main/ros2_advanced/.git', 'JOURNAL_STREAM': '9:11240', '_': '/usr/bin/colcon', 'ROS_VERSION': '2', 'MEMORY_PRESSURE_WATCH': '/sys/fs/cgroup/user.slice/user-1000.slice/user@1000.service/session.slice/org.gnome.Shell@x11.service/memory.pressure', 'XDG_SESSION_CLASS': 'user', 'USERNAME': 'c', 'TERM': 'xterm-256color', 'GNOME_DESKTOP_SESSION_ID': 'this-is-deprecated', 'TRAE_SANDBOX_LOG_DIR': '/home/c/.config/Trae CN/logs/20260606T094250/Modular', 'FC_FONTATIONS': '1', 'HISTCONTROL': 'ignorespace', 'WINDOWPATH': '2', 'PATH': '/home/c/.trae-cn/tools/trae-gopls/current:/home/c/.trae-cn/sdks/workspaces/dcd46628/versions/node/current:/home/c/.trae-cn/sdks/versions/node/current:/home/c/.local/bin:/usr/share/trae-cn/resources/app/bin:/home/c/.trae-cn/tools/trae-gopls/current:/home/c/.trae-cn/sdks/workspaces/dcd46628/versions/node/current:/home/c/.trae-cn/sdks/versions/node/current:/home/c/.local/bin:/home/c/.local/bin:/opt/ros/jazzy/bin:/home/c/.local/bin:/usr/local/sbin:/usr/local/bin:/usr/sbin:/usr/bin:/sbin:/bin:/usr/games:/usr/local/games:/snap/bin:/snap/bin:/usr/share/trae-cn/resources/app/node_modules/@vscode/ripgrep/bin', 'SESSION_MANAGER': 'local/c-ASUS-TUF-Gaming-A15-FA507RM-FA507RM:@/tmp/.ICE-unix/3787,unix/c-ASUS-TUF-Gaming-A15-FA507RM-FA507RM:/tmp/.ICE-unix/3787', 'INVOCATION_ID': 'e168422689144addb316d2974d2b5356', 'PAPERSIZE': 'a4', 'XDG_MENU_PREFIX': 'gnome-', 'LC_ADDRESS': 'zh_CN.UTF-8', 'XDG_RUNTIME_DIR': '/run/user/1000', 'GDK_BACKEND': 'x11', 'DISPLAY': ':1', 'FILESYSTEM_CASE_SENSITIVE': 'true', 'LANG': 'zh_CN.UTF-8', 'XDG_CURRENT_DESKTOP': 'ubuntu:GNOME', 'LC_TELEPHONE': 'zh_CN.UTF-8', 'TRAE_SANDBOX_CONFIG_NAME': '6a23e289115435ee9abf8753', 'XMODIFIERS': '@im=fcitx', 'TRAE_SANDBOX_DUMP_DIR': '/home/c/.config/Trae CN/Crashpad/sandbox-pending', 'XDG_SESSION_DESKTOP': 'ubuntu', 'XAUTHORITY': '/run/user/1000/gdm/Xauthority', 'TRAE_BRAND_NAME': 'Trae CN', 'LS_COLORS': 'rs=0:di=01;34:ln=01;36:mh=00:pi=40;33:so=01;35:do=01;35:bd=40;33;01:cd=40;33;01:or=40;31;01:mi=00:su=37;41:sg=30;43:ca=00:tw=30;42:ow=34;42:st=37;44:ex=01;32:*.tar=01;31:*.tgz=01;31:*.arc=01;31:*.arj=01;31:*.taz=01;31:*.lha=01;31:*.lz4=01;31:*.lzh=01;31:*.lzma=01;31:*.tlz=01;31:*.txz=01;31:*.tzo=01;31:*.t7z=01;31:*.zip=01;31:*.z=01;31:*.dz=01;31:*.gz=01;31:*.lrz=01;31:*.lz=01;31:*.lzo=01;31:*.xz=01;31:*.zst=01;31:*.tzst=01;31:*.bz2=01;31:*.bz=01;31:*.tbz=01;31:*.tbz2=01;31:*.tz=01;31:*.deb=01;31:*.rpm=01;31:*.jar=01;31:*.war=01;31:*.ear=01;31:*.sar=01;31:*.rar=01;31:*.alz=01;31:*.ace=01;31:*.zoo=01;31:*.cpio=01;31:*.7z=01;31:*.rz=01;31:*.cab=01;31:*.wim=01;31:*.swm=01;31:*.dwm=01;31:*.esd=01;31:*.avif=01;35:*.jpg=01;35:*.jpeg=01;35:*.mjpg=01;35:*.mjpeg=01;35:*.gif=01;35:*.bmp=01;35:*.pbm=01;35:*.pgm=01;35:*.ppm=01;35:*.tga=01;35:*.xbm=01;35:*.xpm=01;35:*.tif=01;35:*.tiff=01;35:*.png=01;35:*.svg=01;35:*.svgz=01;35:*.mng=01;35:*.pcx=01;35:*.mov=01;35:*.mpg=01;35:*.mpeg=01;35:*.m2v=01;35:*.mkv=01;35:*.webm=01;35:*.webp=01;35:*.ogm=01;35:*.mp4=01;35:*.m4v=01;35:*.mp4v=01;35:*.vob=01;35:*.qt=01;35:*.nuv=01;35:*.wmv=01;35:*.asf=01;35:*.rm=01;35:*.rmvb=01;35:*.flc=01;35:*.avi=01;35:*.fli=01;35:*.flv=01;35:*.gl=01;35:*.dl=01;35:*.xcf=01;35:*.xwd=01;35:*.yuv=01;35:*.cgm=01;35:*.emf=01;35:*.ogv=01;35:*.ogx=01;35:*.aac=00;36:*.au=00;36:*.flac=00;36:*.m4a=00;36:*.mid=00;36:*.midi=00;36:*.mka=00;36:*.mp3=00;36:*.mpc=00;36:*.ogg=00;36:*.ra=00;36:*.wav=00;36:*.oga=00;36:*.opus=00;36:*.spx=00;36:*.xspf=00;36:*~=00;90:*#=00;90:*.bak=00;90:*.crdownload=00;90:*.dpkg-dist=00;90:*.dpkg-new=00;90:*.dpkg-old=00;90:*.dpkg-tmp=00;90:*.old=00;90:*.orig=00;90:*.part=00;90:*.rej=00;90:*.rpmnew=00;90:*.rpmorig=00;90:*.rpmsave=00;90:*.swp=00;90:*.tmp=00;90:*.ucf-dist=00;90:*.ucf-new=00;90:*.ucf-old=00;90:', 'VSCODE_GIT_IPC_HANDLE': '/run/user/1000/vscode-git-c9111690f2.sock', 'TERM_PROGRAM': 'vscode', 'SSH_AUTH_SOCK': '/run/user/1000/keyring/ssh', 'AMENT_PREFIX_PATH': '/home/c/dev_ws/install/learning_urdf:/home/c/dev_ws/install/learning_topic_cpp:/home/c/dev_ws/install/learning_topic:/home/c/dev_ws/install/learning_tf_cpp:/home/c/dev_ws/install/learning_tf:/home/c/dev_ws/install/learning_service_cpp:/home/c/dev_ws/install/learning_service:/home/c/dev_ws/install/learning_qos:/home/c/dev_ws/install/learning_pkg_python:/home/c/dev_ws/install/learning_pkg_c:/home/c/dev_ws/install/learning_parameter_cpp:/home/c/dev_ws/install/learning_parameter:/home/c/dev_ws/install/learning_node_cpp:/home/c/dev_ws/install/learning_node:/home/c/dev_ws/install/learning_launch:/home/c/dev_ws/install/learning_action_cpp:/home/c/dev_ws/install/learning_action:/home/c/dev_ws/install/learning_interface:/home/c/dev_ws/install/learning_gazebo_harmonic:/home/c/dev_ws/install/learning_gazebo:/home/c/dev_ws/install/learning_cv:/opt/ros/jazzy', 'SHELL': '/bin/bash', 'LC_NAME': 'zh_CN.UTF-8', '__trae_PS1': '\\n(TraeAI-1) \\w [$?] $', 'QT_ACCESSIBILITY': '1', 'GDMSESSION': 'ubuntu', 'LESSCLOSE': '/usr/bin/lesspipe %s %s', 'LC_MEASUREMENT': 'zh_CN.UTF-8', 'TRAE_SANDBOX_TRACE_FILE': '/tmp/trae_sandbox_trace_51187655-1088-48ac-bc07-0b0c447a4305.jsonl', 'GPG_AGENT_INFO': '/run/user/1000/gnupg/S.gpg-agent:0:1', 'GJS_DEBUG_OUTPUT': 'stderr', 'LC_IDENTIFICATION': 'zh_CN.UTF-8', 'ROS_AUTOMATIC_DISCOVERY_RANGE': 'SUBNET', 'VSCODE_GIT_ASKPASS_EXTRA_ARGS': '', 'GIT_PAGER': '', 'QT_IM_MODULE': 'fcitx', 'PWD': '/home/c/Formax_wuren_shixi/ros2_learning-main/ros2_advanced/ros2_homework_advanced_ws/build/fsd_common_msgs', 'LC_ALL': 'en_US.UTF-8', 'SAFE_RM_ALLOWED_PATH': '/home/c/Formax_wuren_shixi/ros2_learning-main/ros2_advanced:/home/c/.config/Trae CN/ModularData/ai-agent/hooks_env:/tmp:/home/c/.cache:/home/c/.local/lib:/home/c/.local/bin:/home/c/.local/share:/home/c/.dotnet:/home/c/.bash_history', 'XDG_CONFIG_DIRS': '/etc/xdg/xdg-ubuntu:/etc/xdg', 'TERM_PRODUCT': 'Trae', 'XDG_DATA_DIRS': '/usr/share/ubuntu:/usr/share/gnome:/usr/local/share/:/usr/share/:/var/lib/snapd/desktop', 'PYTHONPATH': '/home/c/dev_ws/install/learning_urdf/lib/python3.12/site-packages:/home/c/dev_ws/install/learning_topic/lib/python3.12/site-packages:/home/c/dev_ws/install/learning_tf/lib/python3.12/site-packages:/home/c/dev_ws/install/learning_service/lib/python3.12/site-packages:/home/c/dev_ws/install/learning_qos/lib/python3.12/site-packages:/home/c/dev_ws/install/learning_pkg_python/lib/python3.12/site-packages:/home/c/dev_ws/install/learning_parameter/lib/python3.12/site-packages:/home/c/dev_ws/install/learning_node/lib/python3.12/site-packages:/home/c/dev_ws/install/learning_launch/lib/python3.12/site-packages:/home/c/dev_ws/install/learning_action/lib/python3.12/site-packages:/home/c/dev_ws/install/learning_interface/lib/python3.12/site-packages:/home/c/dev_ws/install/learning_gazebo_harmonic/lib/python3.12/site-packages:/home/c/dev_ws/install/learning_gazebo/lib/python3.12/site-packages:/home/c/dev_ws/install/learning_cv/lib/python3.12/site-packages:/opt/ros/jazzy/lib/python3.12/site-packages', 'SAFE_RM_PROTECTION_FLAG': '/tmp/safe-rm-protection-flag-1ffffe5c-0e15-4421-921a-d6dfed060d53', 'LC_NUMERIC': 'zh_CN.UTF-8', 'LC_PAPER': 'zh_CN.UTF-8', 'COLCON': '1', 'MEMORY_PRESSURE_WRITE': 'c29tZSAyMDAwMDAgMjAwMDAwMAA=', 'SAFE_RM_SOURCE_FLAG': '/tmp/safe-rm-source-flag-c6deb38c-1280-4ac4-857d-76e4a0f31932', 'CMAKE_PREFIX_PATH': '/home/c/dev_ws/install/learning_topic_cpp:/home/c/dev_ws/install/learning_tf_cpp:/home/c/dev_ws/install/learning_service_cpp:/home/c/dev_ws/install/learning_pkg_c:/home/c/dev_ws/install/learning_parameter_cpp:/home/c/dev_ws/install/learning_node_cpp:/home/c/dev_ws/install/learning_action_cpp:/home/c/dev_ws/install/learning_interface:/opt/ros/jazzy/opt/gz_math_vendor:/opt/ros/jazzy/opt/gz_utils_vendor:/opt/ros/jazzy/opt/gz_cmake_vendor:/home/c/dev_ws/install/learning_urdf:/home/c/dev_ws/install/learning_topic:/home/c/dev_ws/install/learning_tf:/home/c/dev_ws/install/learning_service:/home/c/dev_ws/install/learning_qos:/home/c/dev_ws/install/learning_pkg_python:/home/c/dev_ws/install/learning_parameter:/home/c/dev_ws/install/learning_node:/home/c/dev_ws/install/learning_launch:/home/c/dev_ws/install/learning_action:/home/c/dev_ws/install/learning_gazebo_harmonic:/home/c/dev_ws/install/learning_gazebo:/home/c/dev_ws/install/learning_cv:/opt/ros/jazzy'}), 'shell': False}
[20.857177] (fsd_common_msgs) StdoutLine: {'line': b'-- Install configuration: ""\n'}
[20.857575] (fsd_common_msgs) StdoutLine: {'line': b'-- Installing: /home/c/Formax_wuren_shixi/ros2_learning-main/ros2_advanced/ros2_homework_advanced_ws/install/fsd_common_msgs/share/ament_index/resource_index/rosidl_interfaces/fsd_common_msgs\n'}
[20.857862] (fsd_common_msgs) StdoutLine: {'line': b'-- Installing: /home/c/Formax_wuren_shixi/ros2_learning-main/ros2_advanced/ros2_homework_advanced_ws/install/fsd_common_msgs/share/fsd_common_msgs/msg/AsState.json\n'}
[20.858007] (fsd_common_msgs) StdoutLine: {'line': b'-- Installing: /home/c/Formax_wuren_shixi/ros2_learning-main/ros2_advanced/ros2_homework_advanced_ws/install/fsd_common_msgs/share/fsd_common_msgs/msg/AsensingMessage.json\n'}
[20.858155] (fsd_common_msgs) StdoutLine: {'line': b'-- Installing: /home/c/Formax_wuren_shixi/ros2_learning-main/ros2_advanced/ros2_homework_advanced_ws/install/fsd_common_msgs/share/fsd_common_msgs/msg/CanFrames.json\n'}
[20.858300] (fsd_common_msgs) StdoutLine: {'line': b'-- Installing: /home/c/Formax_wuren_shixi/ros2_learning-main/ros2_advanced/ros2_homework_advanced_ws/install/fsd_common_msgs/share/fsd_common_msgs/msg/CarState.json\n'}
[20.858438] (fsd_common_msgs) StdoutLine: {'line': b'-- Installing: /home/c/Formax_wuren_shixi/ros2_learning-main/ros2_advanced/ros2_homework_advanced_ws/install/fsd_common_msgs/share/fsd_common_msgs/msg/CarStateDt.json\n'}
[20.858584] (fsd_common_msgs) StdoutLine: {'line': b'-- Installing: /home/c/Formax_wuren_shixi/ros2_learning-main/ros2_advanced/ros2_homework_advanced_ws/install/fsd_common_msgs/share/fsd_common_msgs/msg/Cone.json\n'}
[20.858716] (fsd_common_msgs) StdoutLine: {'line': b'-- Installing: /home/c/Formax_wuren_shixi/ros2_learning-main/ros2_advanced/ros2_homework_advanced_ws/install/fsd_common_msgs/share/fsd_common_msgs/msg/ConeDbscan.json\n'}
[20.858851] (fsd_common_msgs) StdoutLine: {'line': b'-- Installing: /home/c/Formax_wuren_shixi/ros2_learning-main/ros2_advanced/ros2_homework_advanced_ws/install/fsd_common_msgs/share/fsd_common_msgs/msg/ConeDetections.json\n'}
[20.858987] (fsd_common_msgs) StdoutLine: {'line': b'-- Installing: /home/c/Formax_wuren_shixi/ros2_learning-main/ros2_advanced/ros2_homework_advanced_ws/install/fsd_common_msgs/share/fsd_common_msgs/msg/ConeDetectionsDbscan.json\n'}
[20.859127] (fsd_common_msgs) StdoutLine: {'line': b'-- Installing: /home/c/Formax_wuren_shixi/ros2_learning-main/ros2_advanced/ros2_homework_advanced_ws/install/fsd_common_msgs/share/fsd_common_msgs/msg/ControlCommand.json\n'}
[20.859268] (fsd_common_msgs) StdoutLine: {'line': b'-- Installing: /home/c/Formax_wuren_shixi/ros2_learning-main/ros2_advanced/ros2_homework_advanced_ws/install/fsd_common_msgs/share/fsd_common_msgs/msg/DecisionFlag.json\n'}
[20.859405] (fsd_common_msgs) StdoutLine: {'line': b'-- Installing: /home/c/Formax_wuren_shixi/ros2_learning-main/ros2_advanced/ros2_homework_advanced_ws/install/fsd_common_msgs/share/fsd_common_msgs/msg/DrivingDynamics.json\n'}
[20.859538] (fsd_common_msgs) StdoutLine: {'line': b'-- Installing: /home/c/Formax_wuren_shixi/ros2_learning-main/ros2_advanced/ros2_homework_advanced_ws/install/fsd_common_msgs/share/fsd_common_msgs/msg/EchievMessage.json\n'}
[20.859671] (fsd_common_msgs) StdoutLine: {'line': b'-- Installing: /home/c/Formax_wuren_shixi/ros2_learning-main/ros2_advanced/ros2_homework_advanced_ws/install/fsd_common_msgs/share/fsd_common_msgs/msg/Feedback.json\n'}
[20.859805] (fsd_common_msgs) StdoutLine: {'line': b'-- Installing: /home/c/Formax_wuren_shixi/ros2_learning-main/ros2_advanced/ros2_homework_advanced_ws/install/fsd_common_msgs/share/fsd_common_msgs/msg/InsDelta.json\n'}
[20.859936] (fsd_common_msgs) StdoutLine: {'line': b'-- Installing: /home/c/Formax_wuren_shixi/ros2_learning-main/ros2_advanced/ros2_homework_advanced_ws/install/fsd_common_msgs/share/fsd_common_msgs/msg/Map.json\n'}
[20.860074] (fsd_common_msgs) StdoutLine: {'line': b'-- Installing: /home/c/Formax_wuren_shixi/ros2_learning-main/ros2_advanced/ros2_homework_advanced_ws/install/fsd_common_msgs/share/fsd_common_msgs/msg/Mission.json\n'}
[20.860204] (fsd_common_msgs) StdoutLine: {'line': b'-- Installing: /home/c/Formax_wuren_shixi/ros2_learning-main/ros2_advanced/ros2_homework_advanced_ws/install/fsd_common_msgs/share/fsd_common_msgs/msg/RemoteControlCommand.json\n'}
[20.860351] (fsd_common_msgs) StdoutLine: {'line': b'-- Installing: /home/c/Formax_wuren_shixi/ros2_learning-main/ros2_advanced/ros2_homework_advanced_ws/install/fsd_common_msgs/share/fsd_common_msgs/msg/ResAndAmi.json\n'}
[20.860479] (fsd_common_msgs) StdoutLine: {'line': b'-- Installing: /home/c/Formax_wuren_shixi/ros2_learning-main/ros2_advanced/ros2_homework_advanced_ws/install/fsd_common_msgs/share/fsd_common_msgs/msg/SkidpadGlobalCenterLine.json\n'}
[20.860609] (fsd_common_msgs) StdoutLine: {'line': b'-- Installing: /home/c/Formax_wuren_shixi/ros2_learning-main/ros2_advanced/ros2_homework_advanced_ws/install/fsd_common_msgs/share/fsd_common_msgs/msg/Time.json\n'}
[20.860738] (fsd_common_msgs) StdoutLine: {'line': b'-- Installing: /home/c/Formax_wuren_shixi/ros2_learning-main/ros2_advanced/ros2_homework_advanced_ws/install/fsd_common_msgs/share/fsd_common_msgs/msg/Track.json\n'}
[20.860868] (fsd_common_msgs) StdoutLine: {'line': b'-- Installing: /home/c/Formax_wuren_shixi/ros2_learning-main/ros2_advanced/ros2_homework_advanced_ws/install/fsd_common_msgs/share/fsd_common_msgs/msg/TrajectoryPoint.json\n'}
[20.861002] (fsd_common_msgs) StdoutLine: {'line': b'-- Installing: /home/c/Formax_wuren_shixi/ros2_learning-main/ros2_advanced/ros2_homework_advanced_ws/install/fsd_common_msgs/share/fsd_common_msgs/msg/Visualization.json\n'}
[20.861193] (fsd_common_msgs) StdoutLine: {'line': b'-- Installing: /home/c/Formax_wuren_shixi/ros2_learning-main/ros2_advanced/ros2_homework_advanced_ws/install/fsd_common_msgs/share/fsd_common_msgs/msg/YoloCone.json\n'}
[20.861552] (fsd_common_msgs) StdoutLine: {'line': b'-- Installing: /home/c/Formax_wuren_shixi/ros2_learning-main/ros2_advanced/ros2_homework_advanced_ws/install/fsd_common_msgs/share/fsd_common_msgs/msg/YoloConeDetections.json\n'}
[20.861925] (fsd_common_msgs) StdoutLine: {'line': b'-- Installing: /home/c/Formax_wuren_shixi/ros2_learning-main/ros2_advanced/ros2_homework_advanced_ws/install/fsd_common_msgs/share/fsd_common_msgs/msg/YoloConeDetectionsTrack.json\n'}
[20.862269] (fsd_common_msgs) StdoutLine: {'line': b'-- Installing: /home/c/Formax_wuren_shixi/ros2_learning-main/ros2_advanced/ros2_homework_advanced_ws/install/fsd_common_msgs/share/fsd_common_msgs/msg/YoloConeTrack.json\n'}
[20.862658] (fsd_common_msgs) StdoutLine: {'line': b'-- Installing: /home/c/Formax_wuren_shixi/ros2_learning-main/ros2_advanced/ros2_homework_advanced_ws/install/fsd_common_msgs/include/fsd_common_msgs/fsd_common_msgs\n'}
[20.863058] (fsd_common_msgs) StdoutLine: {'line': b'-- Installing: /home/c/Formax_wuren_shixi/ros2_learning-main/ros2_advanced/ros2_homework_advanced_ws/install/fsd_common_msgs/include/fsd_common_msgs/fsd_common_msgs/msg\n'}
[20.863317] (fsd_common_msgs) StdoutLine: {'line': b'-- Installing: /home/c/Formax_wuren_shixi/ros2_learning-main/ros2_advanced/ros2_homework_advanced_ws/install/fsd_common_msgs/include/fsd_common_msgs/fsd_common_msgs/msg/can_frames.h\n'}
[20.863481] (fsd_common_msgs) StdoutLine: {'line': b'-- Installing: /home/c/Formax_wuren_shixi/ros2_learning-main/ros2_advanced/ros2_homework_advanced_ws/install/fsd_common_msgs/include/fsd_common_msgs/fsd_common_msgs/msg/as_state.h\n'}
[20.863638] (fsd_common_msgs) StdoutLine: {'line': b'-- Installing: /home/c/Formax_wuren_shixi/ros2_learning-main/ros2_advanced/ros2_homework_advanced_ws/install/fsd_common_msgs/include/fsd_common_msgs/fsd_common_msgs/msg/trajectory_point.h\n'}
[20.863799] (fsd_common_msgs) StdoutLine: {'line': b'-- Installing: /home/c/Formax_wuren_shixi/ros2_learning-main/ros2_advanced/ros2_homework_advanced_ws/install/fsd_common_msgs/include/fsd_common_msgs/fsd_common_msgs/msg/skidpad_global_center_line.h\n'}
[20.863933] (fsd_common_msgs) StdoutLine: {'line': b'-- Installing: /home/c/Formax_wuren_shixi/ros2_learning-main/ros2_advanced/ros2_homework_advanced_ws/install/fsd_common_msgs/include/fsd_common_msgs/fsd_common_msgs/msg/cone_detections.h\n'}
[20.864051] (fsd_common_msgs) StdoutLine: {'line': b'-- Installing: /home/c/Formax_wuren_shixi/ros2_learning-main/ros2_advanced/ros2_homework_advanced_ws/install/fsd_common_msgs/include/fsd_common_msgs/fsd_common_msgs/msg/visualization.h\n'}
[20.864170] (fsd_common_msgs) StdoutLine: {'line': b'-- Installing: /home/c/Formax_wuren_shixi/ros2_learning-main/ros2_advanced/ros2_homework_advanced_ws/install/fsd_common_msgs/include/fsd_common_msgs/fsd_common_msgs/msg/echiev_message.h\n'}
[20.864317] (fsd_common_msgs) StdoutLine: {'line': b'-- Installing: /home/c/Formax_wuren_shixi/ros2_learning-main/ros2_advanced/ros2_homework_advanced_ws/install/fsd_common_msgs/include/fsd_common_msgs/fsd_common_msgs/msg/detail\n'}
[20.864536] (fsd_common_msgs) StdoutLine: {'line': b'-- Installing: /home/c/Formax_wuren_shixi/ros2_learning-main/ros2_advanced/ros2_homework_advanced_ws/install/fsd_common_msgs/include/fsd_common_msgs/fsd_common_msgs/msg/detail/cone_detections__description.c\n'}
[20.864759] (fsd_common_msgs) StdoutLine: {'line': b'-- Installing: /home/c/Formax_wuren_shixi/ros2_learning-main/ros2_advanced/ros2_homework_advanced_ws/install/fsd_common_msgs/include/fsd_common_msgs/fsd_common_msgs/msg/detail/car_state__functions.h\n'}
[20.864958] (fsd_common_msgs) StdoutLine: {'line': b'-- Installing: /home/c/Formax_wuren_shixi/ros2_learning-main/ros2_advanced/ros2_homework_advanced_ws/install/fsd_common_msgs/include/fsd_common_msgs/fsd_common_msgs/msg/detail/as_state__functions.c\n'}
[20.865158] (fsd_common_msgs) StdoutLine: {'line': b'-- Installing: /home/c/Formax_wuren_shixi/ros2_learning-main/ros2_advanced/ros2_homework_advanced_ws/install/fsd_common_msgs/include/fsd_common_msgs/fsd_common_msgs/msg/detail/as_state__description.c\n'}
[20.865371] (fsd_common_msgs) StdoutLine: {'line': b'-- Installing: /home/c/Formax_wuren_shixi/ros2_learning-main/ros2_advanced/ros2_homework_advanced_ws/install/fsd_common_msgs/include/fsd_common_msgs/fsd_common_msgs/msg/detail/remote_control_command__struct.h\n'}
[20.865559] (fsd_common_msgs) StdoutLine: {'line': b'-- Installing: /home/c/Formax_wuren_shixi/ros2_learning-main/ros2_advanced/ros2_homework_advanced_ws/install/fsd_common_msgs/include/fsd_common_msgs/fsd_common_msgs/msg/detail/res_and_ami__functions.h\n'}
[20.865721] (fsd_common_msgs) StdoutLine: {'line': b'-- Installing: /home/c/Formax_wuren_shixi/ros2_learning-main/ros2_advanced/ros2_homework_advanced_ws/install/fsd_common_msgs/include/fsd_common_msgs/fsd_common_msgs/msg/detail/trajectory_point__type_support.c\n'}
[20.865829] (fsd_common_msgs) StdoutLine: {'line': b'-- Installing: /home/c/Formax_wuren_shixi/ros2_learning-main/ros2_advanced/ros2_homework_advanced_ws/install/fsd_common_msgs/include/fsd_common_msgs/fsd_common_msgs/msg/detail/yolo_cone__functions.h\n'}
[20.865944] (fsd_common_msgs) StdoutLine: {'line': b'-- Installing: /home/c/Formax_wuren_shixi/ros2_learning-main/ros2_advanced/ros2_homework_advanced_ws/install/fsd_common_msgs/include/fsd_common_msgs/fsd_common_msgs/msg/detail/yolo_cone_detections_track__struct.h\n'}
[20.866053] (fsd_common_msgs) StdoutLine: {'line': b'-- Installing: /home/c/Formax_wuren_shixi/ros2_learning-main/ros2_advanced/ros2_homework_advanced_ws/install/fsd_common_msgs/include/fsd_common_msgs/fsd_common_msgs/msg/detail/track__functions.h\n'}
[20.866164] (fsd_common_msgs) StdoutLine: {'line': b'-- Installing: /home/c/Formax_wuren_shixi/ros2_learning-main/ros2_advanced/ros2_homework_advanced_ws/install/fsd_common_msgs/include/fsd_common_msgs/fsd_common_msgs/msg/detail/can_frames__functions.h\n'}
[20.866283] (fsd_common_msgs) StdoutLine: {'line': b'-- Installing: /home/c/Formax_wuren_shixi/ros2_learning-main/ros2_advanced/ros2_homework_advanced_ws/install/fsd_common_msgs/include/fsd_common_msgs/fsd_common_msgs/msg/detail/yolo_cone_track__type_support.h\n'}
[20.866394] (fsd_common_msgs) StdoutLine: {'line': b'-- Installing: /home/c/Formax_wuren_shixi/ros2_learning-main/ros2_advanced/ros2_homework_advanced_ws/install/fsd_common_msgs/include/fsd_common_msgs/fsd_common_msgs/msg/detail/trajectory_point__functions.h\n'}
[20.866512] (fsd_common_msgs) StdoutLine: {'line': b'-- Installing: /home/c/Formax_wuren_shixi/ros2_learning-main/ros2_advanced/ros2_homework_advanced_ws/install/fsd_common_msgs/include/fsd_common_msgs/fsd_common_msgs/msg/detail/yolo_cone_detections_track__functions.c\n'}
[20.866630] (fsd_common_msgs) StdoutLine: {'line': b'-- Installing: /home/c/Formax_wuren_shixi/ros2_learning-main/ros2_advanced/ros2_homework_advanced_ws/install/fsd_common_msgs/include/fsd_common_msgs/fsd_common_msgs/msg/detail/map__type_support.h\n'}
[20.866739] (fsd_common_msgs) StdoutLine: {'line': b'-- Installing: /home/c/Formax_wuren_shixi/ros2_learning-main/ros2_advanced/ros2_homework_advanced_ws/install/fsd_common_msgs/include/fsd_common_msgs/fsd_common_msgs/msg/detail/decision_flag__type_support.h\n'}
[20.866860] (fsd_common_msgs) StdoutLine: {'line': b'-- Installing: /home/c/Formax_wuren_shixi/ros2_learning-main/ros2_advanced/ros2_homework_advanced_ws/install/fsd_common_msgs/include/fsd_common_msgs/fsd_common_msgs/msg/detail/remote_control_command__functions.h\n'}
[20.867015] (fsd_common_msgs) StdoutLine: {'line': b'-- Installing: /home/c/Formax_wuren_shixi/ros2_learning-main/ros2_advanced/ros2_homework_advanced_ws/install/fsd_common_msgs/include/fsd_common_msgs/fsd_common_msgs/msg/detail/yolo_cone_detections__description.c\n'}
[20.867151] (fsd_common_msgs) StdoutLine: {'line': b'-- Installing: /home/c/Formax_wuren_shixi/ros2_learning-main/ros2_advanced/ros2_homework_advanced_ws/install/fsd_common_msgs/include/fsd_common_msgs/fsd_common_msgs/msg/detail/can_frames__type_support.h\n'}
[20.867278] (fsd_common_msgs) StdoutLine: {'line': b'-- Installing: /home/c/Formax_wuren_shixi/ros2_learning-main/ros2_advanced/ros2_homework_advanced_ws/install/fsd_common_msgs/include/fsd_common_msgs/fsd_common_msgs/msg/detail/res_and_ami__functions.c\n'}
[20.867396] (fsd_common_msgs) StdoutLine: {'line': b'-- Installing: /home/c/Formax_wuren_shixi/ros2_learning-main/ros2_advanced/ros2_homework_advanced_ws/install/fsd_common_msgs/include/fsd_common_msgs/fsd_common_msgs/msg/detail/map__description.c\n'}
[20.867520] (fsd_common_msgs) StdoutLine: {'line': b'-- Installing: /home/c/Formax_wuren_shixi/ros2_learning-main/ros2_advanced/ros2_homework_advanced_ws/install/fsd_common_msgs/include/fsd_common_msgs/fsd_common_msgs/msg/detail/map__functions.c\n'}
[20.867675] (fsd_common_msgs) StdoutLine: {'line': b'-- Installing: /home/c/Formax_wuren_shixi/ros2_learning-main/ros2_advanced/ros2_homework_advanced_ws/install/fsd_common_msgs/include/fsd_common_msgs/fsd_common_msgs/msg/detail/car_state_dt__struct.h\n'}
[20.867938] (fsd_common_msgs) StdoutLine: {'line': b'-- Installing: /home/c/Formax_wuren_shixi/ros2_learning-main/ros2_advanced/ros2_homework_advanced_ws/install/fsd_common_msgs/include/fsd_common_msgs/fsd_common_msgs/msg/detail/yolo_cone_detections_track__description.c\n'}
[20.868161] (fsd_common_msgs) StdoutLine: {'line': b'-- Installing: /home/c/Formax_wuren_shixi/ros2_learning-main/ros2_advanced/ros2_homework_advanced_ws/install/fsd_common_msgs/include/fsd_common_msgs/fsd_common_msgs/msg/detail/time__description.c\n'}
[20.868339] (fsd_common_msgs) StdoutLine: {'line': b'-- Installing: /home/c/Formax_wuren_shixi/ros2_learning-main/ros2_advanced/ros2_homework_advanced_ws/install/fsd_common_msgs/include/fsd_common_msgs/fsd_common_msgs/msg/detail/driving_dynamics__functions.h\n'}
[20.868481] (fsd_common_msgs) StdoutLine: {'line': b'-- Installing: /home/c/Formax_wuren_shixi/ros2_learning-main/ros2_advanced/ros2_homework_advanced_ws/install/fsd_common_msgs/include/fsd_common_msgs/fsd_common_msgs/msg/detail/track__type_support.c\n'}
[20.868630] (fsd_common_msgs) StdoutLine: {'line': b'-- Installing: /home/c/Formax_wuren_shixi/ros2_learning-main/ros2_advanced/ros2_homework_advanced_ws/install/fsd_common_msgs/include/fsd_common_msgs/fsd_common_msgs/msg/detail/yolo_cone_detections__functions.c\n'}
[20.868788] (fsd_common_msgs) StdoutLine: {'line': b'-- Installing: /home/c/Formax_wuren_shixi/ros2_learning-main/ros2_advanced/ros2_homework_advanced_ws/install/fsd_common_msgs/include/fsd_common_msgs/fsd_common_msgs/msg/detail/decision_flag__description.c\n'}
[20.868962] (fsd_common_msgs) StdoutLine: {'line': b'-- Installing: /home/c/Formax_wuren_shixi/ros2_learning-main/ros2_advanced/ros2_homework_advanced_ws/install/fsd_common_msgs/include/fsd_common_msgs/fsd_common_msgs/msg/detail/trajectory_point__struct.h\n'}
[20.869129] (fsd_common_msgs) StdoutLine: {'line': b'-- Installing: /home/c/Formax_wuren_shixi/ros2_learning-main/ros2_advanced/ros2_homework_advanced_ws/install/fsd_common_msgs/include/fsd_common_msgs/fsd_common_msgs/msg/detail/yolo_cone_detections__type_support.h\n'}
[20.869294] (fsd_common_msgs) StdoutLine: {'line': b'-- Installing: /home/c/Formax_wuren_shixi/ros2_learning-main/ros2_advanced/ros2_homework_advanced_ws/install/fsd_common_msgs/include/fsd_common_msgs/fsd_common_msgs/msg/detail/control_command__struct.h\n'}
[20.869447] (fsd_common_msgs) StdoutLine: {'line': b'-- Installing: /home/c/Formax_wuren_shixi/ros2_learning-main/ros2_advanced/ros2_homework_advanced_ws/install/fsd_common_msgs/include/fsd_common_msgs/fsd_common_msgs/msg/detail/driving_dynamics__type_support.c\n'}
[20.869615] (fsd_common_msgs) StdoutLine: {'line': b'-- Installing: /home/c/Formax_wuren_shixi/ros2_learning-main/ros2_advanced/ros2_homework_advanced_ws/install/fsd_common_msgs/include/fsd_common_msgs/fsd_common_msgs/msg/detail/remote_control_command__type_support.c\n'}
[20.869780] (fsd_common_msgs) StdoutLine: {'line': b'-- Installing: /home/c/Formax_wuren_shixi/ros2_learning-main/ros2_advanced/ros2_homework_advanced_ws/install/fsd_common_msgs/include/fsd_common_msgs/fsd_common_msgs/msg/detail/cone_detections_dbscan__functions.h\n'}
[20.869910] (fsd_common_msgs) StdoutLine: {'line': b'-- Installing: /home/c/Formax_wuren_shixi/ros2_learning-main/ros2_advanced/ros2_homework_advanced_ws/install/fsd_common_msgs/include/fsd_common_msgs/fsd_common_msgs/msg/detail/car_state_dt__type_support.c\n'}
[20.870044] (fsd_common_msgs) StdoutLine: {'line': b'-- Installing: /home/c/Formax_wuren_shixi/ros2_learning-main/ros2_advanced/ros2_homework_advanced_ws/install/fsd_common_msgs/include/fsd_common_msgs/fsd_common_msgs/msg/detail/cone_dbscan__type_support.h\n'}
[20.870169] (fsd_common_msgs) StdoutLine: {'line': b'-- Installing: /home/c/Formax_wuren_shixi/ros2_learning-main/ros2_advanced/ros2_homework_advanced_ws/install/fsd_common_msgs/include/fsd_common_msgs/fsd_common_msgs/msg/detail/as_state__type_support.h\n'}
[20.870293] (fsd_common_msgs) StdoutLine: {'line': b'-- Installing: /home/c/Formax_wuren_shixi/ros2_learning-main/ros2_advanced/ros2_homework_advanced_ws/install/fsd_common_msgs/include/fsd_common_msgs/fsd_common_msgs/msg/detail/echiev_message__type_support.c\n'}
[20.870421] (fsd_common_msgs) StdoutLine: {'line': b'-- Installing: /home/c/Formax_wuren_shixi/ros2_learning-main/ros2_advanced/ros2_homework_advanced_ws/install/fsd_common_msgs/include/fsd_common_msgs/fsd_common_msgs/msg/detail/cone__functions.h\n'}
[20.870515] (fsd_common_msgs) StdoutLine: {'line': b'-- Installing: /home/c/Formax_wuren_shixi/ros2_learning-main/ros2_advanced/ros2_homework_advanced_ws/install/fsd_common_msgs/include/fsd_common_msgs/fsd_common_msgs/msg/detail/mission__description.c\n'}
[20.870577] (fsd_common_msgs) StdoutLine: {'line': b'-- Installing: /home/c/Formax_wuren_shixi/ros2_learning-main/ros2_advanced/ros2_homework_advanced_ws/install/fsd_common_msgs/include/fsd_common_msgs/fsd_common_msgs/msg/detail/cone_detections_dbscan__struct.h\n'}
[20.870639] (fsd_common_msgs) StdoutLine: {'line': b'-- Installing: /home/c/Formax_wuren_shixi/ros2_learning-main/ros2_advanced/ros2_homework_advanced_ws/install/fsd_common_msgs/include/fsd_common_msgs/fsd_common_msgs/msg/detail/yolo_cone__type_support.c\n'}
[20.870700] (fsd_common_msgs) StdoutLine: {'line': b'-- Installing: /home/c/Formax_wuren_shixi/ros2_learning-main/ros2_advanced/ros2_homework_advanced_ws/install/fsd_common_msgs/include/fsd_common_msgs/fsd_common_msgs/msg/detail/time__functions.h\n'}
[20.870760] (fsd_common_msgs) StdoutLine: {'line': b'-- Installing: /home/c/Formax_wuren_shixi/ros2_learning-main/ros2_advanced/ros2_homework_advanced_ws/install/fsd_common_msgs/include/fsd_common_msgs/fsd_common_msgs/msg/detail/car_state__type_support.c\n'}
[20.870845] (fsd_common_msgs) StdoutLine: {'line': b'-- Installing: /home/c/Formax_wuren_shixi/ros2_learning-main/ros2_advanced/ros2_homework_advanced_ws/install/fsd_common_msgs/include/fsd_common_msgs/fsd_common_msgs/msg/detail/ins_delta__type_support.c\n'}
[20.870966] (fsd_common_msgs) StdoutLine: {'line': b'-- Installing: /home/c/Formax_wuren_shixi/ros2_learning-main/ros2_advanced/ros2_homework_advanced_ws/install/fsd_common_msgs/include/fsd_common_msgs/fsd_common_msgs/msg/detail/yolo_cone_track__functions.h\n'}
[20.871035] (fsd_common_msgs) StdoutLine: {'line': b'-- Installing: /home/c/Formax_wuren_shixi/ros2_learning-main/ros2_advanced/ros2_homework_advanced_ws/install/fsd_common_msgs/include/fsd_common_msgs/fsd_common_msgs/msg/detail/car_state_dt__functions.c\n'}
[20.871098] (fsd_common_msgs) StdoutLine: {'line': b'-- Installing: /home/c/Formax_wuren_shixi/ros2_learning-main/ros2_advanced/ros2_homework_advanced_ws/install/fsd_common_msgs/include/fsd_common_msgs/fsd_common_msgs/msg/detail/cone_detections__type_support.h\n'}
[20.871183] (fsd_common_msgs) StdoutLine: {'line': b'-- Installing: /home/c/Formax_wuren_shixi/ros2_learning-main/ros2_advanced/ros2_homework_advanced_ws/install/fsd_common_msgs/include/fsd_common_msgs/fsd_common_msgs/msg/detail/can_frames__description.c\n'}
[20.871276] (fsd_common_msgs) StdoutLine: {'line': b'-- Installing: /home/c/Formax_wuren_shixi/ros2_learning-main/ros2_advanced/ros2_homework_advanced_ws/install/fsd_common_msgs/include/fsd_common_msgs/fsd_common_msgs/msg/detail/car_state_dt__functions.h\n'}
[20.871365] (fsd_common_msgs) StdoutLine: {'line': b'-- Installing: /home/c/Formax_wuren_shixi/ros2_learning-main/ros2_advanced/ros2_homework_advanced_ws/install/fsd_common_msgs/include/fsd_common_msgs/fsd_common_msgs/msg/detail/control_command__type_support.c\n'}
[20.871448] (fsd_common_msgs) StdoutLine: {'line': b'-- Installing: /home/c/Formax_wuren_shixi/ros2_learning-main/ros2_advanced/ros2_homework_advanced_ws/install/fsd_common_msgs/include/fsd_common_msgs/fsd_common_msgs/msg/detail/cone_dbscan__struct.h\n'}
[20.871535] (fsd_common_msgs) StdoutLine: {'line': b'-- Installing: /home/c/Formax_wuren_shixi/ros2_learning-main/ros2_advanced/ros2_homework_advanced_ws/install/fsd_common_msgs/include/fsd_common_msgs/fsd_common_msgs/msg/detail/control_command__functions.h\n'}
[20.871612] (fsd_common_msgs) StdoutLine: {'line': b'-- Installing: /home/c/Formax_wuren_shixi/ros2_learning-main/ros2_advanced/ros2_homework_advanced_ws/install/fsd_common_msgs/include/fsd_common_msgs/fsd_common_msgs/msg/detail/feedback__functions.h\n'}
[20.871701] (fsd_common_msgs) StdoutLine: {'line': b'-- Installing: /home/c/Formax_wuren_shixi/ros2_learning-main/ros2_advanced/ros2_homework_advanced_ws/install/fsd_common_msgs/include/fsd_common_msgs/fsd_common_msgs/msg/detail/asensing_message__description.c\n'}
[20.871821] (fsd_common_msgs) StdoutLine: {'line': b'-- Installing: /home/c/Formax_wuren_shixi/ros2_learning-main/ros2_advanced/ros2_homework_advanced_ws/install/fsd_common_msgs/include/fsd_common_msgs/fsd_common_msgs/msg/detail/skidpad_global_center_line__functions.h\n'}
[20.871943] (fsd_common_msgs) StdoutLine: {'line': b'-- Installing: /home/c/Formax_wuren_shixi/ros2_learning-main/ros2_advanced/ros2_homework_advanced_ws/install/fsd_common_msgs/include/fsd_common_msgs/fsd_common_msgs/msg/detail/cone_dbscan__functions.h\n'}
[20.872056] (fsd_common_msgs) StdoutLine: {'line': b'-- Installing: /home/c/Formax_wuren_shixi/ros2_learning-main/ros2_advanced/ros2_homework_advanced_ws/install/fsd_common_msgs/include/fsd_common_msgs/fsd_common_msgs/msg/detail/echiev_message__functions.c\n'}
[20.872177] (fsd_common_msgs) StdoutLine: {'line': b'-- Installing: /home/c/Formax_wuren_shixi/ros2_learning-main/ros2_advanced/ros2_homework_advanced_ws/install/fsd_common_msgs/include/fsd_common_msgs/fsd_common_msgs/msg/detail/driving_dynamics__type_support.h\n'}
[20.872297] (fsd_common_msgs) StdoutLine: {'line': b'-- Installing: /home/c/Formax_wuren_shixi/ros2_learning-main/ros2_advanced/ros2_homework_advanced_ws/install/fsd_common_msgs/include/fsd_common_msgs/fsd_common_msgs/msg/detail/trajectory_point__type_support.h\n'}
[20.872417] (fsd_common_msgs) StdoutLine: {'line': b'-- Installing: /home/c/Formax_wuren_shixi/ros2_learning-main/ros2_advanced/ros2_homework_advanced_ws/install/fsd_common_msgs/include/fsd_common_msgs/fsd_common_msgs/msg/detail/mission__struct.h\n'}
[20.872565] (fsd_common_msgs) StdoutLine: {'line': b'-- Installing: /home/c/Formax_wuren_shixi/ros2_learning-main/ros2_advanced/ros2_homework_advanced_ws/install/fsd_common_msgs/include/fsd_common_msgs/fsd_common_msgs/msg/detail/yolo_cone_track__type_support.c\n'}
[20.872695] (fsd_common_msgs) StdoutLine: {'line': b'-- Installing: /home/c/Formax_wuren_shixi/ros2_learning-main/ros2_advanced/ros2_homework_advanced_ws/install/fsd_common_msgs/include/fsd_common_msgs/fsd_common_msgs/msg/detail/yolo_cone__description.c\n'}
[20.872839] (fsd_common_msgs) StdoutLine: {'line': b'-- Installing: /home/c/Formax_wuren_shixi/ros2_learning-main/ros2_advanced/ros2_homework_advanced_ws/install/fsd_common_msgs/include/fsd_common_msgs/fsd_common_msgs/msg/detail/feedback__struct.h\n'}
[20.872996] (fsd_common_msgs) StdoutLine: {'line': b'-- Installing: /home/c/Formax_wuren_shixi/ros2_learning-main/ros2_advanced/ros2_homework_advanced_ws/install/fsd_common_msgs/include/fsd_common_msgs/fsd_common_msgs/msg/detail/car_state_dt__type_support.h\n'}
[20.873109] (fsd_common_msgs) StdoutLine: {'line': b'-- Installing: /home/c/Formax_wuren_shixi/ros2_learning-main/ros2_advanced/ros2_homework_advanced_ws/install/fsd_common_msgs/include/fsd_common_msgs/fsd_common_msgs/msg/detail/asensing_message__type_support.h\n'}
[20.873223] (fsd_common_msgs) StdoutLine: {'line': b'-- Installing: /home/c/Formax_wuren_shixi/ros2_learning-main/ros2_advanced/ros2_homework_advanced_ws/install/fsd_common_msgs/include/fsd_common_msgs/fsd_common_msgs/msg/detail/visualization__type_support.h\n'}
[20.873344] (fsd_common_msgs) StdoutLine: {'line': b'-- Installing: /home/c/Formax_wuren_shixi/ros2_learning-main/ros2_advanced/ros2_homework_advanced_ws/install/fsd_common_msgs/include/fsd_common_msgs/fsd_common_msgs/msg/detail/ins_delta__struct.h\n'}
[20.873465] (fsd_common_msgs) StdoutLine: {'line': b'-- Installing: /home/c/Formax_wuren_shixi/ros2_learning-main/ros2_advanced/ros2_homework_advanced_ws/install/fsd_common_msgs/include/fsd_common_msgs/fsd_common_msgs/msg/detail/time__type_support.h\n'}
[20.873579] (fsd_common_msgs) StdoutLine: {'line': b'-- Installing: /home/c/Formax_wuren_shixi/ros2_learning-main/ros2_advanced/ros2_homework_advanced_ws/install/fsd_common_msgs/include/fsd_common_msgs/fsd_common_msgs/msg/detail/skidpad_global_center_line__type_support.c\n'}
[20.873698] (fsd_common_msgs) StdoutLine: {'line': b'-- Installing: /home/c/Formax_wuren_shixi/ros2_learning-main/ros2_advanced/ros2_homework_advanced_ws/install/fsd_common_msgs/include/fsd_common_msgs/fsd_common_msgs/msg/detail/map__functions.h\n'}
[20.873820] (fsd_common_msgs) StdoutLine: {'line': b'-- Installing: /home/c/Formax_wuren_shixi/ros2_learning-main/ros2_advanced/ros2_homework_advanced_ws/install/fsd_common_msgs/include/fsd_common_msgs/fsd_common_msgs/msg/detail/yolo_cone_detections_track__functions.h\n'}
[20.873955] (fsd_common_msgs) StdoutLine: {'line': b'-- Installing: /home/c/Formax_wuren_shixi/ros2_learning-main/ros2_advanced/ros2_homework_advanced_ws/install/fsd_common_msgs/include/fsd_common_msgs/fsd_common_msgs/msg/detail/ins_delta__functions.h\n'}
[20.874083] (fsd_common_msgs) StdoutLine: {'line': b'-- Installing: /home/c/Formax_wuren_shixi/ros2_learning-main/ros2_advanced/ros2_homework_advanced_ws/install/fsd_common_msgs/include/fsd_common_msgs/fsd_common_msgs/msg/detail/remote_control_command__description.c\n'}
[20.874211] (fsd_common_msgs) StdoutLine: {'line': b'-- Installing: /home/c/Formax_wuren_shixi/ros2_learning-main/ros2_advanced/ros2_homework_advanced_ws/install/fsd_common_msgs/include/fsd_common_msgs/fsd_common_msgs/msg/detail/echiev_message__type_support.h\n'}
[20.874337] (fsd_common_msgs) StdoutLine: {'line': b'-- Installing: /home/c/Formax_wuren_shixi/ros2_learning-main/ros2_advanced/ros2_homework_advanced_ws/install/fsd_common_msgs/include/fsd_common_msgs/fsd_common_msgs/msg/detail/car_state__type_support.h\n'}
[20.874453] (fsd_common_msgs) StdoutLine: {'line': b'-- Installing: /home/c/Formax_wuren_shixi/ros2_learning-main/ros2_advanced/ros2_homework_advanced_ws/install/fsd_common_msgs/include/fsd_common_msgs/fsd_common_msgs/msg/detail/skidpad_global_center_line__description.c\n'}
[20.874579] (fsd_common_msgs) StdoutLine: {'line': b'-- Installing: /home/c/Formax_wuren_shixi/ros2_learning-main/ros2_advanced/ros2_homework_advanced_ws/install/fsd_common_msgs/include/fsd_common_msgs/fsd_common_msgs/msg/detail/control_command__functions.c\n'}
[20.874703] (fsd_common_msgs) StdoutLine: {'line': b'-- Installing: /home/c/Formax_wuren_shixi/ros2_learning-main/ros2_advanced/ros2_homework_advanced_ws/install/fsd_common_msgs/include/fsd_common_msgs/fsd_common_msgs/msg/detail/yolo_cone__type_support.h\n'}
[20.874821] (fsd_common_msgs) StdoutLine: {'line': b'-- Installing: /home/c/Formax_wuren_shixi/ros2_learning-main/ros2_advanced/ros2_homework_advanced_ws/install/fsd_common_msgs/include/fsd_common_msgs/fsd_common_msgs/msg/detail/feedback__functions.c\n'}
[20.874945] (fsd_common_msgs) StdoutLine: {'line': b'-- Installing: /home/c/Formax_wuren_shixi/ros2_learning-main/ros2_advanced/ros2_homework_advanced_ws/install/fsd_common_msgs/include/fsd_common_msgs/fsd_common_msgs/msg/detail/track__functions.c\n'}
[20.875067] (fsd_common_msgs) StdoutLine: {'line': b'-- Installing: /home/c/Formax_wuren_shixi/ros2_learning-main/ros2_advanced/ros2_homework_advanced_ws/install/fsd_common_msgs/include/fsd_common_msgs/fsd_common_msgs/msg/detail/car_state_dt__description.c\n'}
[20.875187] (fsd_common_msgs) StdoutLine: {'line': b'-- Installing: /home/c/Formax_wuren_shixi/ros2_learning-main/ros2_advanced/ros2_homework_advanced_ws/install/fsd_common_msgs/include/fsd_common_msgs/fsd_common_msgs/msg/detail/can_frames__type_support.c\n'}
[20.875316] (fsd_common_msgs) StdoutLine: {'line': b'-- Installing: /home/c/Formax_wuren_shixi/ros2_learning-main/ros2_advanced/ros2_homework_advanced_ws/install/fsd_common_msgs/include/fsd_common_msgs/fsd_common_msgs/msg/detail/yolo_cone_track__functions.c\n'}
[20.875452] (fsd_common_msgs) StdoutLine: {'line': b'-- Installing: /home/c/Formax_wuren_shixi/ros2_learning-main/ros2_advanced/ros2_homework_advanced_ws/install/fsd_common_msgs/include/fsd_common_msgs/fsd_common_msgs/msg/detail/skidpad_global_center_line__struct.h\n'}
[20.875569] (fsd_common_msgs) StdoutLine: {'line': b'-- Installing: /home/c/Formax_wuren_shixi/ros2_learning-main/ros2_advanced/ros2_homework_advanced_ws/install/fsd_common_msgs/include/fsd_common_msgs/fsd_common_msgs/msg/detail/car_state__description.c\n'}
[20.875691] (fsd_common_msgs) StdoutLine: {'line': b'-- Installing: /home/c/Formax_wuren_shixi/ros2_learning-main/ros2_advanced/ros2_homework_advanced_ws/install/fsd_common_msgs/include/fsd_common_msgs/fsd_common_msgs/msg/detail/visualization__struct.h\n'}
[20.875807] (fsd_common_msgs) StdoutLine: {'line': b'-- Installing: /home/c/Formax_wuren_shixi/ros2_learning-main/ros2_advanced/ros2_homework_advanced_ws/install/fsd_common_msgs/include/fsd_common_msgs/fsd_common_msgs/msg/detail/trajectory_point__functions.c\n'}
[20.875937] (fsd_common_msgs) StdoutLine: {'line': b'-- Installing: /home/c/Formax_wuren_shixi/ros2_learning-main/ros2_advanced/ros2_homework_advanced_ws/install/fsd_common_msgs/include/fsd_common_msgs/fsd_common_msgs/msg/detail/as_state__type_support.c\n'}
[20.876056] (fsd_common_msgs) StdoutLine: {'line': b'-- Installing: /home/c/Formax_wuren_shixi/ros2_learning-main/ros2_advanced/ros2_homework_advanced_ws/install/fsd_common_msgs/include/fsd_common_msgs/fsd_common_msgs/msg/detail/cone_detections__type_support.c\n'}
[20.876171] (fsd_common_msgs) StdoutLine: {'line': b'-- Installing: /home/c/Formax_wuren_shixi/ros2_learning-main/ros2_advanced/ros2_homework_advanced_ws/install/fsd_common_msgs/include/fsd_common_msgs/fsd_common_msgs/msg/detail/ins_delta__type_support.h\n'}
[20.876295] (fsd_common_msgs) StdoutLine: {'line': b'-- Installing: /home/c/Formax_wuren_shixi/ros2_learning-main/ros2_advanced/ros2_homework_advanced_ws/install/fsd_common_msgs/include/fsd_common_msgs/fsd_common_msgs/msg/detail/yolo_cone__functions.c\n'}
[20.876422] (fsd_common_msgs) StdoutLine: {'line': b'-- Installing: /home/c/Formax_wuren_shixi/ros2_learning-main/ros2_advanced/ros2_homework_advanced_ws/install/fsd_common_msgs/include/fsd_common_msgs/fsd_common_msgs/msg/detail/car_state__functions.c\n'}
[20.876539] (fsd_common_msgs) StdoutLine: {'line': b'-- Installing: /home/c/Formax_wuren_shixi/ros2_learning-main/ros2_advanced/ros2_homework_advanced_ws/install/fsd_common_msgs/include/fsd_common_msgs/fsd_common_msgs/msg/detail/asensing_message__functions.c\n'}
[20.876673] (fsd_common_msgs) StdoutLine: {'line': b'-- Installing: /home/c/Formax_wuren_shixi/ros2_learning-main/ros2_advanced/ros2_homework_advanced_ws/install/fsd_common_msgs/include/fsd_common_msgs/fsd_common_msgs/msg/detail/track__type_support.h\n'}
[20.876791] (fsd_common_msgs) StdoutLine: {'line': b'-- Installing: /home/c/Formax_wuren_shixi/ros2_learning-main/ros2_advanced/ros2_homework_advanced_ws/install/fsd_common_msgs/include/fsd_common_msgs/fsd_common_msgs/msg/detail/cone_detections_dbscan__type_support.h\n'}
[20.876910] (fsd_common_msgs) StdoutLine: {'line': b'-- Installing: /home/c/Formax_wuren_shixi/ros2_learning-main/ros2_advanced/ros2_homework_advanced_ws/install/fsd_common_msgs/include/fsd_common_msgs/fsd_common_msgs/msg/detail/res_and_ami__type_support.h\n'}
[20.877030] (fsd_common_msgs) StdoutLine: {'line': b'-- Installing: /home/c/Formax_wuren_shixi/ros2_learning-main/ros2_advanced/ros2_homework_advanced_ws/install/fsd_common_msgs/include/fsd_common_msgs/fsd_common_msgs/msg/detail/asensing_message__struct.h\n'}
[20.877150] (fsd_common_msgs) StdoutLine: {'line': b'-- Installing: /home/c/Formax_wuren_shixi/ros2_learning-main/ros2_advanced/ros2_homework_advanced_ws/install/fsd_common_msgs/include/fsd_common_msgs/fsd_common_msgs/msg/detail/cone_detections_dbscan__functions.c\n'}
[20.877322] (fsd_common_msgs) StdoutLine: {'line': b'-- Installing: /home/c/Formax_wuren_shixi/ros2_learning-main/ros2_advanced/ros2_homework_advanced_ws/install/fsd_common_msgs/include/fsd_common_msgs/fsd_common_msgs/msg/detail/yolo_cone_detections__type_support.c\n'}
[20.877443] (fsd_common_msgs) StdoutLine: {'line': b'-- Installing: /home/c/Formax_wuren_shixi/ros2_learning-main/ros2_advanced/ros2_homework_advanced_ws/install/fsd_common_msgs/include/fsd_common_msgs/fsd_common_msgs/msg/detail/driving_dynamics__description.c\n'}
[20.877580] (fsd_common_msgs) StdoutLine: {'line': b'-- Installing: /home/c/Formax_wuren_shixi/ros2_learning-main/ros2_advanced/ros2_homework_advanced_ws/install/fsd_common_msgs/include/fsd_common_msgs/fsd_common_msgs/msg/detail/visualization__functions.c\n'}
[20.877772] (fsd_common_msgs) StdoutLine: {'line': b'-- Installing: /home/c/Formax_wuren_shixi/ros2_learning-main/ros2_advanced/ros2_homework_advanced_ws/install/fsd_common_msgs/include/fsd_common_msgs/fsd_common_msgs/msg/detail/yolo_cone_detections_track__type_support.h\n'}
[20.877981] (fsd_common_msgs) StdoutLine: {'line': b'-- Installing: /home/c/Formax_wuren_shixi/ros2_learning-main/ros2_advanced/ros2_homework_advanced_ws/install/fsd_common_msgs/include/fsd_common_msgs/fsd_common_msgs/msg/detail/driving_dynamics__functions.c\n'}
[20.878289] (fsd_common_msgs) StdoutLine: {'line': b'-- Installing: /home/c/Formax_wuren_shixi/ros2_learning-main/ros2_advanced/ros2_homework_advanced_ws/install/fsd_common_msgs/include/fsd_common_msgs/fsd_common_msgs/msg/detail/as_state__functions.h\n'}
[20.878557] (fsd_common_msgs) StdoutLine: {'line': b'-- Installing: /home/c/Formax_wuren_shixi/ros2_learning-main/ros2_advanced/ros2_homework_advanced_ws/install/fsd_common_msgs/include/fsd_common_msgs/fsd_common_msgs/msg/detail/decision_flag__functions.c\n'}
[20.878780] (fsd_common_msgs) StdoutLine: {'line': b'-- Installing: /home/c/Formax_wuren_shixi/ros2_learning-main/ros2_advanced/ros2_homework_advanced_ws/install/fsd_common_msgs/include/fsd_common_msgs/fsd_common_msgs/msg/detail/asensing_message__type_support.c\n'}
[20.878905] (fsd_common_msgs) StdoutLine: {'line': b'-- Installing: /home/c/Formax_wuren_shixi/ros2_learning-main/ros2_advanced/ros2_homework_advanced_ws/install/fsd_common_msgs/include/fsd_common_msgs/fsd_common_msgs/msg/detail/can_frames__struct.h\n'}
[20.879001] (fsd_common_msgs) StdoutLine: {'line': b'-- Installing: /home/c/Formax_wuren_shixi/ros2_learning-main/ros2_advanced/ros2_homework_advanced_ws/install/fsd_common_msgs/include/fsd_common_msgs/fsd_common_msgs/msg/detail/time__type_support.c\n'}
[20.879072] (fsd_common_msgs) StdoutLine: {'line': b'-- Installing: /home/c/Formax_wuren_shixi/ros2_learning-main/ros2_advanced/ros2_homework_advanced_ws/install/fsd_common_msgs/include/fsd_common_msgs/fsd_common_msgs/msg/detail/cone__type_support.c\n'}
[20.879163] (fsd_common_msgs) StdoutLine: {'line': b'-- Installing: /home/c/Formax_wuren_shixi/ros2_learning-main/ros2_advanced/ros2_homework_advanced_ws/install/fsd_common_msgs/include/fsd_common_msgs/fsd_common_msgs/msg/detail/decision_flag__type_support.c\n'}
[20.879226] (fsd_common_msgs) StdoutLine: {'line': b'-- Installing: /home/c/Formax_wuren_shixi/ros2_learning-main/ros2_advanced/ros2_homework_advanced_ws/install/fsd_common_msgs/include/fsd_common_msgs/fsd_common_msgs/msg/detail/mission__type_support.h\n'}
[20.879337] (fsd_common_msgs) StdoutLine: {'line': b'-- Installing: /home/c/Formax_wuren_shixi/ros2_learning-main/ros2_advanced/ros2_homework_advanced_ws/install/fsd_common_msgs/include/fsd_common_msgs/fsd_common_msgs/msg/detail/remote_control_command__functions.c\n'}
[20.879401] (fsd_common_msgs) StdoutLine: {'line': b'-- Installing: /home/c/Formax_wuren_shixi/ros2_learning-main/ros2_advanced/ros2_homework_advanced_ws/install/fsd_common_msgs/include/fsd_common_msgs/fsd_common_msgs/msg/detail/cone_dbscan__functions.c\n'}
[20.879490] (fsd_common_msgs) StdoutLine: {'line': b'-- Installing: /home/c/Formax_wuren_shixi/ros2_learning-main/ros2_advanced/ros2_homework_advanced_ws/install/fsd_common_msgs/include/fsd_common_msgs/fsd_common_msgs/msg/detail/visualization__type_support.c\n'}
[20.879576] (fsd_common_msgs) StdoutLine: {'line': b'-- Installing: /home/c/Formax_wuren_shixi/ros2_learning-main/ros2_advanced/ros2_homework_advanced_ws/install/fsd_common_msgs/include/fsd_common_msgs/fsd_common_msgs/msg/detail/decision_flag__struct.h\n'}
[20.879674] (fsd_common_msgs) StdoutLine: {'line': b'-- Installing: /home/c/Formax_wuren_shixi/ros2_learning-main/ros2_advanced/ros2_homework_advanced_ws/install/fsd_common_msgs/include/fsd_common_msgs/fsd_common_msgs/msg/detail/cone_dbscan__description.c\n'}
[20.879798] (fsd_common_msgs) StdoutLine: {'line': b'-- Installing: /home/c/Formax_wuren_shixi/ros2_learning-main/ros2_advanced/ros2_homework_advanced_ws/install/fsd_common_msgs/include/fsd_common_msgs/fsd_common_msgs/msg/detail/feedback__type_support.h\n'}
[20.879913] (fsd_common_msgs) StdoutLine: {'line': b'-- Installing: /home/c/Formax_wuren_shixi/ros2_learning-main/ros2_advanced/ros2_homework_advanced_ws/install/fsd_common_msgs/include/fsd_common_msgs/fsd_common_msgs/msg/detail/trajectory_point__description.c\n'}
[20.880040] (fsd_common_msgs) StdoutLine: {'line': b'-- Installing: /home/c/Formax_wuren_shixi/ros2_learning-main/ros2_advanced/ros2_homework_advanced_ws/install/fsd_common_msgs/include/fsd_common_msgs/fsd_common_msgs/msg/detail/time__functions.c\n'}
[20.880167] (fsd_common_msgs) StdoutLine: {'line': b'-- Installing: /home/c/Formax_wuren_shixi/ros2_learning-main/ros2_advanced/ros2_homework_advanced_ws/install/fsd_common_msgs/include/fsd_common_msgs/fsd_common_msgs/msg/detail/res_and_ami__description.c\n'}
[20.880347] (fsd_common_msgs) StdoutLine: {'line': b'-- Installing: /home/c/Formax_wuren_shixi/ros2_learning-main/ros2_advanced/ros2_homework_advanced_ws/install/fsd_common_msgs/include/fsd_common_msgs/fsd_common_msgs/msg/detail/cone__functions.c\n'}
[20.880636] (fsd_common_msgs) StdoutLine: {'line': b'-- Installing: /home/c/Formax_wuren_shixi/ros2_learning-main/ros2_advanced/ros2_homework_advanced_ws/install/fsd_common_msgs/include/fsd_common_msgs/fsd_common_msgs/msg/detail/cone_detections__functions.c\n'}
[20.880824] (fsd_common_msgs) StdoutLine: {'line': b'-- Installing: /home/c/Formax_wuren_shixi/ros2_learning-main/ros2_advanced/ros2_homework_advanced_ws/install/fsd_common_msgs/include/fsd_common_msgs/fsd_common_msgs/msg/detail/asensing_message__functions.h\n'}
[20.881144] (fsd_common_msgs) StdoutLine: {'line': b'-- Installing: /home/c/Formax_wuren_shixi/ros2_learning-main/ros2_advanced/ros2_homework_advanced_ws/install/fsd_common_msgs/include/fsd_common_msgs/fsd_common_msgs/msg/detail/yolo_cone_detections__struct.h\n'}
[20.881374] (fsd_common_msgs) StdoutLine: {'line': b'-- Installing: /home/c/Formax_wuren_shixi/ros2_learning-main/ros2_advanced/ros2_homework_advanced_ws/install/fsd_common_msgs/include/fsd_common_msgs/fsd_common_msgs/msg/detail/cone__description.c\n'}
[20.881499] (fsd_common_msgs) StdoutLine: {'line': b'-- Installing: /home/c/Formax_wuren_shixi/ros2_learning-main/ros2_advanced/ros2_homework_advanced_ws/install/fsd_common_msgs/include/fsd_common_msgs/fsd_common_msgs/msg/detail/control_command__type_support.h\n'}
[20.881620] (fsd_common_msgs) StdoutLine: {'line': b'-- Installing: /home/c/Formax_wuren_shixi/ros2_learning-main/ros2_advanced/ros2_homework_advanced_ws/install/fsd_common_msgs/include/fsd_common_msgs/fsd_common_msgs/msg/detail/cone_detections_dbscan__type_support.c\n'}
[20.881739] (fsd_common_msgs) StdoutLine: {'line': b'-- Installing: /home/c/Formax_wuren_shixi/ros2_learning-main/ros2_advanced/ros2_homework_advanced_ws/install/fsd_common_msgs/include/fsd_common_msgs/fsd_common_msgs/msg/detail/feedback__description.c\n'}
[20.881875] (fsd_common_msgs) StdoutLine: {'line': b'-- Installing: /home/c/Formax_wuren_shixi/ros2_learning-main/ros2_advanced/ros2_homework_advanced_ws/install/fsd_common_msgs/include/fsd_common_msgs/fsd_common_msgs/msg/detail/yolo_cone_track__struct.h\n'}
[20.881994] (fsd_common_msgs) StdoutLine: {'line': b'-- Installing: /home/c/Formax_wuren_shixi/ros2_learning-main/ros2_advanced/ros2_homework_advanced_ws/install/fsd_common_msgs/include/fsd_common_msgs/fsd_common_msgs/msg/detail/control_command__description.c\n'}
[20.882121] (fsd_common_msgs) StdoutLine: {'line': b'-- Installing: /home/c/Formax_wuren_shixi/ros2_learning-main/ros2_advanced/ros2_homework_advanced_ws/install/fsd_common_msgs/include/fsd_common_msgs/fsd_common_msgs/msg/detail/remote_control_command__type_support.h\n'}
[20.882238] (fsd_common_msgs) StdoutLine: {'line': b'-- Installing: /home/c/Formax_wuren_shixi/ros2_learning-main/ros2_advanced/ros2_homework_advanced_ws/install/fsd_common_msgs/include/fsd_common_msgs/fsd_common_msgs/msg/detail/car_state__struct.h\n'}
[20.882370] (fsd_common_msgs) StdoutLine: {'line': b'-- Installing: /home/c/Formax_wuren_shixi/ros2_learning-main/ros2_advanced/ros2_homework_advanced_ws/install/fsd_common_msgs/include/fsd_common_msgs/fsd_common_msgs/msg/detail/mission__type_support.c\n'}
[20.882489] (fsd_common_msgs) StdoutLine: {'line': b'-- Installing: /home/c/Formax_wuren_shixi/ros2_learning-main/ros2_advanced/ros2_homework_advanced_ws/install/fsd_common_msgs/include/fsd_common_msgs/fsd_common_msgs/msg/detail/cone__type_support.h\n'}
[20.882606] (fsd_common_msgs) StdoutLine: {'line': b'-- Installing: /home/c/Formax_wuren_shixi/ros2_learning-main/ros2_advanced/ros2_homework_advanced_ws/install/fsd_common_msgs/include/fsd_common_msgs/fsd_common_msgs/msg/detail/track__description.c\n'}
[20.882732] (fsd_common_msgs) StdoutLine: {'line': b'-- Installing: /home/c/Formax_wuren_shixi/ros2_learning-main/ros2_advanced/ros2_homework_advanced_ws/install/fsd_common_msgs/include/fsd_common_msgs/fsd_common_msgs/msg/detail/cone_detections__functions.h\n'}
[20.882860] (fsd_common_msgs) StdoutLine: {'line': b'-- Installing: /home/c/Formax_wuren_shixi/ros2_learning-main/ros2_advanced/ros2_homework_advanced_ws/install/fsd_common_msgs/include/fsd_common_msgs/fsd_common_msgs/msg/detail/as_state__struct.h\n'}
[20.882979] (fsd_common_msgs) StdoutLine: {'line': b'-- Installing: /home/c/Formax_wuren_shixi/ros2_learning-main/ros2_advanced/ros2_homework_advanced_ws/install/fsd_common_msgs/include/fsd_common_msgs/fsd_common_msgs/msg/detail/echiev_message__functions.h\n'}
[20.883100] (fsd_common_msgs) StdoutLine: {'line': b'-- Installing: /home/c/Formax_wuren_shixi/ros2_learning-main/ros2_advanced/ros2_homework_advanced_ws/install/fsd_common_msgs/include/fsd_common_msgs/fsd_common_msgs/msg/detail/visualization__description.c\n'}
[20.883239] (fsd_common_msgs) StdoutLine: {'line': b'-- Installing: /home/c/Formax_wuren_shixi/ros2_learning-main/ros2_advanced/ros2_homework_advanced_ws/install/fsd_common_msgs/include/fsd_common_msgs/fsd_common_msgs/msg/detail/cone_detections_dbscan__description.c\n'}
[20.883385] (fsd_common_msgs) StdoutLine: {'line': b'-- Installing: /home/c/Formax_wuren_shixi/ros2_learning-main/ros2_advanced/ros2_homework_advanced_ws/install/fsd_common_msgs/include/fsd_common_msgs/fsd_common_msgs/msg/detail/echiev_message__description.c\n'}
[20.883544] (fsd_common_msgs) StdoutLine: {'line': b'-- Installing: /home/c/Formax_wuren_shixi/ros2_learning-main/ros2_advanced/ros2_homework_advanced_ws/install/fsd_common_msgs/include/fsd_common_msgs/fsd_common_msgs/msg/detail/decision_flag__functions.h\n'}
[20.883751] (fsd_common_msgs) StdoutLine: {'line': b'-- Installing: /home/c/Formax_wuren_shixi/ros2_learning-main/ros2_advanced/ros2_homework_advanced_ws/install/fsd_common_msgs/include/fsd_common_msgs/fsd_common_msgs/msg/detail/feedback__type_support.c\n'}
[20.883904] (fsd_common_msgs) StdoutLine: {'line': b'-- Installing: /home/c/Formax_wuren_shixi/ros2_learning-main/ros2_advanced/ros2_homework_advanced_ws/install/fsd_common_msgs/include/fsd_common_msgs/fsd_common_msgs/msg/detail/ins_delta__functions.c\n'}
[20.884048] (fsd_common_msgs) StdoutLine: {'line': b'-- Installing: /home/c/Formax_wuren_shixi/ros2_learning-main/ros2_advanced/ros2_homework_advanced_ws/install/fsd_common_msgs/include/fsd_common_msgs/fsd_common_msgs/msg/detail/driving_dynamics__struct.h\n'}
[20.884193] (fsd_common_msgs) StdoutLine: {'line': b'-- Installing: /home/c/Formax_wuren_shixi/ros2_learning-main/ros2_advanced/ros2_homework_advanced_ws/install/fsd_common_msgs/include/fsd_common_msgs/fsd_common_msgs/msg/detail/res_and_ami__type_support.c\n'}
[20.884360] (fsd_common_msgs) StdoutLine: {'line': b'-- Installing: /home/c/Formax_wuren_shixi/ros2_learning-main/ros2_advanced/ros2_homework_advanced_ws/install/fsd_common_msgs/include/fsd_common_msgs/fsd_common_msgs/msg/detail/echiev_message__struct.h\n'}
[20.884499] (fsd_common_msgs) StdoutLine: {'line': b'-- Installing: /home/c/Formax_wuren_shixi/ros2_learning-main/ros2_advanced/ros2_homework_advanced_ws/install/fsd_common_msgs/include/fsd_common_msgs/fsd_common_msgs/msg/detail/map__type_support.c\n'}
[20.884637] (fsd_common_msgs) StdoutLine: {'line': b'-- Installing: /home/c/Formax_wuren_shixi/ros2_learning-main/ros2_advanced/ros2_homework_advanced_ws/install/fsd_common_msgs/include/fsd_common_msgs/fsd_common_msgs/msg/detail/map__struct.h\n'}
[20.884774] (-) TimerEvent: {}
[20.884946] (fsd_common_msgs) StdoutLine: {'line': b'-- Installing: /home/c/Formax_wuren_shixi/ros2_learning-main/ros2_advanced/ros2_homework_advanced_ws/install/fsd_common_msgs/include/fsd_common_msgs/fsd_common_msgs/msg/detail/mission__functions.h\n'}
[20.885058] (fsd_common_msgs) StdoutLine: {'line': b'-- Installing: /home/c/Formax_wuren_shixi/ros2_learning-main/ros2_advanced/ros2_homework_advanced_ws/install/fsd_common_msgs/include/fsd_common_msgs/fsd_common_msgs/msg/detail/can_frames__functions.c\n'}
[20.885126] (fsd_common_msgs) StdoutLine: {'line': b'-- Installing: /home/c/Formax_wuren_shixi/ros2_learning-main/ros2_advanced/ros2_homework_advanced_ws/install/fsd_common_msgs/include/fsd_common_msgs/fsd_common_msgs/msg/detail/ins_delta__description.c\n'}
[20.885218] (fsd_common_msgs) StdoutLine: {'line': b'-- Installing: /home/c/Formax_wuren_shixi/ros2_learning-main/ros2_advanced/ros2_homework_advanced_ws/install/fsd_common_msgs/include/fsd_common_msgs/fsd_common_msgs/msg/detail/mission__functions.c\n'}
[20.885301] (fsd_common_msgs) StdoutLine: {'line': b'-- Installing: /home/c/Formax_wuren_shixi/ros2_learning-main/ros2_advanced/ros2_homework_advanced_ws/install/fsd_common_msgs/include/fsd_common_msgs/fsd_common_msgs/msg/detail/time__struct.h\n'}
[20.885387] (fsd_common_msgs) StdoutLine: {'line': b'-- Installing: /home/c/Formax_wuren_shixi/ros2_learning-main/ros2_advanced/ros2_homework_advanced_ws/install/fsd_common_msgs/include/fsd_common_msgs/fsd_common_msgs/msg/detail/yolo_cone__struct.h\n'}
[20.885463] (fsd_common_msgs) StdoutLine: {'line': b'-- Installing: /home/c/Formax_wuren_shixi/ros2_learning-main/ros2_advanced/ros2_homework_advanced_ws/install/fsd_common_msgs/include/fsd_common_msgs/fsd_common_msgs/msg/detail/skidpad_global_center_line__functions.c\n'}
[20.885571] (fsd_common_msgs) StdoutLine: {'line': b'-- Installing: /home/c/Formax_wuren_shixi/ros2_learning-main/ros2_advanced/ros2_homework_advanced_ws/install/fsd_common_msgs/include/fsd_common_msgs/fsd_common_msgs/msg/detail/track__struct.h\n'}
[20.885694] (fsd_common_msgs) StdoutLine: {'line': b'-- Installing: /home/c/Formax_wuren_shixi/ros2_learning-main/ros2_advanced/ros2_homework_advanced_ws/install/fsd_common_msgs/include/fsd_common_msgs/fsd_common_msgs/msg/detail/yolo_cone_detections__functions.h\n'}
[20.885839] (fsd_common_msgs) StdoutLine: {'line': b'-- Installing: /home/c/Formax_wuren_shixi/ros2_learning-main/ros2_advanced/ros2_homework_advanced_ws/install/fsd_common_msgs/include/fsd_common_msgs/fsd_common_msgs/msg/detail/res_and_ami__struct.h\n'}
[20.885967] (fsd_common_msgs) StdoutLine: {'line': b'-- Installing: /home/c/Formax_wuren_shixi/ros2_learning-main/ros2_advanced/ros2_homework_advanced_ws/install/fsd_common_msgs/include/fsd_common_msgs/fsd_common_msgs/msg/detail/yolo_cone_detections_track__type_support.c\n'}
[20.886092] (fsd_common_msgs) StdoutLine: {'line': b'-- Installing: /home/c/Formax_wuren_shixi/ros2_learning-main/ros2_advanced/ros2_homework_advanced_ws/install/fsd_common_msgs/include/fsd_common_msgs/fsd_common_msgs/msg/detail/cone__struct.h\n'}
[20.886216] (fsd_common_msgs) StdoutLine: {'line': b'-- Installing: /home/c/Formax_wuren_shixi/ros2_learning-main/ros2_advanced/ros2_homework_advanced_ws/install/fsd_common_msgs/include/fsd_common_msgs/fsd_common_msgs/msg/detail/skidpad_global_center_line__type_support.h\n'}
[20.886353] (fsd_common_msgs) StdoutLine: {'line': b'-- Installing: /home/c/Formax_wuren_shixi/ros2_learning-main/ros2_advanced/ros2_homework_advanced_ws/install/fsd_common_msgs/include/fsd_common_msgs/fsd_common_msgs/msg/detail/cone_detections__struct.h\n'}
[20.886473] (fsd_common_msgs) StdoutLine: {'line': b'-- Installing: /home/c/Formax_wuren_shixi/ros2_learning-main/ros2_advanced/ros2_homework_advanced_ws/install/fsd_common_msgs/include/fsd_common_msgs/fsd_common_msgs/msg/detail/yolo_cone_track__description.c\n'}
[20.886606] (fsd_common_msgs) StdoutLine: {'line': b'-- Installing: /home/c/Formax_wuren_shixi/ros2_learning-main/ros2_advanced/ros2_homework_advanced_ws/install/fsd_common_msgs/include/fsd_common_msgs/fsd_common_msgs/msg/detail/cone_dbscan__type_support.c\n'}
[20.886729] (fsd_common_msgs) StdoutLine: {'line': b'-- Installing: /home/c/Formax_wuren_shixi/ros2_learning-main/ros2_advanced/ros2_homework_advanced_ws/install/fsd_common_msgs/include/fsd_common_msgs/fsd_common_msgs/msg/detail/visualization__functions.h\n'}
[20.886856] (fsd_common_msgs) StdoutLine: {'line': b'-- Installing: /home/c/Formax_wuren_shixi/ros2_learning-main/ros2_advanced/ros2_homework_advanced_ws/install/fsd_common_msgs/include/fsd_common_msgs/fsd_common_msgs/msg/yolo_cone_detections_track.h\n'}
[20.886974] (fsd_common_msgs) StdoutLine: {'line': b'-- Installing: /home/c/Formax_wuren_shixi/ros2_learning-main/ros2_advanced/ros2_homework_advanced_ws/install/fsd_common_msgs/include/fsd_common_msgs/fsd_common_msgs/msg/yolo_cone_track.h\n'}
[20.887078] (fsd_common_msgs) StdoutLine: {'line': b'-- Installing: /home/c/Formax_wuren_shixi/ros2_learning-main/ros2_advanced/ros2_homework_advanced_ws/install/fsd_common_msgs/include/fsd_common_msgs/fsd_common_msgs/msg/remote_control_command.h\n'}
[20.887189] (fsd_common_msgs) StdoutLine: {'line': b'-- Installing: /home/c/Formax_wuren_shixi/ros2_learning-main/ros2_advanced/ros2_homework_advanced_ws/install/fsd_common_msgs/include/fsd_common_msgs/fsd_common_msgs/msg/track.h\n'}
[20.887306] (fsd_common_msgs) StdoutLine: {'line': b'-- Installing: /home/c/Formax_wuren_shixi/ros2_learning-main/ros2_advanced/ros2_homework_advanced_ws/install/fsd_common_msgs/include/fsd_common_msgs/fsd_common_msgs/msg/driving_dynamics.h\n'}
[20.887409] (fsd_common_msgs) StdoutLine: {'line': b'-- Installing: /home/c/Formax_wuren_shixi/ros2_learning-main/ros2_advanced/ros2_homework_advanced_ws/install/fsd_common_msgs/include/fsd_common_msgs/fsd_common_msgs/msg/decision_flag.h\n'}
[20.887517] (fsd_common_msgs) StdoutLine: {'line': b'-- Installing: /home/c/Formax_wuren_shixi/ros2_learning-main/ros2_advanced/ros2_homework_advanced_ws/install/fsd_common_msgs/include/fsd_common_msgs/fsd_common_msgs/msg/cone_dbscan.h\n'}
[20.887624] (fsd_common_msgs) StdoutLine: {'line': b'-- Installing: /home/c/Formax_wuren_shixi/ros2_learning-main/ros2_advanced/ros2_homework_advanced_ws/install/fsd_common_msgs/include/fsd_common_msgs/fsd_common_msgs/msg/map.h\n'}
[20.887738] (fsd_common_msgs) StdoutLine: {'line': b'-- Installing: /home/c/Formax_wuren_shixi/ros2_learning-main/ros2_advanced/ros2_homework_advanced_ws/install/fsd_common_msgs/include/fsd_common_msgs/fsd_common_msgs/msg/cone_detections_dbscan.h\n'}
[20.887845] (fsd_common_msgs) StdoutLine: {'line': b'-- Installing: /home/c/Formax_wuren_shixi/ros2_learning-main/ros2_advanced/ros2_homework_advanced_ws/install/fsd_common_msgs/include/fsd_common_msgs/fsd_common_msgs/msg/yolo_cone_detections.h\n'}
[20.887953] (fsd_common_msgs) StdoutLine: {'line': b'-- Installing: /home/c/Formax_wuren_shixi/ros2_learning-main/ros2_advanced/ros2_homework_advanced_ws/install/fsd_common_msgs/include/fsd_common_msgs/fsd_common_msgs/msg/time.h\n'}
[20.888060] (fsd_common_msgs) StdoutLine: {'line': b'-- Installing: /home/c/Formax_wuren_shixi/ros2_learning-main/ros2_advanced/ros2_homework_advanced_ws/install/fsd_common_msgs/include/fsd_common_msgs/fsd_common_msgs/msg/car_state.h\n'}
[20.888166] (fsd_common_msgs) StdoutLine: {'line': b'-- Installing: /home/c/Formax_wuren_shixi/ros2_learning-main/ros2_advanced/ros2_homework_advanced_ws/install/fsd_common_msgs/include/fsd_common_msgs/fsd_common_msgs/msg/mission.h\n'}
[20.888281] (fsd_common_msgs) StdoutLine: {'line': b'-- Installing: /home/c/Formax_wuren_shixi/ros2_learning-main/ros2_advanced/ros2_homework_advanced_ws/install/fsd_common_msgs/include/fsd_common_msgs/fsd_common_msgs/msg/car_state_dt.h\n'}
[20.888388] (fsd_common_msgs) StdoutLine: {'line': b'-- Installing: /home/c/Formax_wuren_shixi/ros2_learning-main/ros2_advanced/ros2_homework_advanced_ws/install/fsd_common_msgs/include/fsd_common_msgs/fsd_common_msgs/msg/yolo_cone.h\n'}
[20.888495] (fsd_common_msgs) StdoutLine: {'line': b'-- Installing: /home/c/Formax_wuren_shixi/ros2_learning-main/ros2_advanced/ros2_homework_advanced_ws/install/fsd_common_msgs/include/fsd_common_msgs/fsd_common_msgs/msg/control_command.h\n'}
[20.888608] (fsd_common_msgs) StdoutLine: {'line': b'-- Installing: /home/c/Formax_wuren_shixi/ros2_learning-main/ros2_advanced/ros2_homework_advanced_ws/install/fsd_common_msgs/include/fsd_common_msgs/fsd_common_msgs/msg/res_and_ami.h\n'}
[20.888716] (fsd_common_msgs) StdoutLine: {'line': b'-- Installing: /home/c/Formax_wuren_shixi/ros2_learning-main/ros2_advanced/ros2_homework_advanced_ws/install/fsd_common_msgs/include/fsd_common_msgs/fsd_common_msgs/msg/cone.h\n'}
[20.888823] (fsd_common_msgs) StdoutLine: {'line': b'-- Installing: /home/c/Formax_wuren_shixi/ros2_learning-main/ros2_advanced/ros2_homework_advanced_ws/install/fsd_common_msgs/include/fsd_common_msgs/fsd_common_msgs/msg/feedback.h\n'}
[20.888932] (fsd_common_msgs) StdoutLine: {'line': b'-- Installing: /home/c/Formax_wuren_shixi/ros2_learning-main/ros2_advanced/ros2_homework_advanced_ws/install/fsd_common_msgs/include/fsd_common_msgs/fsd_common_msgs/msg/ins_delta.h\n'}
[20.889042] (fsd_common_msgs) StdoutLine: {'line': b'-- Installing: /home/c/Formax_wuren_shixi/ros2_learning-main/ros2_advanced/ros2_homework_advanced_ws/install/fsd_common_msgs/include/fsd_common_msgs/fsd_common_msgs/msg/asensing_message.h\n'}
[20.889174] (fsd_common_msgs) StdoutLine: {'line': b'-- Installing: /home/c/Formax_wuren_shixi/ros2_learning-main/ros2_advanced/ros2_homework_advanced_ws/install/fsd_common_msgs/include/fsd_common_msgs/fsd_common_msgs/msg/rosidl_generator_c__visibility_control.h\n'}
[20.889516] (fsd_common_msgs) StdoutLine: {'line': b'-- Installing: /home/c/Formax_wuren_shixi/ros2_learning-main/ros2_advanced/ros2_homework_advanced_ws/install/fsd_common_msgs/share/fsd_common_msgs/environment/library_path.sh\n'}
[20.889753] (fsd_common_msgs) StdoutLine: {'line': b'-- Installing: /home/c/Formax_wuren_shixi/ros2_learning-main/ros2_advanced/ros2_homework_advanced_ws/install/fsd_common_msgs/share/fsd_common_msgs/environment/library_path.dsv\n'}
[20.890045] (fsd_common_msgs) StdoutLine: {'line': b'-- Installing: /home/c/Formax_wuren_shixi/ros2_learning-main/ros2_advanced/ros2_homework_advanced_ws/install/fsd_common_msgs/lib/libfsd_common_msgs__rosidl_generator_c.so\n'}
[20.890992] (fsd_common_msgs) StdoutLine: {'line': b'-- Set non-toolchain portion of runtime path of "/home/c/Formax_wuren_shixi/ros2_learning-main/ros2_advanced/ros2_homework_advanced_ws/install/fsd_common_msgs/lib/libfsd_common_msgs__rosidl_generator_c.so" to ""\n'}
[20.891684] (fsd_common_msgs) StdoutLine: {'line': b'-- Up-to-date: /home/c/Formax_wuren_shixi/ros2_learning-main/ros2_advanced/ros2_homework_advanced_ws/install/fsd_common_msgs/include/fsd_common_msgs/fsd_common_msgs\n'}
[20.891788] (fsd_common_msgs) StdoutLine: {'line': b'-- Up-to-date: /home/c/Formax_wuren_shixi/ros2_learning-main/ros2_advanced/ros2_homework_advanced_ws/install/fsd_common_msgs/include/fsd_common_msgs/fsd_common_msgs/msg\n'}
[20.891864] (fsd_common_msgs) StdoutLine: {'line': b'-- Up-to-date: /home/c/Formax_wuren_shixi/ros2_learning-main/ros2_advanced/ros2_homework_advanced_ws/install/fsd_common_msgs/include/fsd_common_msgs/fsd_common_msgs/msg/detail\n'}
[20.891938] (fsd_common_msgs) StdoutLine: {'line': b'-- Installing: /home/c/Formax_wuren_shixi/ros2_learning-main/ros2_advanced/ros2_homework_advanced_ws/install/fsd_common_msgs/include/fsd_common_msgs/fsd_common_msgs/msg/detail/time__rosidl_typesupport_fastrtps_c.h\n'}
[20.892066] (fsd_common_msgs) StdoutLine: {'line': b'-- Installing: /home/c/Formax_wuren_shixi/ros2_learning-main/ros2_advanced/ros2_homework_advanced_ws/install/fsd_common_msgs/include/fsd_common_msgs/fsd_common_msgs/msg/detail/remote_control_command__rosidl_typesupport_fastrtps_c.h\n'}
[20.892162] (fsd_common_msgs) StdoutLine: {'line': b'-- Installing: /home/c/Formax_wuren_shixi/ros2_learning-main/ros2_advanced/ros2_homework_advanced_ws/install/fsd_common_msgs/include/fsd_common_msgs/fsd_common_msgs/msg/detail/yolo_cone_detections_track__rosidl_typesupport_fastrtps_c.h\n'}
[20.892247] (fsd_common_msgs) StdoutLine: {'line': b'-- Installing: /home/c/Formax_wuren_shixi/ros2_learning-main/ros2_advanced/ros2_homework_advanced_ws/install/fsd_common_msgs/include/fsd_common_msgs/fsd_common_msgs/msg/detail/driving_dynamics__rosidl_typesupport_fastrtps_c.h\n'}
[20.892341] (fsd_common_msgs) StdoutLine: {'line': b'-- Installing: /home/c/Formax_wuren_shixi/ros2_learning-main/ros2_advanced/ros2_homework_advanced_ws/install/fsd_common_msgs/include/fsd_common_msgs/fsd_common_msgs/msg/detail/asensing_message__rosidl_typesupport_fastrtps_c.h\n'}
[20.892406] (fsd_common_msgs) StdoutLine: {'line': b'-- Installing: /home/c/Formax_wuren_shixi/ros2_learning-main/ros2_advanced/ros2_homework_advanced_ws/install/fsd_common_msgs/include/fsd_common_msgs/fsd_common_msgs/msg/detail/ins_delta__rosidl_typesupport_fastrtps_c.h\n'}
[20.892468] (fsd_common_msgs) StdoutLine: {'line': b'-- Installing: /home/c/Formax_wuren_shixi/ros2_learning-main/ros2_advanced/ros2_homework_advanced_ws/install/fsd_common_msgs/include/fsd_common_msgs/fsd_common_msgs/msg/detail/skidpad_global_center_line__rosidl_typesupport_fastrtps_c.h\n'}
[20.892525] (fsd_common_msgs) StdoutLine: {'line': b'-- Installing: /home/c/Formax_wuren_shixi/ros2_learning-main/ros2_advanced/ros2_homework_advanced_ws/install/fsd_common_msgs/include/fsd_common_msgs/fsd_common_msgs/msg/detail/car_state__rosidl_typesupport_fastrtps_c.h\n'}
[20.892588] (fsd_common_msgs) StdoutLine: {'line': b'-- Installing: /home/c/Formax_wuren_shixi/ros2_learning-main/ros2_advanced/ros2_homework_advanced_ws/install/fsd_common_msgs/include/fsd_common_msgs/fsd_common_msgs/msg/detail/control_command__rosidl_typesupport_fastrtps_c.h\n'}
[20.892675] (fsd_common_msgs) StdoutLine: {'line': b'-- Installing: /home/c/Formax_wuren_shixi/ros2_learning-main/ros2_advanced/ros2_homework_advanced_ws/install/fsd_common_msgs/include/fsd_common_msgs/fsd_common_msgs/msg/detail/trajectory_point__rosidl_typesupport_fastrtps_c.h\n'}
[20.892762] (fsd_common_msgs) StdoutLine: {'line': b'-- Installing: /home/c/Formax_wuren_shixi/ros2_learning-main/ros2_advanced/ros2_homework_advanced_ws/install/fsd_common_msgs/include/fsd_common_msgs/fsd_common_msgs/msg/detail/res_and_ami__rosidl_typesupport_fastrtps_c.h\n'}
[20.892865] (fsd_common_msgs) StdoutLine: {'line': b'-- Installing: /home/c/Formax_wuren_shixi/ros2_learning-main/ros2_advanced/ros2_homework_advanced_ws/install/fsd_common_msgs/include/fsd_common_msgs/fsd_common_msgs/msg/detail/cone_dbscan__rosidl_typesupport_fastrtps_c.h\n'}
[20.892977] (fsd_common_msgs) StdoutLine: {'line': b'-- Installing: /home/c/Formax_wuren_shixi/ros2_learning-main/ros2_advanced/ros2_homework_advanced_ws/install/fsd_common_msgs/include/fsd_common_msgs/fsd_common_msgs/msg/detail/cone_detections_dbscan__rosidl_typesupport_fastrtps_c.h\n'}
[20.893190] (fsd_common_msgs) StdoutLine: {'line': b'-- Installing: /home/c/Formax_wuren_shixi/ros2_learning-main/ros2_advanced/ros2_homework_advanced_ws/install/fsd_common_msgs/include/fsd_common_msgs/fsd_common_msgs/msg/detail/cone_detections__rosidl_typesupport_fastrtps_c.h\n'}
[20.893365] (fsd_common_msgs) StdoutLine: {'line': b'-- Installing: /home/c/Formax_wuren_shixi/ros2_learning-main/ros2_advanced/ros2_homework_advanced_ws/install/fsd_common_msgs/include/fsd_common_msgs/fsd_common_msgs/msg/detail/track__rosidl_typesupport_fastrtps_c.h\n'}
[20.893523] (fsd_common_msgs) StdoutLine: {'line': b'-- Installing: /home/c/Formax_wuren_shixi/ros2_learning-main/ros2_advanced/ros2_homework_advanced_ws/install/fsd_common_msgs/include/fsd_common_msgs/fsd_common_msgs/msg/detail/echiev_message__rosidl_typesupport_fastrtps_c.h\n'}
[20.893665] (fsd_common_msgs) StdoutLine: {'line': b'-- Installing: /home/c/Formax_wuren_shixi/ros2_learning-main/ros2_advanced/ros2_homework_advanced_ws/install/fsd_common_msgs/include/fsd_common_msgs/fsd_common_msgs/msg/detail/yolo_cone_track__rosidl_typesupport_fastrtps_c.h\n'}
[20.893782] (fsd_common_msgs) StdoutLine: {'line': b'-- Installing: /home/c/Formax_wuren_shixi/ros2_learning-main/ros2_advanced/ros2_homework_advanced_ws/install/fsd_common_msgs/include/fsd_common_msgs/fsd_common_msgs/msg/detail/can_frames__rosidl_typesupport_fastrtps_c.h\n'}
[20.893903] (fsd_common_msgs) StdoutLine: {'line': b'-- Installing: /home/c/Formax_wuren_shixi/ros2_learning-main/ros2_advanced/ros2_homework_advanced_ws/install/fsd_common_msgs/include/fsd_common_msgs/fsd_common_msgs/msg/detail/car_state_dt__rosidl_typesupport_fastrtps_c.h\n'}
[20.894021] (fsd_common_msgs) StdoutLine: {'line': b'-- Installing: /home/c/Formax_wuren_shixi/ros2_learning-main/ros2_advanced/ros2_homework_advanced_ws/install/fsd_common_msgs/include/fsd_common_msgs/fsd_common_msgs/msg/detail/decision_flag__rosidl_typesupport_fastrtps_c.h\n'}
[20.894136] (fsd_common_msgs) StdoutLine: {'line': b'-- Installing: /home/c/Formax_wuren_shixi/ros2_learning-main/ros2_advanced/ros2_homework_advanced_ws/install/fsd_common_msgs/include/fsd_common_msgs/fsd_common_msgs/msg/detail/map__rosidl_typesupport_fastrtps_c.h\n'}
[20.894258] (fsd_common_msgs) StdoutLine: {'line': b'-- Installing: /home/c/Formax_wuren_shixi/ros2_learning-main/ros2_advanced/ros2_homework_advanced_ws/install/fsd_common_msgs/include/fsd_common_msgs/fsd_common_msgs/msg/detail/cone__rosidl_typesupport_fastrtps_c.h\n'}
[20.894377] (fsd_common_msgs) StdoutLine: {'line': b'-- Installing: /home/c/Formax_wuren_shixi/ros2_learning-main/ros2_advanced/ros2_homework_advanced_ws/install/fsd_common_msgs/include/fsd_common_msgs/fsd_common_msgs/msg/detail/visualization__rosidl_typesupport_fastrtps_c.h\n'}
[20.894491] (fsd_common_msgs) StdoutLine: {'line': b'-- Installing: /home/c/Formax_wuren_shixi/ros2_learning-main/ros2_advanced/ros2_homework_advanced_ws/install/fsd_common_msgs/include/fsd_common_msgs/fsd_common_msgs/msg/detail/yolo_cone__rosidl_typesupport_fastrtps_c.h\n'}
[20.894614] (fsd_common_msgs) StdoutLine: {'line': b'-- Installing: /home/c/Formax_wuren_shixi/ros2_learning-main/ros2_advanced/ros2_homework_advanced_ws/install/fsd_common_msgs/include/fsd_common_msgs/fsd_common_msgs/msg/detail/as_state__rosidl_typesupport_fastrtps_c.h\n'}
[20.894723] (fsd_common_msgs) StdoutLine: {'line': b'-- Installing: /home/c/Formax_wuren_shixi/ros2_learning-main/ros2_advanced/ros2_homework_advanced_ws/install/fsd_common_msgs/include/fsd_common_msgs/fsd_common_msgs/msg/detail/feedback__rosidl_typesupport_fastrtps_c.h\n'}
[20.894837] (fsd_common_msgs) StdoutLine: {'line': b'-- Installing: /home/c/Formax_wuren_shixi/ros2_learning-main/ros2_advanced/ros2_homework_advanced_ws/install/fsd_common_msgs/include/fsd_common_msgs/fsd_common_msgs/msg/detail/mission__rosidl_typesupport_fastrtps_c.h\n'}
[20.894965] (fsd_common_msgs) StdoutLine: {'line': b'-- Installing: /home/c/Formax_wuren_shixi/ros2_learning-main/ros2_advanced/ros2_homework_advanced_ws/install/fsd_common_msgs/include/fsd_common_msgs/fsd_common_msgs/msg/detail/yolo_cone_detections__rosidl_typesupport_fastrtps_c.h\n'}
[20.895113] (fsd_common_msgs) StdoutLine: {'line': b'-- Installing: /home/c/Formax_wuren_shixi/ros2_learning-main/ros2_advanced/ros2_homework_advanced_ws/install/fsd_common_msgs/include/fsd_common_msgs/fsd_common_msgs/msg/rosidl_typesupport_fastrtps_c__visibility_control.h\n'}
[20.895421] (fsd_common_msgs) StdoutLine: {'line': b'-- Installing: /home/c/Formax_wuren_shixi/ros2_learning-main/ros2_advanced/ros2_homework_advanced_ws/install/fsd_common_msgs/lib/libfsd_common_msgs__rosidl_typesupport_fastrtps_c.so\n'}
[20.896521] (fsd_common_msgs) StdoutLine: {'line': b'-- Set non-toolchain portion of runtime path of "/home/c/Formax_wuren_shixi/ros2_learning-main/ros2_advanced/ros2_homework_advanced_ws/install/fsd_common_msgs/lib/libfsd_common_msgs__rosidl_typesupport_fastrtps_c.so" to ""\n'}
[20.896664] (fsd_common_msgs) StdoutLine: {'line': b'-- Up-to-date: /home/c/Formax_wuren_shixi/ros2_learning-main/ros2_advanced/ros2_homework_advanced_ws/install/fsd_common_msgs/include/fsd_common_msgs/fsd_common_msgs\n'}
[20.896760] (fsd_common_msgs) StdoutLine: {'line': b'-- Up-to-date: /home/c/Formax_wuren_shixi/ros2_learning-main/ros2_advanced/ros2_homework_advanced_ws/install/fsd_common_msgs/include/fsd_common_msgs/fsd_common_msgs/msg\n'}
[20.896853] (fsd_common_msgs) StdoutLine: {'line': b'-- Up-to-date: /home/c/Formax_wuren_shixi/ros2_learning-main/ros2_advanced/ros2_homework_advanced_ws/install/fsd_common_msgs/include/fsd_common_msgs/fsd_common_msgs/msg/detail\n'}
[20.897034] (fsd_common_msgs) StdoutLine: {'line': b'-- Installing: /home/c/Formax_wuren_shixi/ros2_learning-main/ros2_advanced/ros2_homework_advanced_ws/install/fsd_common_msgs/include/fsd_common_msgs/fsd_common_msgs/msg/detail/remote_control_command__rosidl_typesupport_introspection_c.h\n'}
[20.897387] (fsd_common_msgs) StdoutLine: {'line': b'-- Installing: /home/c/Formax_wuren_shixi/ros2_learning-main/ros2_advanced/ros2_homework_advanced_ws/install/fsd_common_msgs/include/fsd_common_msgs/fsd_common_msgs/msg/detail/feedback__rosidl_typesupport_introspection_c.h\n'}
[20.897685] (fsd_common_msgs) StdoutLine: {'line': b'-- Installing: /home/c/Formax_wuren_shixi/ros2_learning-main/ros2_advanced/ros2_homework_advanced_ws/install/fsd_common_msgs/include/fsd_common_msgs/fsd_common_msgs/msg/detail/trajectory_point__type_support.c\n'}
[20.898037] (fsd_common_msgs) StdoutLine: {'line': b'-- Installing: /home/c/Formax_wuren_shixi/ros2_learning-main/ros2_advanced/ros2_homework_advanced_ws/install/fsd_common_msgs/include/fsd_common_msgs/fsd_common_msgs/msg/detail/map__rosidl_typesupport_introspection_c.h\n'}
[20.898224] (fsd_common_msgs) StdoutLine: {'line': b'-- Installing: /home/c/Formax_wuren_shixi/ros2_learning-main/ros2_advanced/ros2_homework_advanced_ws/install/fsd_common_msgs/include/fsd_common_msgs/fsd_common_msgs/msg/detail/cone_detections__rosidl_typesupport_introspection_c.h\n'}
[20.898377] (fsd_common_msgs) StdoutLine: {'line': b'-- Installing: /home/c/Formax_wuren_shixi/ros2_learning-main/ros2_advanced/ros2_homework_advanced_ws/install/fsd_common_msgs/include/fsd_common_msgs/fsd_common_msgs/msg/detail/track__type_support.c\n'}
[20.898530] (fsd_common_msgs) StdoutLine: {'line': b'-- Installing: /home/c/Formax_wuren_shixi/ros2_learning-main/ros2_advanced/ros2_homework_advanced_ws/install/fsd_common_msgs/include/fsd_common_msgs/fsd_common_msgs/msg/detail/driving_dynamics__type_support.c\n'}
[20.898685] (fsd_common_msgs) StdoutLine: {'line': b'-- Installing: /home/c/Formax_wuren_shixi/ros2_learning-main/ros2_advanced/ros2_homework_advanced_ws/install/fsd_common_msgs/include/fsd_common_msgs/fsd_common_msgs/msg/detail/remote_control_command__type_support.c\n'}
[20.898838] (fsd_common_msgs) StdoutLine: {'line': b'-- Installing: /home/c/Formax_wuren_shixi/ros2_learning-main/ros2_advanced/ros2_homework_advanced_ws/install/fsd_common_msgs/include/fsd_common_msgs/fsd_common_msgs/msg/detail/car_state_dt__type_support.c\n'}
[20.898990] (fsd_common_msgs) StdoutLine: {'line': b'-- Installing: /home/c/Formax_wuren_shixi/ros2_learning-main/ros2_advanced/ros2_homework_advanced_ws/install/fsd_common_msgs/include/fsd_common_msgs/fsd_common_msgs/msg/detail/car_state__rosidl_typesupport_introspection_c.h\n'}
[20.899115] (fsd_common_msgs) StdoutLine: {'line': b'-- Installing: /home/c/Formax_wuren_shixi/ros2_learning-main/ros2_advanced/ros2_homework_advanced_ws/install/fsd_common_msgs/include/fsd_common_msgs/fsd_common_msgs/msg/detail/echiev_message__type_support.c\n'}
[20.899277] (fsd_common_msgs) StdoutLine: {'line': b'-- Installing: /home/c/Formax_wuren_shixi/ros2_learning-main/ros2_advanced/ros2_homework_advanced_ws/install/fsd_common_msgs/include/fsd_common_msgs/fsd_common_msgs/msg/detail/yolo_cone__type_support.c\n'}
[20.899428] (fsd_common_msgs) StdoutLine: {'line': b'-- Installing: /home/c/Formax_wuren_shixi/ros2_learning-main/ros2_advanced/ros2_homework_advanced_ws/install/fsd_common_msgs/include/fsd_common_msgs/fsd_common_msgs/msg/detail/car_state__type_support.c\n'}
[20.899576] (fsd_common_msgs) StdoutLine: {'line': b'-- Installing: /home/c/Formax_wuren_shixi/ros2_learning-main/ros2_advanced/ros2_homework_advanced_ws/install/fsd_common_msgs/include/fsd_common_msgs/fsd_common_msgs/msg/detail/ins_delta__type_support.c\n'}
[20.899729] (fsd_common_msgs) StdoutLine: {'line': b'-- Installing: /home/c/Formax_wuren_shixi/ros2_learning-main/ros2_advanced/ros2_homework_advanced_ws/install/fsd_common_msgs/include/fsd_common_msgs/fsd_common_msgs/msg/detail/track__rosidl_typesupport_introspection_c.h\n'}
[20.899867] (fsd_common_msgs) StdoutLine: {'line': b'-- Installing: /home/c/Formax_wuren_shixi/ros2_learning-main/ros2_advanced/ros2_homework_advanced_ws/install/fsd_common_msgs/include/fsd_common_msgs/fsd_common_msgs/msg/detail/yolo_cone_detections__rosidl_typesupport_introspection_c.h\n'}
[20.899998] (fsd_common_msgs) StdoutLine: {'line': b'-- Installing: /home/c/Formax_wuren_shixi/ros2_learning-main/ros2_advanced/ros2_homework_advanced_ws/install/fsd_common_msgs/include/fsd_common_msgs/fsd_common_msgs/msg/detail/control_command__type_support.c\n'}
[20.900234] (fsd_common_msgs) StdoutLine: {'line': b'-- Installing: /home/c/Formax_wuren_shixi/ros2_learning-main/ros2_advanced/ros2_homework_advanced_ws/install/fsd_common_msgs/include/fsd_common_msgs/fsd_common_msgs/msg/detail/yolo_cone_track__type_support.c\n'}
[20.900349] (fsd_common_msgs) StdoutLine: {'line': b'-- Installing: /home/c/Formax_wuren_shixi/ros2_learning-main/ros2_advanced/ros2_homework_advanced_ws/install/fsd_common_msgs/include/fsd_common_msgs/fsd_common_msgs/msg/detail/asensing_message__rosidl_typesupport_introspection_c.h\n'}
[20.900445] (fsd_common_msgs) StdoutLine: {'line': b'-- Installing: /home/c/Formax_wuren_shixi/ros2_learning-main/ros2_advanced/ros2_homework_advanced_ws/install/fsd_common_msgs/include/fsd_common_msgs/fsd_common_msgs/msg/detail/skidpad_global_center_line__type_support.c\n'}
[20.900603] (fsd_common_msgs) StdoutLine: {'line': b'-- Installing: /home/c/Formax_wuren_shixi/ros2_learning-main/ros2_advanced/ros2_homework_advanced_ws/install/fsd_common_msgs/include/fsd_common_msgs/fsd_common_msgs/msg/detail/control_command__rosidl_typesupport_introspection_c.h\n'}
[20.900736] (fsd_common_msgs) StdoutLine: {'line': b'-- Installing: /home/c/Formax_wuren_shixi/ros2_learning-main/ros2_advanced/ros2_homework_advanced_ws/install/fsd_common_msgs/include/fsd_common_msgs/fsd_common_msgs/msg/detail/can_frames__type_support.c\n'}
[20.900891] (fsd_common_msgs) StdoutLine: {'line': b'-- Installing: /home/c/Formax_wuren_shixi/ros2_learning-main/ros2_advanced/ros2_homework_advanced_ws/install/fsd_common_msgs/include/fsd_common_msgs/fsd_common_msgs/msg/detail/as_state__type_support.c\n'}
[20.901045] (fsd_common_msgs) StdoutLine: {'line': b'-- Installing: /home/c/Formax_wuren_shixi/ros2_learning-main/ros2_advanced/ros2_homework_advanced_ws/install/fsd_common_msgs/include/fsd_common_msgs/fsd_common_msgs/msg/detail/yolo_cone__rosidl_typesupport_introspection_c.h\n'}
[20.901174] (fsd_common_msgs) StdoutLine: {'line': b'-- Installing: /home/c/Formax_wuren_shixi/ros2_learning-main/ros2_advanced/ros2_homework_advanced_ws/install/fsd_common_msgs/include/fsd_common_msgs/fsd_common_msgs/msg/detail/can_frames__rosidl_typesupport_introspection_c.h\n'}
[20.901319] (fsd_common_msgs) StdoutLine: {'line': b'-- Installing: /home/c/Formax_wuren_shixi/ros2_learning-main/ros2_advanced/ros2_homework_advanced_ws/install/fsd_common_msgs/include/fsd_common_msgs/fsd_common_msgs/msg/detail/trajectory_point__rosidl_typesupport_introspection_c.h\n'}
[20.901447] (fsd_common_msgs) StdoutLine: {'line': b'-- Installing: /home/c/Formax_wuren_shixi/ros2_learning-main/ros2_advanced/ros2_homework_advanced_ws/install/fsd_common_msgs/include/fsd_common_msgs/fsd_common_msgs/msg/detail/cone_detections__type_support.c\n'}
[20.901613] (fsd_common_msgs) StdoutLine: {'line': b'-- Installing: /home/c/Formax_wuren_shixi/ros2_learning-main/ros2_advanced/ros2_homework_advanced_ws/install/fsd_common_msgs/include/fsd_common_msgs/fsd_common_msgs/msg/detail/yolo_cone_detections__type_support.c\n'}
[20.901782] (fsd_common_msgs) StdoutLine: {'line': b'-- Installing: /home/c/Formax_wuren_shixi/ros2_learning-main/ros2_advanced/ros2_homework_advanced_ws/install/fsd_common_msgs/include/fsd_common_msgs/fsd_common_msgs/msg/detail/car_state_dt__rosidl_typesupport_introspection_c.h\n'}
[20.901921] (fsd_common_msgs) StdoutLine: {'line': b'-- Installing: /home/c/Formax_wuren_shixi/ros2_learning-main/ros2_advanced/ros2_homework_advanced_ws/install/fsd_common_msgs/include/fsd_common_msgs/fsd_common_msgs/msg/detail/echiev_message__rosidl_typesupport_introspection_c.h\n'}
[20.902046] (fsd_common_msgs) StdoutLine: {'line': b'-- Installing: /home/c/Formax_wuren_shixi/ros2_learning-main/ros2_advanced/ros2_homework_advanced_ws/install/fsd_common_msgs/include/fsd_common_msgs/fsd_common_msgs/msg/detail/asensing_message__type_support.c\n'}
[20.902210] (fsd_common_msgs) StdoutLine: {'line': b'-- Installing: /home/c/Formax_wuren_shixi/ros2_learning-main/ros2_advanced/ros2_homework_advanced_ws/install/fsd_common_msgs/include/fsd_common_msgs/fsd_common_msgs/msg/detail/time__rosidl_typesupport_introspection_c.h\n'}
[20.902349] (fsd_common_msgs) StdoutLine: {'line': b'-- Installing: /home/c/Formax_wuren_shixi/ros2_learning-main/ros2_advanced/ros2_homework_advanced_ws/install/fsd_common_msgs/include/fsd_common_msgs/fsd_common_msgs/msg/detail/time__type_support.c\n'}
[20.902537] (fsd_common_msgs) StdoutLine: {'line': b'-- Installing: /home/c/Formax_wuren_shixi/ros2_learning-main/ros2_advanced/ros2_homework_advanced_ws/install/fsd_common_msgs/include/fsd_common_msgs/fsd_common_msgs/msg/detail/cone__type_support.c\n'}
[20.902638] (fsd_common_msgs) StdoutLine: {'line': b'-- Installing: /home/c/Formax_wuren_shixi/ros2_learning-main/ros2_advanced/ros2_homework_advanced_ws/install/fsd_common_msgs/include/fsd_common_msgs/fsd_common_msgs/msg/detail/decision_flag__rosidl_typesupport_introspection_c.h\n'}
[20.902768] (fsd_common_msgs) StdoutLine: {'line': b'-- Installing: /home/c/Formax_wuren_shixi/ros2_learning-main/ros2_advanced/ros2_homework_advanced_ws/install/fsd_common_msgs/include/fsd_common_msgs/fsd_common_msgs/msg/detail/as_state__rosidl_typesupport_introspection_c.h\n'}
[20.902891] (fsd_common_msgs) StdoutLine: {'line': b'-- Installing: /home/c/Formax_wuren_shixi/ros2_learning-main/ros2_advanced/ros2_homework_advanced_ws/install/fsd_common_msgs/include/fsd_common_msgs/fsd_common_msgs/msg/detail/decision_flag__type_support.c\n'}
[20.903033] (fsd_common_msgs) StdoutLine: {'line': b'-- Installing: /home/c/Formax_wuren_shixi/ros2_learning-main/ros2_advanced/ros2_homework_advanced_ws/install/fsd_common_msgs/include/fsd_common_msgs/fsd_common_msgs/msg/detail/driving_dynamics__rosidl_typesupport_introspection_c.h\n'}
[20.903160] (fsd_common_msgs) StdoutLine: {'line': b'-- Installing: /home/c/Formax_wuren_shixi/ros2_learning-main/ros2_advanced/ros2_homework_advanced_ws/install/fsd_common_msgs/include/fsd_common_msgs/fsd_common_msgs/msg/detail/visualization__type_support.c\n'}
[20.903374] (fsd_common_msgs) StdoutLine: {'line': b'-- Installing: /home/c/Formax_wuren_shixi/ros2_learning-main/ros2_advanced/ros2_homework_advanced_ws/install/fsd_common_msgs/include/fsd_common_msgs/fsd_common_msgs/msg/detail/skidpad_global_center_line__rosidl_typesupport_introspection_c.h\n'}
[20.903505] (fsd_common_msgs) StdoutLine: {'line': b'-- Installing: /home/c/Formax_wuren_shixi/ros2_learning-main/ros2_advanced/ros2_homework_advanced_ws/install/fsd_common_msgs/include/fsd_common_msgs/fsd_common_msgs/msg/detail/cone_detections_dbscan__type_support.c\n'}
[20.903651] (fsd_common_msgs) StdoutLine: {'line': b'-- Installing: /home/c/Formax_wuren_shixi/ros2_learning-main/ros2_advanced/ros2_homework_advanced_ws/install/fsd_common_msgs/include/fsd_common_msgs/fsd_common_msgs/msg/detail/cone_detections_dbscan__rosidl_typesupport_introspection_c.h\n'}
[20.903779] (fsd_common_msgs) StdoutLine: {'line': b'-- Installing: /home/c/Formax_wuren_shixi/ros2_learning-main/ros2_advanced/ros2_homework_advanced_ws/install/fsd_common_msgs/include/fsd_common_msgs/fsd_common_msgs/msg/detail/yolo_cone_detections_track__rosidl_typesupport_introspection_c.h\n'}
[20.903907] (fsd_common_msgs) StdoutLine: {'line': b'-- Installing: /home/c/Formax_wuren_shixi/ros2_learning-main/ros2_advanced/ros2_homework_advanced_ws/install/fsd_common_msgs/include/fsd_common_msgs/fsd_common_msgs/msg/detail/cone_dbscan__rosidl_typesupport_introspection_c.h\n'}
[20.904033] (fsd_common_msgs) StdoutLine: {'line': b'-- Installing: /home/c/Formax_wuren_shixi/ros2_learning-main/ros2_advanced/ros2_homework_advanced_ws/install/fsd_common_msgs/include/fsd_common_msgs/fsd_common_msgs/msg/detail/visualization__rosidl_typesupport_introspection_c.h\n'}
[20.904158] (fsd_common_msgs) StdoutLine: {'line': b'-- Installing: /home/c/Formax_wuren_shixi/ros2_learning-main/ros2_advanced/ros2_homework_advanced_ws/install/fsd_common_msgs/include/fsd_common_msgs/fsd_common_msgs/msg/detail/mission__rosidl_typesupport_introspection_c.h\n'}
[20.904288] (fsd_common_msgs) StdoutLine: {'line': b'-- Installing: /home/c/Formax_wuren_shixi/ros2_learning-main/ros2_advanced/ros2_homework_advanced_ws/install/fsd_common_msgs/include/fsd_common_msgs/fsd_common_msgs/msg/detail/mission__type_support.c\n'}
[20.904434] (fsd_common_msgs) StdoutLine: {'line': b'-- Installing: /home/c/Formax_wuren_shixi/ros2_learning-main/ros2_advanced/ros2_homework_advanced_ws/install/fsd_common_msgs/include/fsd_common_msgs/fsd_common_msgs/msg/detail/ins_delta__rosidl_typesupport_introspection_c.h\n'}
[20.904560] (fsd_common_msgs) StdoutLine: {'line': b'-- Installing: /home/c/Formax_wuren_shixi/ros2_learning-main/ros2_advanced/ros2_homework_advanced_ws/install/fsd_common_msgs/include/fsd_common_msgs/fsd_common_msgs/msg/detail/yolo_cone_track__rosidl_typesupport_introspection_c.h\n'}
[20.904683] (fsd_common_msgs) StdoutLine: {'line': b'-- Installing: /home/c/Formax_wuren_shixi/ros2_learning-main/ros2_advanced/ros2_homework_advanced_ws/install/fsd_common_msgs/include/fsd_common_msgs/fsd_common_msgs/msg/detail/feedback__type_support.c\n'}
[20.904837] (fsd_common_msgs) StdoutLine: {'line': b'-- Installing: /home/c/Formax_wuren_shixi/ros2_learning-main/ros2_advanced/ros2_homework_advanced_ws/install/fsd_common_msgs/include/fsd_common_msgs/fsd_common_msgs/msg/detail/res_and_ami__rosidl_typesupport_introspection_c.h\n'}
[20.904960] (fsd_common_msgs) StdoutLine: {'line': b'-- Installing: /home/c/Formax_wuren_shixi/ros2_learning-main/ros2_advanced/ros2_homework_advanced_ws/install/fsd_common_msgs/include/fsd_common_msgs/fsd_common_msgs/msg/detail/res_and_ami__type_support.c\n'}
[20.905100] (fsd_common_msgs) StdoutLine: {'line': b'-- Installing: /home/c/Formax_wuren_shixi/ros2_learning-main/ros2_advanced/ros2_homework_advanced_ws/install/fsd_common_msgs/include/fsd_common_msgs/fsd_common_msgs/msg/detail/map__type_support.c\n'}
[20.905248] (fsd_common_msgs) StdoutLine: {'line': b'-- Installing: /home/c/Formax_wuren_shixi/ros2_learning-main/ros2_advanced/ros2_homework_advanced_ws/install/fsd_common_msgs/include/fsd_common_msgs/fsd_common_msgs/msg/detail/yolo_cone_detections_track__type_support.c\n'}
[20.905409] (fsd_common_msgs) StdoutLine: {'line': b'-- Installing: /home/c/Formax_wuren_shixi/ros2_learning-main/ros2_advanced/ros2_homework_advanced_ws/install/fsd_common_msgs/include/fsd_common_msgs/fsd_common_msgs/msg/detail/cone__rosidl_typesupport_introspection_c.h\n'}
[20.905531] (fsd_common_msgs) StdoutLine: {'line': b'-- Installing: /home/c/Formax_wuren_shixi/ros2_learning-main/ros2_advanced/ros2_homework_advanced_ws/install/fsd_common_msgs/include/fsd_common_msgs/fsd_common_msgs/msg/detail/cone_dbscan__type_support.c\n'}
[20.905807] (fsd_common_msgs) StdoutLine: {'line': b'-- Installing: /home/c/Formax_wuren_shixi/ros2_learning-main/ros2_advanced/ros2_homework_advanced_ws/install/fsd_common_msgs/include/fsd_common_msgs/fsd_common_msgs/msg/rosidl_typesupport_introspection_c__visibility_control.h\n'}
[20.905904] (fsd_common_msgs) StdoutLine: {'line': b'-- Installing: /home/c/Formax_wuren_shixi/ros2_learning-main/ros2_advanced/ros2_homework_advanced_ws/install/fsd_common_msgs/lib/libfsd_common_msgs__rosidl_typesupport_introspection_c.so\n'}
[20.906721] (fsd_common_msgs) StdoutLine: {'line': b'-- Set non-toolchain portion of runtime path of "/home/c/Formax_wuren_shixi/ros2_learning-main/ros2_advanced/ros2_homework_advanced_ws/install/fsd_common_msgs/lib/libfsd_common_msgs__rosidl_typesupport_introspection_c.so" to ""\n'}
[20.906810] (fsd_common_msgs) StdoutLine: {'line': b'-- Installing: /home/c/Formax_wuren_shixi/ros2_learning-main/ros2_advanced/ros2_homework_advanced_ws/install/fsd_common_msgs/lib/libfsd_common_msgs__rosidl_typesupport_c.so\n'}
[20.907186] (fsd_common_msgs) StdoutLine: {'line': b'-- Set non-toolchain portion of runtime path of "/home/c/Formax_wuren_shixi/ros2_learning-main/ros2_advanced/ros2_homework_advanced_ws/install/fsd_common_msgs/lib/libfsd_common_msgs__rosidl_typesupport_c.so" to ""\n'}
[20.907299] (fsd_common_msgs) StdoutLine: {'line': b'-- Up-to-date: /home/c/Formax_wuren_shixi/ros2_learning-main/ros2_advanced/ros2_homework_advanced_ws/install/fsd_common_msgs/include/fsd_common_msgs/fsd_common_msgs\n'}
[20.907385] (fsd_common_msgs) StdoutLine: {'line': b'-- Up-to-date: /home/c/Formax_wuren_shixi/ros2_learning-main/ros2_advanced/ros2_homework_advanced_ws/install/fsd_common_msgs/include/fsd_common_msgs/fsd_common_msgs/msg\n'}
[20.907449] (fsd_common_msgs) StdoutLine: {'line': b'-- Installing: /home/c/Formax_wuren_shixi/ros2_learning-main/ros2_advanced/ros2_homework_advanced_ws/install/fsd_common_msgs/include/fsd_common_msgs/fsd_common_msgs/msg/cone_detections_dbscan.hpp\n'}
[20.907549] (fsd_common_msgs) StdoutLine: {'line': b'-- Installing: /home/c/Formax_wuren_shixi/ros2_learning-main/ros2_advanced/ros2_homework_advanced_ws/install/fsd_common_msgs/include/fsd_common_msgs/fsd_common_msgs/msg/skidpad_global_center_line.hpp\n'}
[20.907667] (fsd_common_msgs) StdoutLine: {'line': b'-- Installing: /home/c/Formax_wuren_shixi/ros2_learning-main/ros2_advanced/ros2_homework_advanced_ws/install/fsd_common_msgs/include/fsd_common_msgs/fsd_common_msgs/msg/yolo_cone_detections.hpp\n'}
[20.907785] (fsd_common_msgs) StdoutLine: {'line': b'-- Installing: /home/c/Formax_wuren_shixi/ros2_learning-main/ros2_advanced/ros2_homework_advanced_ws/install/fsd_common_msgs/include/fsd_common_msgs/fsd_common_msgs/msg/map.hpp\n'}
[20.907901] (fsd_common_msgs) StdoutLine: {'line': b'-- Installing: /home/c/Formax_wuren_shixi/ros2_learning-main/ros2_advanced/ros2_homework_advanced_ws/install/fsd_common_msgs/include/fsd_common_msgs/fsd_common_msgs/msg/car_state.hpp\n'}
[20.908017] (fsd_common_msgs) StdoutLine: {'line': b'-- Installing: /home/c/Formax_wuren_shixi/ros2_learning-main/ros2_advanced/ros2_homework_advanced_ws/install/fsd_common_msgs/include/fsd_common_msgs/fsd_common_msgs/msg/yolo_cone_track.hpp\n'}
[20.908171] (fsd_common_msgs) StdoutLine: {'line': b'-- Installing: /home/c/Formax_wuren_shixi/ros2_learning-main/ros2_advanced/ros2_homework_advanced_ws/install/fsd_common_msgs/include/fsd_common_msgs/fsd_common_msgs/msg/ins_delta.hpp\n'}
[20.908303] (fsd_common_msgs) StdoutLine: {'line': b'-- Up-to-date: /home/c/Formax_wuren_shixi/ros2_learning-main/ros2_advanced/ros2_homework_advanced_ws/install/fsd_common_msgs/include/fsd_common_msgs/fsd_common_msgs/msg/detail\n'}
[20.908396] (fsd_common_msgs) StdoutLine: {'line': b'-- Installing: /home/c/Formax_wuren_shixi/ros2_learning-main/ros2_advanced/ros2_homework_advanced_ws/install/fsd_common_msgs/include/fsd_common_msgs/fsd_common_msgs/msg/detail/yolo_cone_detections_track__type_support.hpp\n'}
[20.908525] (fsd_common_msgs) StdoutLine: {'line': b'-- Installing: /home/c/Formax_wuren_shixi/ros2_learning-main/ros2_advanced/ros2_homework_advanced_ws/install/fsd_common_msgs/include/fsd_common_msgs/fsd_common_msgs/msg/detail/map__traits.hpp\n'}
[20.908656] (fsd_common_msgs) StdoutLine: {'line': b'-- Installing: /home/c/Formax_wuren_shixi/ros2_learning-main/ros2_advanced/ros2_homework_advanced_ws/install/fsd_common_msgs/include/fsd_common_msgs/fsd_common_msgs/msg/detail/can_frames__type_support.hpp\n'}
[20.908781] (fsd_common_msgs) StdoutLine: {'line': b'-- Installing: /home/c/Formax_wuren_shixi/ros2_learning-main/ros2_advanced/ros2_homework_advanced_ws/install/fsd_common_msgs/include/fsd_common_msgs/fsd_common_msgs/msg/detail/asensing_message__type_support.hpp\n'}
[20.908908] (fsd_common_msgs) StdoutLine: {'line': b'-- Installing: /home/c/Formax_wuren_shixi/ros2_learning-main/ros2_advanced/ros2_homework_advanced_ws/install/fsd_common_msgs/include/fsd_common_msgs/fsd_common_msgs/msg/detail/control_command__traits.hpp\n'}
[20.909031] (fsd_common_msgs) StdoutLine: {'line': b'-- Installing: /home/c/Formax_wuren_shixi/ros2_learning-main/ros2_advanced/ros2_homework_advanced_ws/install/fsd_common_msgs/include/fsd_common_msgs/fsd_common_msgs/msg/detail/res_and_ami__traits.hpp\n'}
[20.909153] (fsd_common_msgs) StdoutLine: {'line': b'-- Installing: /home/c/Formax_wuren_shixi/ros2_learning-main/ros2_advanced/ros2_homework_advanced_ws/install/fsd_common_msgs/include/fsd_common_msgs/fsd_common_msgs/msg/detail/cone_detections_dbscan__type_support.hpp\n'}
[20.909287] (fsd_common_msgs) StdoutLine: {'line': b'-- Installing: /home/c/Formax_wuren_shixi/ros2_learning-main/ros2_advanced/ros2_homework_advanced_ws/install/fsd_common_msgs/include/fsd_common_msgs/fsd_common_msgs/msg/detail/res_and_ami__struct.hpp\n'}
[20.909415] (fsd_common_msgs) StdoutLine: {'line': b'-- Installing: /home/c/Formax_wuren_shixi/ros2_learning-main/ros2_advanced/ros2_homework_advanced_ws/install/fsd_common_msgs/include/fsd_common_msgs/fsd_common_msgs/msg/detail/decision_flag__type_support.hpp\n'}
[20.909535] (fsd_common_msgs) StdoutLine: {'line': b'-- Installing: /home/c/Formax_wuren_shixi/ros2_learning-main/ros2_advanced/ros2_homework_advanced_ws/install/fsd_common_msgs/include/fsd_common_msgs/fsd_common_msgs/msg/detail/mission__struct.hpp\n'}
[20.909660] (fsd_common_msgs) StdoutLine: {'line': b'-- Installing: /home/c/Formax_wuren_shixi/ros2_learning-main/ros2_advanced/ros2_homework_advanced_ws/install/fsd_common_msgs/include/fsd_common_msgs/fsd_common_msgs/msg/detail/yolo_cone_detections__struct.hpp\n'}
[20.909795] (fsd_common_msgs) StdoutLine: {'line': b'-- Installing: /home/c/Formax_wuren_shixi/ros2_learning-main/ros2_advanced/ros2_homework_advanced_ws/install/fsd_common_msgs/include/fsd_common_msgs/fsd_common_msgs/msg/detail/control_command__builder.hpp\n'}
[20.909920] (fsd_common_msgs) StdoutLine: {'line': b'-- Installing: /home/c/Formax_wuren_shixi/ros2_learning-main/ros2_advanced/ros2_homework_advanced_ws/install/fsd_common_msgs/include/fsd_common_msgs/fsd_common_msgs/msg/detail/car_state__builder.hpp\n'}
[20.910046] (fsd_common_msgs) StdoutLine: {'line': b'-- Installing: /home/c/Formax_wuren_shixi/ros2_learning-main/ros2_advanced/ros2_homework_advanced_ws/install/fsd_common_msgs/include/fsd_common_msgs/fsd_common_msgs/msg/detail/echiev_message__struct.hpp\n'}
[20.910186] (fsd_common_msgs) StdoutLine: {'line': b'-- Installing: /home/c/Formax_wuren_shixi/ros2_learning-main/ros2_advanced/ros2_homework_advanced_ws/install/fsd_common_msgs/include/fsd_common_msgs/fsd_common_msgs/msg/detail/mission__traits.hpp\n'}
[20.910318] (fsd_common_msgs) StdoutLine: {'line': b'-- Installing: /home/c/Formax_wuren_shixi/ros2_learning-main/ros2_advanced/ros2_homework_advanced_ws/install/fsd_common_msgs/include/fsd_common_msgs/fsd_common_msgs/msg/detail/can_frames__traits.hpp\n'}
[20.910446] (fsd_common_msgs) StdoutLine: {'line': b'-- Installing: /home/c/Formax_wuren_shixi/ros2_learning-main/ros2_advanced/ros2_homework_advanced_ws/install/fsd_common_msgs/include/fsd_common_msgs/fsd_common_msgs/msg/detail/yolo_cone__type_support.hpp\n'}
[20.910569] (fsd_common_msgs) StdoutLine: {'line': b'-- Installing: /home/c/Formax_wuren_shixi/ros2_learning-main/ros2_advanced/ros2_homework_advanced_ws/install/fsd_common_msgs/include/fsd_common_msgs/fsd_common_msgs/msg/detail/driving_dynamics__traits.hpp\n'}
[20.910696] (fsd_common_msgs) StdoutLine: {'line': b'-- Installing: /home/c/Formax_wuren_shixi/ros2_learning-main/ros2_advanced/ros2_homework_advanced_ws/install/fsd_common_msgs/include/fsd_common_msgs/fsd_common_msgs/msg/detail/car_state_dt__builder.hpp\n'}
[20.910857] (fsd_common_msgs) StdoutLine: {'line': b'-- Installing: /home/c/Formax_wuren_shixi/ros2_learning-main/ros2_advanced/ros2_homework_advanced_ws/install/fsd_common_msgs/include/fsd_common_msgs/fsd_common_msgs/msg/detail/yolo_cone__struct.hpp\n'}
[20.910982] (fsd_common_msgs) StdoutLine: {'line': b'-- Installing: /home/c/Formax_wuren_shixi/ros2_learning-main/ros2_advanced/ros2_homework_advanced_ws/install/fsd_common_msgs/include/fsd_common_msgs/fsd_common_msgs/msg/detail/cone_detections_dbscan__builder.hpp\n'}
[20.911099] (fsd_common_msgs) StdoutLine: {'line': b'-- Installing: /home/c/Formax_wuren_shixi/ros2_learning-main/ros2_advanced/ros2_homework_advanced_ws/install/fsd_common_msgs/include/fsd_common_msgs/fsd_common_msgs/msg/detail/ins_delta__traits.hpp\n'}
[20.911350] (fsd_common_msgs) StdoutLine: {'line': b'-- Installing: /home/c/Formax_wuren_shixi/ros2_learning-main/ros2_advanced/ros2_homework_advanced_ws/install/fsd_common_msgs/include/fsd_common_msgs/fsd_common_msgs/msg/detail/map__struct.hpp\n'}
[20.911461] (fsd_common_msgs) StdoutLine: {'line': b'-- Installing: /home/c/Formax_wuren_shixi/ros2_learning-main/ros2_advanced/ros2_homework_advanced_ws/install/fsd_common_msgs/include/fsd_common_msgs/fsd_common_msgs/msg/detail/asensing_message__struct.hpp\n'}
[20.911610] (fsd_common_msgs) StdoutLine: {'line': b'-- Installing: /home/c/Formax_wuren_shixi/ros2_learning-main/ros2_advanced/ros2_homework_advanced_ws/install/fsd_common_msgs/include/fsd_common_msgs/fsd_common_msgs/msg/detail/remote_control_command__builder.hpp\n'}
[20.911748] (fsd_common_msgs) StdoutLine: {'line': b'-- Installing: /home/c/Formax_wuren_shixi/ros2_learning-main/ros2_advanced/ros2_homework_advanced_ws/install/fsd_common_msgs/include/fsd_common_msgs/fsd_common_msgs/msg/detail/yolo_cone_detections_track__traits.hpp\n'}
[20.911882] (fsd_common_msgs) StdoutLine: {'line': b'-- Installing: /home/c/Formax_wuren_shixi/ros2_learning-main/ros2_advanced/ros2_homework_advanced_ws/install/fsd_common_msgs/include/fsd_common_msgs/fsd_common_msgs/msg/detail/driving_dynamics__builder.hpp\n'}
[20.911992] (fsd_common_msgs) StdoutLine: {'line': b'-- Installing: /home/c/Formax_wuren_shixi/ros2_learning-main/ros2_advanced/ros2_homework_advanced_ws/install/fsd_common_msgs/include/fsd_common_msgs/fsd_common_msgs/msg/detail/car_state_dt__struct.hpp\n'}
[20.912168] (fsd_common_msgs) StdoutLine: {'line': b'-- Installing: /home/c/Formax_wuren_shixi/ros2_learning-main/ros2_advanced/ros2_homework_advanced_ws/install/fsd_common_msgs/include/fsd_common_msgs/fsd_common_msgs/msg/detail/yolo_cone_detections__traits.hpp\n'}
[20.912347] (fsd_common_msgs) StdoutLine: {'line': b'-- Installing: /home/c/Formax_wuren_shixi/ros2_learning-main/ros2_advanced/ros2_homework_advanced_ws/install/fsd_common_msgs/include/fsd_common_msgs/fsd_common_msgs/msg/detail/car_state_dt__traits.hpp\n'}
[20.912576] (fsd_common_msgs) StdoutLine: {'line': b'-- Installing: /home/c/Formax_wuren_shixi/ros2_learning-main/ros2_advanced/ros2_homework_advanced_ws/install/fsd_common_msgs/include/fsd_common_msgs/fsd_common_msgs/msg/detail/ins_delta__type_support.hpp\n'}
[20.912726] (fsd_common_msgs) StdoutLine: {'line': b'-- Installing: /home/c/Formax_wuren_shixi/ros2_learning-main/ros2_advanced/ros2_homework_advanced_ws/install/fsd_common_msgs/include/fsd_common_msgs/fsd_common_msgs/msg/detail/trajectory_point__builder.hpp\n'}
[20.912867] (fsd_common_msgs) StdoutLine: {'line': b'-- Installing: /home/c/Formax_wuren_shixi/ros2_learning-main/ros2_advanced/ros2_homework_advanced_ws/install/fsd_common_msgs/include/fsd_common_msgs/fsd_common_msgs/msg/detail/res_and_ami__builder.hpp\n'}
[20.913006] (fsd_common_msgs) StdoutLine: {'line': b'-- Installing: /home/c/Formax_wuren_shixi/ros2_learning-main/ros2_advanced/ros2_homework_advanced_ws/install/fsd_common_msgs/include/fsd_common_msgs/fsd_common_msgs/msg/detail/asensing_message__traits.hpp\n'}
[20.913183] (fsd_common_msgs) StdoutLine: {'line': b'-- Installing: /home/c/Formax_wuren_shixi/ros2_learning-main/ros2_advanced/ros2_homework_advanced_ws/install/fsd_common_msgs/include/fsd_common_msgs/fsd_common_msgs/msg/detail/car_state__traits.hpp\n'}
[20.913325] (fsd_common_msgs) StdoutLine: {'line': b'-- Installing: /home/c/Formax_wuren_shixi/ros2_learning-main/ros2_advanced/ros2_homework_advanced_ws/install/fsd_common_msgs/include/fsd_common_msgs/fsd_common_msgs/msg/detail/res_and_ami__type_support.hpp\n'}
[20.913456] (fsd_common_msgs) StdoutLine: {'line': b'-- Installing: /home/c/Formax_wuren_shixi/ros2_learning-main/ros2_advanced/ros2_homework_advanced_ws/install/fsd_common_msgs/include/fsd_common_msgs/fsd_common_msgs/msg/detail/visualization__type_support.hpp\n'}
[20.913591] (fsd_common_msgs) StdoutLine: {'line': b'-- Installing: /home/c/Formax_wuren_shixi/ros2_learning-main/ros2_advanced/ros2_homework_advanced_ws/install/fsd_common_msgs/include/fsd_common_msgs/fsd_common_msgs/msg/detail/cone_detections__traits.hpp\n'}
[20.913735] (fsd_common_msgs) StdoutLine: {'line': b'-- Installing: /home/c/Formax_wuren_shixi/ros2_learning-main/ros2_advanced/ros2_homework_advanced_ws/install/fsd_common_msgs/include/fsd_common_msgs/fsd_common_msgs/msg/detail/skidpad_global_center_line__traits.hpp\n'}
[20.913885] (fsd_common_msgs) StdoutLine: {'line': b'-- Installing: /home/c/Formax_wuren_shixi/ros2_learning-main/ros2_advanced/ros2_homework_advanced_ws/install/fsd_common_msgs/include/fsd_common_msgs/fsd_common_msgs/msg/detail/time__traits.hpp\n'}
[20.914004] (fsd_common_msgs) StdoutLine: {'line': b'-- Installing: /home/c/Formax_wuren_shixi/ros2_learning-main/ros2_advanced/ros2_homework_advanced_ws/install/fsd_common_msgs/include/fsd_common_msgs/fsd_common_msgs/msg/detail/track__traits.hpp\n'}
[20.914140] (fsd_common_msgs) StdoutLine: {'line': b'-- Installing: /home/c/Formax_wuren_shixi/ros2_learning-main/ros2_advanced/ros2_homework_advanced_ws/install/fsd_common_msgs/include/fsd_common_msgs/fsd_common_msgs/msg/detail/yolo_cone_detections_track__builder.hpp\n'}
[20.914282] (fsd_common_msgs) StdoutLine: {'line': b'-- Installing: /home/c/Formax_wuren_shixi/ros2_learning-main/ros2_advanced/ros2_homework_advanced_ws/install/fsd_common_msgs/include/fsd_common_msgs/fsd_common_msgs/msg/detail/track__builder.hpp\n'}
[20.914534] (fsd_common_msgs) StdoutLine: {'line': b'-- Installing: /home/c/Formax_wuren_shixi/ros2_learning-main/ros2_advanced/ros2_homework_advanced_ws/install/fsd_common_msgs/include/fsd_common_msgs/fsd_common_msgs/msg/detail/cone_dbscan__type_support.hpp\n'}
[20.914678] (fsd_common_msgs) StdoutLine: {'line': b'-- Installing: /home/c/Formax_wuren_shixi/ros2_learning-main/ros2_advanced/ros2_homework_advanced_ws/install/fsd_common_msgs/include/fsd_common_msgs/fsd_common_msgs/msg/detail/map__type_support.hpp\n'}
[20.914814] (fsd_common_msgs) StdoutLine: {'line': b'-- Installing: /home/c/Formax_wuren_shixi/ros2_learning-main/ros2_advanced/ros2_homework_advanced_ws/install/fsd_common_msgs/include/fsd_common_msgs/fsd_common_msgs/msg/detail/ins_delta__builder.hpp\n'}
[20.914953] (fsd_common_msgs) StdoutLine: {'line': b'-- Installing: /home/c/Formax_wuren_shixi/ros2_learning-main/ros2_advanced/ros2_homework_advanced_ws/install/fsd_common_msgs/include/fsd_common_msgs/fsd_common_msgs/msg/detail/track__type_support.hpp\n'}
[20.915084] (fsd_common_msgs) StdoutLine: {'line': b'-- Installing: /home/c/Formax_wuren_shixi/ros2_learning-main/ros2_advanced/ros2_homework_advanced_ws/install/fsd_common_msgs/include/fsd_common_msgs/fsd_common_msgs/msg/detail/feedback__type_support.hpp\n'}
[20.915217] (fsd_common_msgs) StdoutLine: {'line': b'-- Installing: /home/c/Formax_wuren_shixi/ros2_learning-main/ros2_advanced/ros2_homework_advanced_ws/install/fsd_common_msgs/include/fsd_common_msgs/fsd_common_msgs/msg/detail/yolo_cone_detections__builder.hpp\n'}
[20.915358] (fsd_common_msgs) StdoutLine: {'line': b'-- Installing: /home/c/Formax_wuren_shixi/ros2_learning-main/ros2_advanced/ros2_homework_advanced_ws/install/fsd_common_msgs/include/fsd_common_msgs/fsd_common_msgs/msg/detail/echiev_message__builder.hpp\n'}
[20.915499] (fsd_common_msgs) StdoutLine: {'line': b'-- Installing: /home/c/Formax_wuren_shixi/ros2_learning-main/ros2_advanced/ros2_homework_advanced_ws/install/fsd_common_msgs/include/fsd_common_msgs/fsd_common_msgs/msg/detail/trajectory_point__traits.hpp\n'}
[20.915630] (fsd_common_msgs) StdoutLine: {'line': b'-- Installing: /home/c/Formax_wuren_shixi/ros2_learning-main/ros2_advanced/ros2_homework_advanced_ws/install/fsd_common_msgs/include/fsd_common_msgs/fsd_common_msgs/msg/detail/track__struct.hpp\n'}
[20.915766] (fsd_common_msgs) StdoutLine: {'line': b'-- Installing: /home/c/Formax_wuren_shixi/ros2_learning-main/ros2_advanced/ros2_homework_advanced_ws/install/fsd_common_msgs/include/fsd_common_msgs/fsd_common_msgs/msg/detail/as_state__struct.hpp\n'}
[20.915899] (fsd_common_msgs) StdoutLine: {'line': b'-- Installing: /home/c/Formax_wuren_shixi/ros2_learning-main/ros2_advanced/ros2_homework_advanced_ws/install/fsd_common_msgs/include/fsd_common_msgs/fsd_common_msgs/msg/detail/feedback__builder.hpp\n'}
[20.916038] (fsd_common_msgs) StdoutLine: {'line': b'-- Installing: /home/c/Formax_wuren_shixi/ros2_learning-main/ros2_advanced/ros2_homework_advanced_ws/install/fsd_common_msgs/include/fsd_common_msgs/fsd_common_msgs/msg/detail/yolo_cone_detections__type_support.hpp\n'}
[20.916172] (fsd_common_msgs) StdoutLine: {'line': b'-- Installing: /home/c/Formax_wuren_shixi/ros2_learning-main/ros2_advanced/ros2_homework_advanced_ws/install/fsd_common_msgs/include/fsd_common_msgs/fsd_common_msgs/msg/detail/cone__struct.hpp\n'}
[20.916313] (fsd_common_msgs) StdoutLine: {'line': b'-- Installing: /home/c/Formax_wuren_shixi/ros2_learning-main/ros2_advanced/ros2_homework_advanced_ws/install/fsd_common_msgs/include/fsd_common_msgs/fsd_common_msgs/msg/detail/control_command__type_support.hpp\n'}
[20.916446] (fsd_common_msgs) StdoutLine: {'line': b'-- Installing: /home/c/Formax_wuren_shixi/ros2_learning-main/ros2_advanced/ros2_homework_advanced_ws/install/fsd_common_msgs/include/fsd_common_msgs/fsd_common_msgs/msg/detail/feedback__traits.hpp\n'}
[20.916580] (fsd_common_msgs) StdoutLine: {'line': b'-- Installing: /home/c/Formax_wuren_shixi/ros2_learning-main/ros2_advanced/ros2_homework_advanced_ws/install/fsd_common_msgs/include/fsd_common_msgs/fsd_common_msgs/msg/detail/time__struct.hpp\n'}
[20.916721] (fsd_common_msgs) StdoutLine: {'line': b'-- Installing: /home/c/Formax_wuren_shixi/ros2_learning-main/ros2_advanced/ros2_homework_advanced_ws/install/fsd_common_msgs/include/fsd_common_msgs/fsd_common_msgs/msg/detail/skidpad_global_center_line__builder.hpp\n'}
[20.916890] (fsd_common_msgs) StdoutLine: {'line': b'-- Installing: /home/c/Formax_wuren_shixi/ros2_learning-main/ros2_advanced/ros2_homework_advanced_ws/install/fsd_common_msgs/include/fsd_common_msgs/fsd_common_msgs/msg/detail/car_state__struct.hpp\n'}
[20.916994] (fsd_common_msgs) StdoutLine: {'line': b'-- Installing: /home/c/Formax_wuren_shixi/ros2_learning-main/ros2_advanced/ros2_homework_advanced_ws/install/fsd_common_msgs/include/fsd_common_msgs/fsd_common_msgs/msg/detail/mission__type_support.hpp\n'}
[20.917132] (fsd_common_msgs) StdoutLine: {'line': b'-- Installing: /home/c/Formax_wuren_shixi/ros2_learning-main/ros2_advanced/ros2_homework_advanced_ws/install/fsd_common_msgs/include/fsd_common_msgs/fsd_common_msgs/msg/detail/as_state__builder.hpp\n'}
[20.917285] (fsd_common_msgs) StdoutLine: {'line': b'-- Installing: /home/c/Formax_wuren_shixi/ros2_learning-main/ros2_advanced/ros2_homework_advanced_ws/install/fsd_common_msgs/include/fsd_common_msgs/fsd_common_msgs/msg/detail/car_state__type_support.hpp\n'}
[20.917424] (fsd_common_msgs) StdoutLine: {'line': b'-- Installing: /home/c/Formax_wuren_shixi/ros2_learning-main/ros2_advanced/ros2_homework_advanced_ws/install/fsd_common_msgs/include/fsd_common_msgs/fsd_common_msgs/msg/detail/decision_flag__builder.hpp\n'}
[20.917563] (fsd_common_msgs) StdoutLine: {'line': b'-- Installing: /home/c/Formax_wuren_shixi/ros2_learning-main/ros2_advanced/ros2_homework_advanced_ws/install/fsd_common_msgs/include/fsd_common_msgs/fsd_common_msgs/msg/detail/remote_control_command__struct.hpp\n'}
[20.917717] (fsd_common_msgs) StdoutLine: {'line': b'-- Installing: /home/c/Formax_wuren_shixi/ros2_learning-main/ros2_advanced/ros2_homework_advanced_ws/install/fsd_common_msgs/include/fsd_common_msgs/fsd_common_msgs/msg/detail/as_state__traits.hpp\n'}
[20.917862] (fsd_common_msgs) StdoutLine: {'line': b'-- Installing: /home/c/Formax_wuren_shixi/ros2_learning-main/ros2_advanced/ros2_homework_advanced_ws/install/fsd_common_msgs/include/fsd_common_msgs/fsd_common_msgs/msg/detail/feedback__struct.hpp\n'}
[20.918011] (fsd_common_msgs) StdoutLine: {'line': b'-- Installing: /home/c/Formax_wuren_shixi/ros2_learning-main/ros2_advanced/ros2_homework_advanced_ws/install/fsd_common_msgs/include/fsd_common_msgs/fsd_common_msgs/msg/detail/yolo_cone__builder.hpp\n'}
[20.918150] (fsd_common_msgs) StdoutLine: {'line': b'-- Installing: /home/c/Formax_wuren_shixi/ros2_learning-main/ros2_advanced/ros2_homework_advanced_ws/install/fsd_common_msgs/include/fsd_common_msgs/fsd_common_msgs/msg/detail/car_state_dt__type_support.hpp\n'}
[20.918301] (fsd_common_msgs) StdoutLine: {'line': b'-- Installing: /home/c/Formax_wuren_shixi/ros2_learning-main/ros2_advanced/ros2_homework_advanced_ws/install/fsd_common_msgs/include/fsd_common_msgs/fsd_common_msgs/msg/detail/driving_dynamics__struct.hpp\n'}
[20.918464] (fsd_common_msgs) StdoutLine: {'line': b'-- Installing: /home/c/Formax_wuren_shixi/ros2_learning-main/ros2_advanced/ros2_homework_advanced_ws/install/fsd_common_msgs/include/fsd_common_msgs/fsd_common_msgs/msg/detail/time__builder.hpp\n'}
[20.918694] (fsd_common_msgs) StdoutLine: {'line': b'-- Installing: /home/c/Formax_wuren_shixi/ros2_learning-main/ros2_advanced/ros2_homework_advanced_ws/install/fsd_common_msgs/include/fsd_common_msgs/fsd_common_msgs/msg/detail/cone_dbscan__struct.hpp\n'}
[20.918842] (fsd_common_msgs) StdoutLine: {'line': b'-- Installing: /home/c/Formax_wuren_shixi/ros2_learning-main/ros2_advanced/ros2_homework_advanced_ws/install/fsd_common_msgs/include/fsd_common_msgs/fsd_common_msgs/msg/detail/visualization__traits.hpp\n'}
[20.919011] (fsd_common_msgs) StdoutLine: {'line': b'-- Installing: /home/c/Formax_wuren_shixi/ros2_learning-main/ros2_advanced/ros2_homework_advanced_ws/install/fsd_common_msgs/include/fsd_common_msgs/fsd_common_msgs/msg/detail/cone_detections__builder.hpp\n'}
[20.919155] (fsd_common_msgs) StdoutLine: {'line': b'-- Installing: /home/c/Formax_wuren_shixi/ros2_learning-main/ros2_advanced/ros2_homework_advanced_ws/install/fsd_common_msgs/include/fsd_common_msgs/fsd_common_msgs/msg/detail/trajectory_point__struct.hpp\n'}
[20.919301] (fsd_common_msgs) StdoutLine: {'line': b'-- Installing: /home/c/Formax_wuren_shixi/ros2_learning-main/ros2_advanced/ros2_homework_advanced_ws/install/fsd_common_msgs/include/fsd_common_msgs/fsd_common_msgs/msg/detail/yolo_cone_track__builder.hpp\n'}
[20.919438] (fsd_common_msgs) StdoutLine: {'line': b'-- Installing: /home/c/Formax_wuren_shixi/ros2_learning-main/ros2_advanced/ros2_homework_advanced_ws/install/fsd_common_msgs/include/fsd_common_msgs/fsd_common_msgs/msg/detail/can_frames__struct.hpp\n'}
[20.919585] (fsd_common_msgs) StdoutLine: {'line': b'-- Installing: /home/c/Formax_wuren_shixi/ros2_learning-main/ros2_advanced/ros2_homework_advanced_ws/install/fsd_common_msgs/include/fsd_common_msgs/fsd_common_msgs/msg/detail/cone_detections__type_support.hpp\n'}
[20.919706] (fsd_common_msgs) StdoutLine: {'line': b'-- Installing: /home/c/Formax_wuren_shixi/ros2_learning-main/ros2_advanced/ros2_homework_advanced_ws/install/fsd_common_msgs/include/fsd_common_msgs/fsd_common_msgs/msg/detail/cone__traits.hpp\n'}
[20.919839] (fsd_common_msgs) StdoutLine: {'line': b'-- Installing: /home/c/Formax_wuren_shixi/ros2_learning-main/ros2_advanced/ros2_homework_advanced_ws/install/fsd_common_msgs/include/fsd_common_msgs/fsd_common_msgs/msg/detail/echiev_message__type_support.hpp\n'}
[20.919971] (fsd_common_msgs) StdoutLine: {'line': b'-- Installing: /home/c/Formax_wuren_shixi/ros2_learning-main/ros2_advanced/ros2_homework_advanced_ws/install/fsd_common_msgs/include/fsd_common_msgs/fsd_common_msgs/msg/detail/yolo_cone_track__struct.hpp\n'}
[20.920103] (fsd_common_msgs) StdoutLine: {'line': b'-- Installing: /home/c/Formax_wuren_shixi/ros2_learning-main/ros2_advanced/ros2_homework_advanced_ws/install/fsd_common_msgs/include/fsd_common_msgs/fsd_common_msgs/msg/detail/cone_detections_dbscan__traits.hpp\n'}
[20.920235] (fsd_common_msgs) StdoutLine: {'line': b'-- Installing: /home/c/Formax_wuren_shixi/ros2_learning-main/ros2_advanced/ros2_homework_advanced_ws/install/fsd_common_msgs/include/fsd_common_msgs/fsd_common_msgs/msg/detail/cone_detections_dbscan__struct.hpp\n'}
[20.920384] (fsd_common_msgs) StdoutLine: {'line': b'-- Installing: /home/c/Formax_wuren_shixi/ros2_learning-main/ros2_advanced/ros2_homework_advanced_ws/install/fsd_common_msgs/include/fsd_common_msgs/fsd_common_msgs/msg/detail/remote_control_command__type_support.hpp\n'}
[20.920522] (fsd_common_msgs) StdoutLine: {'line': b'-- Installing: /home/c/Formax_wuren_shixi/ros2_learning-main/ros2_advanced/ros2_homework_advanced_ws/install/fsd_common_msgs/include/fsd_common_msgs/fsd_common_msgs/msg/detail/as_state__type_support.hpp\n'}
[20.920657] (fsd_common_msgs) StdoutLine: {'line': b'-- Installing: /home/c/Formax_wuren_shixi/ros2_learning-main/ros2_advanced/ros2_homework_advanced_ws/install/fsd_common_msgs/include/fsd_common_msgs/fsd_common_msgs/msg/detail/decision_flag__traits.hpp\n'}
[20.920791] (fsd_common_msgs) StdoutLine: {'line': b'-- Installing: /home/c/Formax_wuren_shixi/ros2_learning-main/ros2_advanced/ros2_homework_advanced_ws/install/fsd_common_msgs/include/fsd_common_msgs/fsd_common_msgs/msg/detail/cone_dbscan__builder.hpp\n'}
[20.920925] (fsd_common_msgs) StdoutLine: {'line': b'-- Installing: /home/c/Formax_wuren_shixi/ros2_learning-main/ros2_advanced/ros2_homework_advanced_ws/install/fsd_common_msgs/include/fsd_common_msgs/fsd_common_msgs/msg/detail/trajectory_point__type_support.hpp\n'}
[20.921058] (fsd_common_msgs) StdoutLine: {'line': b'-- Installing: /home/c/Formax_wuren_shixi/ros2_learning-main/ros2_advanced/ros2_homework_advanced_ws/install/fsd_common_msgs/include/fsd_common_msgs/fsd_common_msgs/msg/detail/asensing_message__builder.hpp\n'}
[20.921204] (fsd_common_msgs) StdoutLine: {'line': b'-- Installing: /home/c/Formax_wuren_shixi/ros2_learning-main/ros2_advanced/ros2_homework_advanced_ws/install/fsd_common_msgs/include/fsd_common_msgs/fsd_common_msgs/msg/detail/skidpad_global_center_line__struct.hpp\n'}
[20.921346] (fsd_common_msgs) StdoutLine: {'line': b'-- Installing: /home/c/Formax_wuren_shixi/ros2_learning-main/ros2_advanced/ros2_homework_advanced_ws/install/fsd_common_msgs/include/fsd_common_msgs/fsd_common_msgs/msg/detail/echiev_message__traits.hpp\n'}
[20.921486] (fsd_common_msgs) StdoutLine: {'line': b'-- Installing: /home/c/Formax_wuren_shixi/ros2_learning-main/ros2_advanced/ros2_homework_advanced_ws/install/fsd_common_msgs/include/fsd_common_msgs/fsd_common_msgs/msg/detail/yolo_cone_track__traits.hpp\n'}
[20.921624] (fsd_common_msgs) StdoutLine: {'line': b'-- Installing: /home/c/Formax_wuren_shixi/ros2_learning-main/ros2_advanced/ros2_homework_advanced_ws/install/fsd_common_msgs/include/fsd_common_msgs/fsd_common_msgs/msg/detail/yolo_cone_track__type_support.hpp\n'}
[20.921756] (fsd_common_msgs) StdoutLine: {'line': b'-- Installing: /home/c/Formax_wuren_shixi/ros2_learning-main/ros2_advanced/ros2_homework_advanced_ws/install/fsd_common_msgs/include/fsd_common_msgs/fsd_common_msgs/msg/detail/cone_dbscan__traits.hpp\n'}
[20.921892] (fsd_common_msgs) StdoutLine: {'line': b'-- Installing: /home/c/Formax_wuren_shixi/ros2_learning-main/ros2_advanced/ros2_homework_advanced_ws/install/fsd_common_msgs/include/fsd_common_msgs/fsd_common_msgs/msg/detail/cone__type_support.hpp\n'}
[20.922024] (fsd_common_msgs) StdoutLine: {'line': b'-- Installing: /home/c/Formax_wuren_shixi/ros2_learning-main/ros2_advanced/ros2_homework_advanced_ws/install/fsd_common_msgs/include/fsd_common_msgs/fsd_common_msgs/msg/detail/can_frames__builder.hpp\n'}
[20.922157] (fsd_common_msgs) StdoutLine: {'line': b'-- Installing: /home/c/Formax_wuren_shixi/ros2_learning-main/ros2_advanced/ros2_homework_advanced_ws/install/fsd_common_msgs/include/fsd_common_msgs/fsd_common_msgs/msg/detail/control_command__struct.hpp\n'}
[20.922307] (fsd_common_msgs) StdoutLine: {'line': b'-- Installing: /home/c/Formax_wuren_shixi/ros2_learning-main/ros2_advanced/ros2_homework_advanced_ws/install/fsd_common_msgs/include/fsd_common_msgs/fsd_common_msgs/msg/detail/visualization__builder.hpp\n'}
[20.922462] (fsd_common_msgs) StdoutLine: {'line': b'-- Installing: /home/c/Formax_wuren_shixi/ros2_learning-main/ros2_advanced/ros2_homework_advanced_ws/install/fsd_common_msgs/include/fsd_common_msgs/fsd_common_msgs/msg/detail/driving_dynamics__type_support.hpp\n'}
[20.922598] (fsd_common_msgs) StdoutLine: {'line': b'-- Installing: /home/c/Formax_wuren_shixi/ros2_learning-main/ros2_advanced/ros2_homework_advanced_ws/install/fsd_common_msgs/include/fsd_common_msgs/fsd_common_msgs/msg/detail/map__builder.hpp\n'}
[20.922770] (fsd_common_msgs) StdoutLine: {'line': b'-- Installing: /home/c/Formax_wuren_shixi/ros2_learning-main/ros2_advanced/ros2_homework_advanced_ws/install/fsd_common_msgs/include/fsd_common_msgs/fsd_common_msgs/msg/detail/skidpad_global_center_line__type_support.hpp\n'}
[20.922903] (fsd_common_msgs) StdoutLine: {'line': b'-- Installing: /home/c/Formax_wuren_shixi/ros2_learning-main/ros2_advanced/ros2_homework_advanced_ws/install/fsd_common_msgs/include/fsd_common_msgs/fsd_common_msgs/msg/detail/yolo_cone_detections_track__struct.hpp\n'}
[20.923041] (fsd_common_msgs) StdoutLine: {'line': b'-- Installing: /home/c/Formax_wuren_shixi/ros2_learning-main/ros2_advanced/ros2_homework_advanced_ws/install/fsd_common_msgs/include/fsd_common_msgs/fsd_common_msgs/msg/detail/visualization__struct.hpp\n'}
[20.923192] (fsd_common_msgs) StdoutLine: {'line': b'-- Installing: /home/c/Formax_wuren_shixi/ros2_learning-main/ros2_advanced/ros2_homework_advanced_ws/install/fsd_common_msgs/include/fsd_common_msgs/fsd_common_msgs/msg/detail/cone_detections__struct.hpp\n'}
[20.923338] (fsd_common_msgs) StdoutLine: {'line': b'-- Installing: /home/c/Formax_wuren_shixi/ros2_learning-main/ros2_advanced/ros2_homework_advanced_ws/install/fsd_common_msgs/include/fsd_common_msgs/fsd_common_msgs/msg/detail/mission__builder.hpp\n'}
[20.923477] (fsd_common_msgs) StdoutLine: {'line': b'-- Installing: /home/c/Formax_wuren_shixi/ros2_learning-main/ros2_advanced/ros2_homework_advanced_ws/install/fsd_common_msgs/include/fsd_common_msgs/fsd_common_msgs/msg/detail/decision_flag__struct.hpp\n'}
[20.923612] (fsd_common_msgs) StdoutLine: {'line': b'-- Installing: /home/c/Formax_wuren_shixi/ros2_learning-main/ros2_advanced/ros2_homework_advanced_ws/install/fsd_common_msgs/include/fsd_common_msgs/fsd_common_msgs/msg/detail/ins_delta__struct.hpp\n'}
[20.923766] (fsd_common_msgs) StdoutLine: {'line': b'-- Installing: /home/c/Formax_wuren_shixi/ros2_learning-main/ros2_advanced/ros2_homework_advanced_ws/install/fsd_common_msgs/include/fsd_common_msgs/fsd_common_msgs/msg/detail/cone__builder.hpp\n'}
[20.923902] (fsd_common_msgs) StdoutLine: {'line': b'-- Installing: /home/c/Formax_wuren_shixi/ros2_learning-main/ros2_advanced/ros2_homework_advanced_ws/install/fsd_common_msgs/include/fsd_common_msgs/fsd_common_msgs/msg/detail/yolo_cone__traits.hpp\n'}
[20.924055] (fsd_common_msgs) StdoutLine: {'line': b'-- Installing: /home/c/Formax_wuren_shixi/ros2_learning-main/ros2_advanced/ros2_homework_advanced_ws/install/fsd_common_msgs/include/fsd_common_msgs/fsd_common_msgs/msg/detail/remote_control_command__traits.hpp\n'}
[20.924202] (fsd_common_msgs) StdoutLine: {'line': b'-- Installing: /home/c/Formax_wuren_shixi/ros2_learning-main/ros2_advanced/ros2_homework_advanced_ws/install/fsd_common_msgs/include/fsd_common_msgs/fsd_common_msgs/msg/detail/time__type_support.hpp\n'}
[20.924359] (fsd_common_msgs) StdoutLine: {'line': b'-- Installing: /home/c/Formax_wuren_shixi/ros2_learning-main/ros2_advanced/ros2_homework_advanced_ws/install/fsd_common_msgs/include/fsd_common_msgs/fsd_common_msgs/msg/rosidl_generator_cpp__visibility_control.hpp\n'}
[20.924491] (fsd_common_msgs) StdoutLine: {'line': b'-- Installing: /home/c/Formax_wuren_shixi/ros2_learning-main/ros2_advanced/ros2_homework_advanced_ws/install/fsd_common_msgs/include/fsd_common_msgs/fsd_common_msgs/msg/control_command.hpp\n'}
[20.924618] (fsd_common_msgs) StdoutLine: {'line': b'-- Installing: /home/c/Formax_wuren_shixi/ros2_learning-main/ros2_advanced/ros2_homework_advanced_ws/install/fsd_common_msgs/include/fsd_common_msgs/fsd_common_msgs/msg/driving_dynamics.hpp\n'}
[20.924741] (fsd_common_msgs) StdoutLine: {'line': b'-- Installing: /home/c/Formax_wuren_shixi/ros2_learning-main/ros2_advanced/ros2_homework_advanced_ws/install/fsd_common_msgs/include/fsd_common_msgs/fsd_common_msgs/msg/echiev_message.hpp\n'}
[20.924868] (fsd_common_msgs) StdoutLine: {'line': b'-- Installing: /home/c/Formax_wuren_shixi/ros2_learning-main/ros2_advanced/ros2_homework_advanced_ws/install/fsd_common_msgs/include/fsd_common_msgs/fsd_common_msgs/msg/cone_detections.hpp\n'}
[20.924995] (fsd_common_msgs) StdoutLine: {'line': b'-- Installing: /home/c/Formax_wuren_shixi/ros2_learning-main/ros2_advanced/ros2_homework_advanced_ws/install/fsd_common_msgs/include/fsd_common_msgs/fsd_common_msgs/msg/mission.hpp\n'}
[20.925121] (fsd_common_msgs) StdoutLine: {'line': b'-- Installing: /home/c/Formax_wuren_shixi/ros2_learning-main/ros2_advanced/ros2_homework_advanced_ws/install/fsd_common_msgs/include/fsd_common_msgs/fsd_common_msgs/msg/cone.hpp\n'}
[20.925254] (fsd_common_msgs) StdoutLine: {'line': b'-- Installing: /home/c/Formax_wuren_shixi/ros2_learning-main/ros2_advanced/ros2_homework_advanced_ws/install/fsd_common_msgs/include/fsd_common_msgs/fsd_common_msgs/msg/yolo_cone.hpp\n'}
[20.925396] (fsd_common_msgs) StdoutLine: {'line': b'-- Installing: /home/c/Formax_wuren_shixi/ros2_learning-main/ros2_advanced/ros2_homework_advanced_ws/install/fsd_common_msgs/include/fsd_common_msgs/fsd_common_msgs/msg/car_state_dt.hpp\n'}
[20.925534] (fsd_common_msgs) StdoutLine: {'line': b'-- Installing: /home/c/Formax_wuren_shixi/ros2_learning-main/ros2_advanced/ros2_homework_advanced_ws/install/fsd_common_msgs/include/fsd_common_msgs/fsd_common_msgs/msg/can_frames.hpp\n'}
[20.925665] (fsd_common_msgs) StdoutLine: {'line': b'-- Installing: /home/c/Formax_wuren_shixi/ros2_learning-main/ros2_advanced/ros2_homework_advanced_ws/install/fsd_common_msgs/include/fsd_common_msgs/fsd_common_msgs/msg/time.hpp\n'}
[20.925792] (fsd_common_msgs) StdoutLine: {'line': b'-- Installing: /home/c/Formax_wuren_shixi/ros2_learning-main/ros2_advanced/ros2_homework_advanced_ws/install/fsd_common_msgs/include/fsd_common_msgs/fsd_common_msgs/msg/feedback.hpp\n'}
[20.925916] (fsd_common_msgs) StdoutLine: {'line': b'-- Installing: /home/c/Formax_wuren_shixi/ros2_learning-main/ros2_advanced/ros2_homework_advanced_ws/install/fsd_common_msgs/include/fsd_common_msgs/fsd_common_msgs/msg/remote_control_command.hpp\n'}
[20.926044] (fsd_common_msgs) StdoutLine: {'line': b'-- Installing: /home/c/Formax_wuren_shixi/ros2_learning-main/ros2_advanced/ros2_homework_advanced_ws/install/fsd_common_msgs/include/fsd_common_msgs/fsd_common_msgs/msg/res_and_ami.hpp\n'}
[20.926171] (fsd_common_msgs) StdoutLine: {'line': b'-- Installing: /home/c/Formax_wuren_shixi/ros2_learning-main/ros2_advanced/ros2_homework_advanced_ws/install/fsd_common_msgs/include/fsd_common_msgs/fsd_common_msgs/msg/asensing_message.hpp\n'}
[20.926319] (fsd_common_msgs) StdoutLine: {'line': b'-- Installing: /home/c/Formax_wuren_shixi/ros2_learning-main/ros2_advanced/ros2_homework_advanced_ws/install/fsd_common_msgs/include/fsd_common_msgs/fsd_common_msgs/msg/track.hpp\n'}
[20.926449] (fsd_common_msgs) StdoutLine: {'line': b'-- Installing: /home/c/Formax_wuren_shixi/ros2_learning-main/ros2_advanced/ros2_homework_advanced_ws/install/fsd_common_msgs/include/fsd_common_msgs/fsd_common_msgs/msg/visualization.hpp\n'}
[20.926582] (fsd_common_msgs) StdoutLine: {'line': b'-- Installing: /home/c/Formax_wuren_shixi/ros2_learning-main/ros2_advanced/ros2_homework_advanced_ws/install/fsd_common_msgs/include/fsd_common_msgs/fsd_common_msgs/msg/decision_flag.hpp\n'}
[20.926709] (fsd_common_msgs) StdoutLine: {'line': b'-- Installing: /home/c/Formax_wuren_shixi/ros2_learning-main/ros2_advanced/ros2_homework_advanced_ws/install/fsd_common_msgs/include/fsd_common_msgs/fsd_common_msgs/msg/as_state.hpp\n'}
[20.926839] (fsd_common_msgs) StdoutLine: {'line': b'-- Installing: /home/c/Formax_wuren_shixi/ros2_learning-main/ros2_advanced/ros2_homework_advanced_ws/install/fsd_common_msgs/include/fsd_common_msgs/fsd_common_msgs/msg/yolo_cone_detections_track.hpp\n'}
[20.926969] (fsd_common_msgs) StdoutLine: {'line': b'-- Installing: /home/c/Formax_wuren_shixi/ros2_learning-main/ros2_advanced/ros2_homework_advanced_ws/install/fsd_common_msgs/include/fsd_common_msgs/fsd_common_msgs/msg/trajectory_point.hpp\n'}
[20.927098] (fsd_common_msgs) StdoutLine: {'line': b'-- Installing: /home/c/Formax_wuren_shixi/ros2_learning-main/ros2_advanced/ros2_homework_advanced_ws/install/fsd_common_msgs/include/fsd_common_msgs/fsd_common_msgs/msg/cone_dbscan.hpp\n'}
[20.927368] (fsd_common_msgs) StdoutLine: {'line': b'-- Up-to-date: /home/c/Formax_wuren_shixi/ros2_learning-main/ros2_advanced/ros2_homework_advanced_ws/install/fsd_common_msgs/include/fsd_common_msgs/fsd_common_msgs\n'}
[20.927467] (fsd_common_msgs) StdoutLine: {'line': b'-- Up-to-date: /home/c/Formax_wuren_shixi/ros2_learning-main/ros2_advanced/ros2_homework_advanced_ws/install/fsd_common_msgs/include/fsd_common_msgs/fsd_common_msgs/msg\n'}
[20.927527] (fsd_common_msgs) StdoutLine: {'line': b'-- Up-to-date: /home/c/Formax_wuren_shixi/ros2_learning-main/ros2_advanced/ros2_homework_advanced_ws/install/fsd_common_msgs/include/fsd_common_msgs/fsd_common_msgs/msg/detail\n'}
[20.927609] (fsd_common_msgs) StdoutLine: {'line': b'-- Installing: /home/c/Formax_wuren_shixi/ros2_learning-main/ros2_advanced/ros2_homework_advanced_ws/install/fsd_common_msgs/include/fsd_common_msgs/fsd_common_msgs/msg/detail/cone__rosidl_typesupport_fastrtps_cpp.hpp\n'}
[20.927728] (fsd_common_msgs) StdoutLine: {'line': b'-- Installing: /home/c/Formax_wuren_shixi/ros2_learning-main/ros2_advanced/ros2_homework_advanced_ws/install/fsd_common_msgs/include/fsd_common_msgs/fsd_common_msgs/msg/detail/decision_flag__rosidl_typesupport_fastrtps_cpp.hpp\n'}
[20.927872] (fsd_common_msgs) StdoutLine: {'line': b'-- Installing: /home/c/Formax_wuren_shixi/ros2_learning-main/ros2_advanced/ros2_homework_advanced_ws/install/fsd_common_msgs/include/fsd_common_msgs/fsd_common_msgs/msg/detail/visualization__rosidl_typesupport_fastrtps_cpp.hpp\n'}
[20.928013] (fsd_common_msgs) StdoutLine: {'line': b'-- Installing: /home/c/Formax_wuren_shixi/ros2_learning-main/ros2_advanced/ros2_homework_advanced_ws/install/fsd_common_msgs/include/fsd_common_msgs/fsd_common_msgs/msg/detail/map__rosidl_typesupport_fastrtps_cpp.hpp\n'}
[20.928147] (fsd_common_msgs) StdoutLine: {'line': b'-- Installing: /home/c/Formax_wuren_shixi/ros2_learning-main/ros2_advanced/ros2_homework_advanced_ws/install/fsd_common_msgs/include/fsd_common_msgs/fsd_common_msgs/msg/detail/driving_dynamics__rosidl_typesupport_fastrtps_cpp.hpp\n'}
[20.928286] (fsd_common_msgs) StdoutLine: {'line': b'-- Installing: /home/c/Formax_wuren_shixi/ros2_learning-main/ros2_advanced/ros2_homework_advanced_ws/install/fsd_common_msgs/include/fsd_common_msgs/fsd_common_msgs/msg/detail/car_state_dt__rosidl_typesupport_fastrtps_cpp.hpp\n'}
[20.928423] (fsd_common_msgs) StdoutLine: {'line': b'-- Installing: /home/c/Formax_wuren_shixi/ros2_learning-main/ros2_advanced/ros2_homework_advanced_ws/install/fsd_common_msgs/include/fsd_common_msgs/fsd_common_msgs/msg/detail/control_command__rosidl_typesupport_fastrtps_cpp.hpp\n'}
[20.928561] (fsd_common_msgs) StdoutLine: {'line': b'-- Installing: /home/c/Formax_wuren_shixi/ros2_learning-main/ros2_advanced/ros2_homework_advanced_ws/install/fsd_common_msgs/include/fsd_common_msgs/fsd_common_msgs/msg/detail/trajectory_point__rosidl_typesupport_fastrtps_cpp.hpp\n'}
[20.928696] (fsd_common_msgs) StdoutLine: {'line': b'-- Installing: /home/c/Formax_wuren_shixi/ros2_learning-main/ros2_advanced/ros2_homework_advanced_ws/install/fsd_common_msgs/include/fsd_common_msgs/fsd_common_msgs/msg/detail/yolo_cone_detections__rosidl_typesupport_fastrtps_cpp.hpp\n'}
[20.928830] (fsd_common_msgs) StdoutLine: {'line': b'-- Installing: /home/c/Formax_wuren_shixi/ros2_learning-main/ros2_advanced/ros2_homework_advanced_ws/install/fsd_common_msgs/include/fsd_common_msgs/fsd_common_msgs/msg/detail/res_and_ami__rosidl_typesupport_fastrtps_cpp.hpp\n'}
[20.928967] (fsd_common_msgs) StdoutLine: {'line': b'-- Installing: /home/c/Formax_wuren_shixi/ros2_learning-main/ros2_advanced/ros2_homework_advanced_ws/install/fsd_common_msgs/include/fsd_common_msgs/fsd_common_msgs/msg/detail/echiev_message__rosidl_typesupport_fastrtps_cpp.hpp\n'}
[20.929105] (fsd_common_msgs) StdoutLine: {'line': b'-- Installing: /home/c/Formax_wuren_shixi/ros2_learning-main/ros2_advanced/ros2_homework_advanced_ws/install/fsd_common_msgs/include/fsd_common_msgs/fsd_common_msgs/msg/detail/car_state__rosidl_typesupport_fastrtps_cpp.hpp\n'}
[20.929235] (fsd_common_msgs) StdoutLine: {'line': b'-- Installing: /home/c/Formax_wuren_shixi/ros2_learning-main/ros2_advanced/ros2_homework_advanced_ws/install/fsd_common_msgs/include/fsd_common_msgs/fsd_common_msgs/msg/detail/track__rosidl_typesupport_fastrtps_cpp.hpp\n'}
[20.929386] (fsd_common_msgs) StdoutLine: {'line': b'-- Installing: /home/c/Formax_wuren_shixi/ros2_learning-main/ros2_advanced/ros2_homework_advanced_ws/install/fsd_common_msgs/include/fsd_common_msgs/fsd_common_msgs/msg/detail/cone_detections__rosidl_typesupport_fastrtps_cpp.hpp\n'}
[20.929709] (fsd_common_msgs) StdoutLine: {'line': b'-- Installing: /home/c/Formax_wuren_shixi/ros2_learning-main/ros2_advanced/ros2_homework_advanced_ws/install/fsd_common_msgs/include/fsd_common_msgs/fsd_common_msgs/msg/detail/dds_fastrtps\n'}
[20.930022] (fsd_common_msgs) StdoutLine: {'line': b'-- Installing: /home/c/Formax_wuren_shixi/ros2_learning-main/ros2_advanced/ros2_homework_advanced_ws/install/fsd_common_msgs/include/fsd_common_msgs/fsd_common_msgs/msg/detail/yolo_cone_detections_track__rosidl_typesupport_fastrtps_cpp.hpp\n'}
[20.930328] (fsd_common_msgs) StdoutLine: {'line': b'-- Installing: /home/c/Formax_wuren_shixi/ros2_learning-main/ros2_advanced/ros2_homework_advanced_ws/install/fsd_common_msgs/include/fsd_common_msgs/fsd_common_msgs/msg/detail/yolo_cone__rosidl_typesupport_fastrtps_cpp.hpp\n'}
[20.930589] (fsd_common_msgs) StdoutLine: {'line': b'-- Installing: /home/c/Formax_wuren_shixi/ros2_learning-main/ros2_advanced/ros2_homework_advanced_ws/install/fsd_common_msgs/include/fsd_common_msgs/fsd_common_msgs/msg/detail/asensing_message__rosidl_typesupport_fastrtps_cpp.hpp\n'}
[20.930733] (fsd_common_msgs) StdoutLine: {'line': b'-- Installing: /home/c/Formax_wuren_shixi/ros2_learning-main/ros2_advanced/ros2_homework_advanced_ws/install/fsd_common_msgs/include/fsd_common_msgs/fsd_common_msgs/msg/detail/ins_delta__rosidl_typesupport_fastrtps_cpp.hpp\n'}
[20.930877] (fsd_common_msgs) StdoutLine: {'line': b'-- Installing: /home/c/Formax_wuren_shixi/ros2_learning-main/ros2_advanced/ros2_homework_advanced_ws/install/fsd_common_msgs/include/fsd_common_msgs/fsd_common_msgs/msg/detail/can_frames__rosidl_typesupport_fastrtps_cpp.hpp\n'}
[20.931026] (fsd_common_msgs) StdoutLine: {'line': b'-- Installing: /home/c/Formax_wuren_shixi/ros2_learning-main/ros2_advanced/ros2_homework_advanced_ws/install/fsd_common_msgs/include/fsd_common_msgs/fsd_common_msgs/msg/detail/mission__rosidl_typesupport_fastrtps_cpp.hpp\n'}
[20.931151] (fsd_common_msgs) StdoutLine: {'line': b'-- Installing: /home/c/Formax_wuren_shixi/ros2_learning-main/ros2_advanced/ros2_homework_advanced_ws/install/fsd_common_msgs/include/fsd_common_msgs/fsd_common_msgs/msg/detail/remote_control_command__rosidl_typesupport_fastrtps_cpp.hpp\n'}
[20.931302] (fsd_common_msgs) StdoutLine: {'line': b'-- Installing: /home/c/Formax_wuren_shixi/ros2_learning-main/ros2_advanced/ros2_homework_advanced_ws/install/fsd_common_msgs/include/fsd_common_msgs/fsd_common_msgs/msg/detail/cone_detections_dbscan__rosidl_typesupport_fastrtps_cpp.hpp\n'}
[20.931433] (fsd_common_msgs) StdoutLine: {'line': b'-- Installing: /home/c/Formax_wuren_shixi/ros2_learning-main/ros2_advanced/ros2_homework_advanced_ws/install/fsd_common_msgs/include/fsd_common_msgs/fsd_common_msgs/msg/detail/cone_dbscan__rosidl_typesupport_fastrtps_cpp.hpp\n'}
[20.931567] (fsd_common_msgs) StdoutLine: {'line': b'-- Installing: /home/c/Formax_wuren_shixi/ros2_learning-main/ros2_advanced/ros2_homework_advanced_ws/install/fsd_common_msgs/include/fsd_common_msgs/fsd_common_msgs/msg/detail/as_state__rosidl_typesupport_fastrtps_cpp.hpp\n'}
[20.931705] (fsd_common_msgs) StdoutLine: {'line': b'-- Installing: /home/c/Formax_wuren_shixi/ros2_learning-main/ros2_advanced/ros2_homework_advanced_ws/install/fsd_common_msgs/include/fsd_common_msgs/fsd_common_msgs/msg/detail/skidpad_global_center_line__rosidl_typesupport_fastrtps_cpp.hpp\n'}
[20.931847] (fsd_common_msgs) StdoutLine: {'line': b'-- Installing: /home/c/Formax_wuren_shixi/ros2_learning-main/ros2_advanced/ros2_homework_advanced_ws/install/fsd_common_msgs/include/fsd_common_msgs/fsd_common_msgs/msg/detail/yolo_cone_track__rosidl_typesupport_fastrtps_cpp.hpp\n'}
[20.931981] (fsd_common_msgs) StdoutLine: {'line': b'-- Installing: /home/c/Formax_wuren_shixi/ros2_learning-main/ros2_advanced/ros2_homework_advanced_ws/install/fsd_common_msgs/include/fsd_common_msgs/fsd_common_msgs/msg/detail/feedback__rosidl_typesupport_fastrtps_cpp.hpp\n'}
[20.932113] (fsd_common_msgs) StdoutLine: {'line': b'-- Installing: /home/c/Formax_wuren_shixi/ros2_learning-main/ros2_advanced/ros2_homework_advanced_ws/install/fsd_common_msgs/include/fsd_common_msgs/fsd_common_msgs/msg/detail/time__rosidl_typesupport_fastrtps_cpp.hpp\n'}
[20.932245] (fsd_common_msgs) StdoutLine: {'line': b'-- Installing: /home/c/Formax_wuren_shixi/ros2_learning-main/ros2_advanced/ros2_homework_advanced_ws/install/fsd_common_msgs/include/fsd_common_msgs/fsd_common_msgs/msg/rosidl_typesupport_fastrtps_cpp__visibility_control.h\n'}
[20.932505] (fsd_common_msgs) StdoutLine: {'line': b'-- Installing: /home/c/Formax_wuren_shixi/ros2_learning-main/ros2_advanced/ros2_homework_advanced_ws/install/fsd_common_msgs/lib/libfsd_common_msgs__rosidl_typesupport_fastrtps_cpp.so\n'}
[20.933322] (fsd_common_msgs) StdoutLine: {'line': b'-- Set non-toolchain portion of runtime path of "/home/c/Formax_wuren_shixi/ros2_learning-main/ros2_advanced/ros2_homework_advanced_ws/install/fsd_common_msgs/lib/libfsd_common_msgs__rosidl_typesupport_fastrtps_cpp.so" to ""\n'}
[20.933409] (fsd_common_msgs) StdoutLine: {'line': b'-- Up-to-date: /home/c/Formax_wuren_shixi/ros2_learning-main/ros2_advanced/ros2_homework_advanced_ws/install/fsd_common_msgs/include/fsd_common_msgs/fsd_common_msgs\n'}
[20.933515] (fsd_common_msgs) StdoutLine: {'line': b'-- Up-to-date: /home/c/Formax_wuren_shixi/ros2_learning-main/ros2_advanced/ros2_homework_advanced_ws/install/fsd_common_msgs/include/fsd_common_msgs/fsd_common_msgs/msg\n'}
[20.933595] (fsd_common_msgs) StdoutLine: {'line': b'-- Up-to-date: /home/c/Formax_wuren_shixi/ros2_learning-main/ros2_advanced/ros2_homework_advanced_ws/install/fsd_common_msgs/include/fsd_common_msgs/fsd_common_msgs/msg/detail\n'}
[20.933655] (fsd_common_msgs) StdoutLine: {'line': b'-- Installing: /home/c/Formax_wuren_shixi/ros2_learning-main/ros2_advanced/ros2_homework_advanced_ws/install/fsd_common_msgs/include/fsd_common_msgs/fsd_common_msgs/msg/detail/decision_flag__rosidl_typesupport_introspection_cpp.hpp\n'}
[20.933754] (fsd_common_msgs) StdoutLine: {'line': b'-- Installing: /home/c/Formax_wuren_shixi/ros2_learning-main/ros2_advanced/ros2_homework_advanced_ws/install/fsd_common_msgs/include/fsd_common_msgs/fsd_common_msgs/msg/detail/car_state_dt__rosidl_typesupport_introspection_cpp.hpp\n'}
[20.933894] (fsd_common_msgs) StdoutLine: {'line': b'-- Installing: /home/c/Formax_wuren_shixi/ros2_learning-main/ros2_advanced/ros2_homework_advanced_ws/install/fsd_common_msgs/include/fsd_common_msgs/fsd_common_msgs/msg/detail/res_and_ami__type_support.cpp\n'}
[20.934035] (fsd_common_msgs) StdoutLine: {'line': b'-- Installing: /home/c/Formax_wuren_shixi/ros2_learning-main/ros2_advanced/ros2_homework_advanced_ws/install/fsd_common_msgs/include/fsd_common_msgs/fsd_common_msgs/msg/detail/control_command__type_support.cpp\n'}
[20.934180] (fsd_common_msgs) StdoutLine: {'line': b'-- Installing: /home/c/Formax_wuren_shixi/ros2_learning-main/ros2_advanced/ros2_homework_advanced_ws/install/fsd_common_msgs/include/fsd_common_msgs/fsd_common_msgs/msg/detail/decision_flag__type_support.cpp\n'}
[20.934334] (fsd_common_msgs) StdoutLine: {'line': b'-- Installing: /home/c/Formax_wuren_shixi/ros2_learning-main/ros2_advanced/ros2_homework_advanced_ws/install/fsd_common_msgs/include/fsd_common_msgs/fsd_common_msgs/msg/detail/yolo_cone_track__rosidl_typesupport_introspection_cpp.hpp\n'}
[20.934475] (fsd_common_msgs) StdoutLine: {'line': b'-- Installing: /home/c/Formax_wuren_shixi/ros2_learning-main/ros2_advanced/ros2_homework_advanced_ws/install/fsd_common_msgs/include/fsd_common_msgs/fsd_common_msgs/msg/detail/yolo_cone_detections__rosidl_typesupport_introspection_cpp.hpp\n'}
[20.934611] (fsd_common_msgs) StdoutLine: {'line': b'-- Installing: /home/c/Formax_wuren_shixi/ros2_learning-main/ros2_advanced/ros2_homework_advanced_ws/install/fsd_common_msgs/include/fsd_common_msgs/fsd_common_msgs/msg/detail/track__type_support.cpp\n'}
[20.934767] (fsd_common_msgs) StdoutLine: {'line': b'-- Installing: /home/c/Formax_wuren_shixi/ros2_learning-main/ros2_advanced/ros2_homework_advanced_ws/install/fsd_common_msgs/include/fsd_common_msgs/fsd_common_msgs/msg/detail/trajectory_point__type_support.cpp\n'}
[20.934915] (fsd_common_msgs) StdoutLine: {'line': b'-- Installing: /home/c/Formax_wuren_shixi/ros2_learning-main/ros2_advanced/ros2_homework_advanced_ws/install/fsd_common_msgs/include/fsd_common_msgs/fsd_common_msgs/msg/detail/mission__type_support.cpp\n'}
[20.935059] (fsd_common_msgs) StdoutLine: {'line': b'-- Installing: /home/c/Formax_wuren_shixi/ros2_learning-main/ros2_advanced/ros2_homework_advanced_ws/install/fsd_common_msgs/include/fsd_common_msgs/fsd_common_msgs/msg/detail/cone_detections__rosidl_typesupport_introspection_cpp.hpp\n'}
[20.935210] (fsd_common_msgs) StdoutLine: {'line': b'-- Installing: /home/c/Formax_wuren_shixi/ros2_learning-main/ros2_advanced/ros2_homework_advanced_ws/install/fsd_common_msgs/include/fsd_common_msgs/fsd_common_msgs/msg/detail/cone__rosidl_typesupport_introspection_cpp.hpp\n'}
[20.935373] (fsd_common_msgs) StdoutLine: {'line': b'-- Installing: /home/c/Formax_wuren_shixi/ros2_learning-main/ros2_advanced/ros2_homework_advanced_ws/install/fsd_common_msgs/include/fsd_common_msgs/fsd_common_msgs/msg/detail/time__rosidl_typesupport_introspection_cpp.hpp\n'}
[20.935519] (fsd_common_msgs) StdoutLine: {'line': b'-- Installing: /home/c/Formax_wuren_shixi/ros2_learning-main/ros2_advanced/ros2_homework_advanced_ws/install/fsd_common_msgs/include/fsd_common_msgs/fsd_common_msgs/msg/detail/yolo_cone_detections_track__rosidl_typesupport_introspection_cpp.hpp\n'}
[20.935651] (fsd_common_msgs) StdoutLine: {'line': b'-- Installing: /home/c/Formax_wuren_shixi/ros2_learning-main/ros2_advanced/ros2_homework_advanced_ws/install/fsd_common_msgs/include/fsd_common_msgs/fsd_common_msgs/msg/detail/time__type_support.cpp\n'}
[20.935800] (fsd_common_msgs) StdoutLine: {'line': b'-- Installing: /home/c/Formax_wuren_shixi/ros2_learning-main/ros2_advanced/ros2_homework_advanced_ws/install/fsd_common_msgs/include/fsd_common_msgs/fsd_common_msgs/msg/detail/cone_detections_dbscan__type_support.cpp\n'}
[20.935941] (fsd_common_msgs) StdoutLine: {'line': b'-- Installing: /home/c/Formax_wuren_shixi/ros2_learning-main/ros2_advanced/ros2_homework_advanced_ws/install/fsd_common_msgs/include/fsd_common_msgs/fsd_common_msgs/msg/detail/map__rosidl_typesupport_introspection_cpp.hpp\n'}
[20.936082] (fsd_common_msgs) StdoutLine: {'line': b'-- Installing: /home/c/Formax_wuren_shixi/ros2_learning-main/ros2_advanced/ros2_homework_advanced_ws/install/fsd_common_msgs/include/fsd_common_msgs/fsd_common_msgs/msg/detail/remote_control_command__rosidl_typesupport_introspection_cpp.hpp\n'}
[20.936223] (fsd_common_msgs) StdoutLine: {'line': b'-- Installing: /home/c/Formax_wuren_shixi/ros2_learning-main/ros2_advanced/ros2_homework_advanced_ws/install/fsd_common_msgs/include/fsd_common_msgs/fsd_common_msgs/msg/detail/driving_dynamics__type_support.cpp\n'}
[20.936440] (fsd_common_msgs) StdoutLine: {'line': b'-- Installing: /home/c/Formax_wuren_shixi/ros2_learning-main/ros2_advanced/ros2_homework_advanced_ws/install/fsd_common_msgs/include/fsd_common_msgs/fsd_common_msgs/msg/detail/cone__type_support.cpp\n'}
[20.936579] (fsd_common_msgs) StdoutLine: {'line': b'-- Installing: /home/c/Formax_wuren_shixi/ros2_learning-main/ros2_advanced/ros2_homework_advanced_ws/install/fsd_common_msgs/include/fsd_common_msgs/fsd_common_msgs/msg/detail/skidpad_global_center_line__type_support.cpp\n'}
[20.936717] (fsd_common_msgs) StdoutLine: {'line': b'-- Installing: /home/c/Formax_wuren_shixi/ros2_learning-main/ros2_advanced/ros2_homework_advanced_ws/install/fsd_common_msgs/include/fsd_common_msgs/fsd_common_msgs/msg/detail/track__rosidl_typesupport_introspection_cpp.hpp\n'}
[20.936850] (fsd_common_msgs) StdoutLine: {'line': b'-- Installing: /home/c/Formax_wuren_shixi/ros2_learning-main/ros2_advanced/ros2_homework_advanced_ws/install/fsd_common_msgs/include/fsd_common_msgs/fsd_common_msgs/msg/detail/yolo_cone__rosidl_typesupport_introspection_cpp.hpp\n'}
[20.936982] (fsd_common_msgs) StdoutLine: {'line': b'-- Installing: /home/c/Formax_wuren_shixi/ros2_learning-main/ros2_advanced/ros2_homework_advanced_ws/install/fsd_common_msgs/include/fsd_common_msgs/fsd_common_msgs/msg/detail/control_command__rosidl_typesupport_introspection_cpp.hpp\n'}
[20.937112] (fsd_common_msgs) StdoutLine: {'line': b'-- Installing: /home/c/Formax_wuren_shixi/ros2_learning-main/ros2_advanced/ros2_homework_advanced_ws/install/fsd_common_msgs/include/fsd_common_msgs/fsd_common_msgs/msg/detail/as_state__type_support.cpp\n'}
[20.937257] (fsd_common_msgs) StdoutLine: {'line': b'-- Installing: /home/c/Formax_wuren_shixi/ros2_learning-main/ros2_advanced/ros2_homework_advanced_ws/install/fsd_common_msgs/include/fsd_common_msgs/fsd_common_msgs/msg/detail/ins_delta__type_support.cpp\n'}
[20.937392] (fsd_common_msgs) StdoutLine: {'line': b'-- Installing: /home/c/Formax_wuren_shixi/ros2_learning-main/ros2_advanced/ros2_homework_advanced_ws/install/fsd_common_msgs/include/fsd_common_msgs/fsd_common_msgs/msg/detail/mission__rosidl_typesupport_introspection_cpp.hpp\n'}
[20.937525] (fsd_common_msgs) StdoutLine: {'line': b'-- Installing: /home/c/Formax_wuren_shixi/ros2_learning-main/ros2_advanced/ros2_homework_advanced_ws/install/fsd_common_msgs/include/fsd_common_msgs/fsd_common_msgs/msg/detail/asensing_message__rosidl_typesupport_introspection_cpp.hpp\n'}
[20.937659] (fsd_common_msgs) StdoutLine: {'line': b'-- Installing: /home/c/Formax_wuren_shixi/ros2_learning-main/ros2_advanced/ros2_homework_advanced_ws/install/fsd_common_msgs/include/fsd_common_msgs/fsd_common_msgs/msg/detail/cone_detections_dbscan__rosidl_typesupport_introspection_cpp.hpp\n'}
[20.937793] (fsd_common_msgs) StdoutLine: {'line': b'-- Installing: /home/c/Formax_wuren_shixi/ros2_learning-main/ros2_advanced/ros2_homework_advanced_ws/install/fsd_common_msgs/include/fsd_common_msgs/fsd_common_msgs/msg/detail/yolo_cone_track__type_support.cpp\n'}
[20.937931] (fsd_common_msgs) StdoutLine: {'line': b'-- Installing: /home/c/Formax_wuren_shixi/ros2_learning-main/ros2_advanced/ros2_homework_advanced_ws/install/fsd_common_msgs/include/fsd_common_msgs/fsd_common_msgs/msg/detail/driving_dynamics__rosidl_typesupport_introspection_cpp.hpp\n'}
[20.938066] (fsd_common_msgs) StdoutLine: {'line': b'-- Installing: /home/c/Formax_wuren_shixi/ros2_learning-main/ros2_advanced/ros2_homework_advanced_ws/install/fsd_common_msgs/include/fsd_common_msgs/fsd_common_msgs/msg/detail/yolo_cone__type_support.cpp\n'}
[20.938198] (fsd_common_msgs) StdoutLine: {'line': b'-- Installing: /home/c/Formax_wuren_shixi/ros2_learning-main/ros2_advanced/ros2_homework_advanced_ws/install/fsd_common_msgs/include/fsd_common_msgs/fsd_common_msgs/msg/detail/as_state__rosidl_typesupport_introspection_cpp.hpp\n'}
[20.938336] (fsd_common_msgs) StdoutLine: {'line': b'-- Installing: /home/c/Formax_wuren_shixi/ros2_learning-main/ros2_advanced/ros2_homework_advanced_ws/install/fsd_common_msgs/include/fsd_common_msgs/fsd_common_msgs/msg/detail/ins_delta__rosidl_typesupport_introspection_cpp.hpp\n'}
[20.938471] (fsd_common_msgs) StdoutLine: {'line': b'-- Installing: /home/c/Formax_wuren_shixi/ros2_learning-main/ros2_advanced/ros2_homework_advanced_ws/install/fsd_common_msgs/include/fsd_common_msgs/fsd_common_msgs/msg/detail/echiev_message__rosidl_typesupport_introspection_cpp.hpp\n'}
[20.938603] (fsd_common_msgs) StdoutLine: {'line': b'-- Installing: /home/c/Formax_wuren_shixi/ros2_learning-main/ros2_advanced/ros2_homework_advanced_ws/install/fsd_common_msgs/include/fsd_common_msgs/fsd_common_msgs/msg/detail/car_state__type_support.cpp\n'}
[20.938737] (fsd_common_msgs) StdoutLine: {'line': b'-- Installing: /home/c/Formax_wuren_shixi/ros2_learning-main/ros2_advanced/ros2_homework_advanced_ws/install/fsd_common_msgs/include/fsd_common_msgs/fsd_common_msgs/msg/detail/skidpad_global_center_line__rosidl_typesupport_introspection_cpp.hpp\n'}
[20.938868] (fsd_common_msgs) StdoutLine: {'line': b'-- Installing: /home/c/Formax_wuren_shixi/ros2_learning-main/ros2_advanced/ros2_homework_advanced_ws/install/fsd_common_msgs/include/fsd_common_msgs/fsd_common_msgs/msg/detail/car_state_dt__type_support.cpp\n'}
[20.938999] (fsd_common_msgs) StdoutLine: {'line': b'-- Installing: /home/c/Formax_wuren_shixi/ros2_learning-main/ros2_advanced/ros2_homework_advanced_ws/install/fsd_common_msgs/include/fsd_common_msgs/fsd_common_msgs/msg/detail/cone_dbscan__type_support.cpp\n'}
[20.939134] (fsd_common_msgs) StdoutLine: {'line': b'-- Installing: /home/c/Formax_wuren_shixi/ros2_learning-main/ros2_advanced/ros2_homework_advanced_ws/install/fsd_common_msgs/include/fsd_common_msgs/fsd_common_msgs/msg/detail/visualization__type_support.cpp\n'}
[20.939297] (fsd_common_msgs) StdoutLine: {'line': b'-- Installing: /home/c/Formax_wuren_shixi/ros2_learning-main/ros2_advanced/ros2_homework_advanced_ws/install/fsd_common_msgs/include/fsd_common_msgs/fsd_common_msgs/msg/detail/cone_dbscan__rosidl_typesupport_introspection_cpp.hpp\n'}
[20.939431] (fsd_common_msgs) StdoutLine: {'line': b'-- Installing: /home/c/Formax_wuren_shixi/ros2_learning-main/ros2_advanced/ros2_homework_advanced_ws/install/fsd_common_msgs/include/fsd_common_msgs/fsd_common_msgs/msg/detail/cone_detections__type_support.cpp\n'}
[20.939564] (fsd_common_msgs) StdoutLine: {'line': b'-- Installing: /home/c/Formax_wuren_shixi/ros2_learning-main/ros2_advanced/ros2_homework_advanced_ws/install/fsd_common_msgs/include/fsd_common_msgs/fsd_common_msgs/msg/detail/feedback__rosidl_typesupport_introspection_cpp.hpp\n'}
[20.939696] (fsd_common_msgs) StdoutLine: {'line': b'-- Installing: /home/c/Formax_wuren_shixi/ros2_learning-main/ros2_advanced/ros2_homework_advanced_ws/install/fsd_common_msgs/include/fsd_common_msgs/fsd_common_msgs/msg/detail/res_and_ami__rosidl_typesupport_introspection_cpp.hpp\n'}
[20.939826] (fsd_common_msgs) StdoutLine: {'line': b'-- Installing: /home/c/Formax_wuren_shixi/ros2_learning-main/ros2_advanced/ros2_homework_advanced_ws/install/fsd_common_msgs/include/fsd_common_msgs/fsd_common_msgs/msg/detail/yolo_cone_detections__type_support.cpp\n'}
[20.939962] (fsd_common_msgs) StdoutLine: {'line': b'-- Installing: /home/c/Formax_wuren_shixi/ros2_learning-main/ros2_advanced/ros2_homework_advanced_ws/install/fsd_common_msgs/include/fsd_common_msgs/fsd_common_msgs/msg/detail/trajectory_point__rosidl_typesupport_introspection_cpp.hpp\n'}
[20.940096] (fsd_common_msgs) StdoutLine: {'line': b'-- Installing: /home/c/Formax_wuren_shixi/ros2_learning-main/ros2_advanced/ros2_homework_advanced_ws/install/fsd_common_msgs/include/fsd_common_msgs/fsd_common_msgs/msg/detail/map__type_support.cpp\n'}
[20.940238] (fsd_common_msgs) StdoutLine: {'line': b'-- Installing: /home/c/Formax_wuren_shixi/ros2_learning-main/ros2_advanced/ros2_homework_advanced_ws/install/fsd_common_msgs/include/fsd_common_msgs/fsd_common_msgs/msg/detail/visualization__rosidl_typesupport_introspection_cpp.hpp\n'}
[20.940388] (fsd_common_msgs) StdoutLine: {'line': b'-- Installing: /home/c/Formax_wuren_shixi/ros2_learning-main/ros2_advanced/ros2_homework_advanced_ws/install/fsd_common_msgs/include/fsd_common_msgs/fsd_common_msgs/msg/detail/can_frames__rosidl_typesupport_introspection_cpp.hpp\n'}
[20.940533] (fsd_common_msgs) StdoutLine: {'line': b'-- Installing: /home/c/Formax_wuren_shixi/ros2_learning-main/ros2_advanced/ros2_homework_advanced_ws/install/fsd_common_msgs/include/fsd_common_msgs/fsd_common_msgs/msg/detail/remote_control_command__type_support.cpp\n'}
[20.940686] (fsd_common_msgs) StdoutLine: {'line': b'-- Installing: /home/c/Formax_wuren_shixi/ros2_learning-main/ros2_advanced/ros2_homework_advanced_ws/install/fsd_common_msgs/include/fsd_common_msgs/fsd_common_msgs/msg/detail/can_frames__type_support.cpp\n'}
[20.940826] (fsd_common_msgs) StdoutLine: {'line': b'-- Installing: /home/c/Formax_wuren_shixi/ros2_learning-main/ros2_advanced/ros2_homework_advanced_ws/install/fsd_common_msgs/include/fsd_common_msgs/fsd_common_msgs/msg/detail/feedback__type_support.cpp\n'}
[20.940971] (fsd_common_msgs) StdoutLine: {'line': b'-- Installing: /home/c/Formax_wuren_shixi/ros2_learning-main/ros2_advanced/ros2_homework_advanced_ws/install/fsd_common_msgs/include/fsd_common_msgs/fsd_common_msgs/msg/detail/asensing_message__type_support.cpp\n'}
[20.941125] (fsd_common_msgs) StdoutLine: {'line': b'-- Installing: /home/c/Formax_wuren_shixi/ros2_learning-main/ros2_advanced/ros2_homework_advanced_ws/install/fsd_common_msgs/include/fsd_common_msgs/fsd_common_msgs/msg/detail/yolo_cone_detections_track__type_support.cpp\n'}
[20.941263] (fsd_common_msgs) StdoutLine: {'line': b'-- Installing: /home/c/Formax_wuren_shixi/ros2_learning-main/ros2_advanced/ros2_homework_advanced_ws/install/fsd_common_msgs/include/fsd_common_msgs/fsd_common_msgs/msg/detail/echiev_message__type_support.cpp\n'}
[20.941434] (fsd_common_msgs) StdoutLine: {'line': b'-- Installing: /home/c/Formax_wuren_shixi/ros2_learning-main/ros2_advanced/ros2_homework_advanced_ws/install/fsd_common_msgs/include/fsd_common_msgs/fsd_common_msgs/msg/detail/car_state__rosidl_typesupport_introspection_cpp.hpp\n'}
[20.941667] (fsd_common_msgs) StdoutLine: {'line': b'-- Installing: /home/c/Formax_wuren_shixi/ros2_learning-main/ros2_advanced/ros2_homework_advanced_ws/install/fsd_common_msgs/lib/libfsd_common_msgs__rosidl_typesupport_introspection_cpp.so\n'}
[20.942400] (fsd_common_msgs) StdoutLine: {'line': b'-- Set non-toolchain portion of runtime path of "/home/c/Formax_wuren_shixi/ros2_learning-main/ros2_advanced/ros2_homework_advanced_ws/install/fsd_common_msgs/lib/libfsd_common_msgs__rosidl_typesupport_introspection_cpp.so" to ""\n'}
[20.942504] (fsd_common_msgs) StdoutLine: {'line': b'-- Installing: /home/c/Formax_wuren_shixi/ros2_learning-main/ros2_advanced/ros2_homework_advanced_ws/install/fsd_common_msgs/lib/libfsd_common_msgs__rosidl_typesupport_cpp.so\n'}
[20.942958] (fsd_common_msgs) StdoutLine: {'line': b'-- Set non-toolchain portion of runtime path of "/home/c/Formax_wuren_shixi/ros2_learning-main/ros2_advanced/ros2_homework_advanced_ws/install/fsd_common_msgs/lib/libfsd_common_msgs__rosidl_typesupport_cpp.so" to ""\n'}
[20.943052] (fsd_common_msgs) StdoutLine: {'line': b'-- Installing: /home/c/Formax_wuren_shixi/ros2_learning-main/ros2_advanced/ros2_homework_advanced_ws/install/fsd_common_msgs/share/fsd_common_msgs/environment/pythonpath.sh\n'}
[20.943181] (fsd_common_msgs) StdoutLine: {'line': b'-- Installing: /home/c/Formax_wuren_shixi/ros2_learning-main/ros2_advanced/ros2_homework_advanced_ws/install/fsd_common_msgs/share/fsd_common_msgs/environment/pythonpath.dsv\n'}
[20.943405] (fsd_common_msgs) StdoutLine: {'line': b'-- Installing: /home/c/Formax_wuren_shixi/ros2_learning-main/ros2_advanced/ros2_homework_advanced_ws/install/fsd_common_msgs/lib/python3.12/site-packages/fsd_common_msgs-0.0.0-py3.12.egg-info\n'}
[20.943540] (fsd_common_msgs) StdoutLine: {'line': b'-- Installing: /home/c/Formax_wuren_shixi/ros2_learning-main/ros2_advanced/ros2_homework_advanced_ws/install/fsd_common_msgs/lib/python3.12/site-packages/fsd_common_msgs-0.0.0-py3.12.egg-info/dependency_links.txt\n'}
[20.943706] (fsd_common_msgs) StdoutLine: {'line': b'-- Installing: /home/c/Formax_wuren_shixi/ros2_learning-main/ros2_advanced/ros2_homework_advanced_ws/install/fsd_common_msgs/lib/python3.12/site-packages/fsd_common_msgs-0.0.0-py3.12.egg-info/top_level.txt\n'}
[20.943816] (fsd_common_msgs) StdoutLine: {'line': b'-- Installing: /home/c/Formax_wuren_shixi/ros2_learning-main/ros2_advanced/ros2_homework_advanced_ws/install/fsd_common_msgs/lib/python3.12/site-packages/fsd_common_msgs-0.0.0-py3.12.egg-info/SOURCES.txt\n'}
[20.943933] (fsd_common_msgs) StdoutLine: {'line': b'-- Installing: /home/c/Formax_wuren_shixi/ros2_learning-main/ros2_advanced/ros2_homework_advanced_ws/install/fsd_common_msgs/lib/python3.12/site-packages/fsd_common_msgs-0.0.0-py3.12.egg-info/PKG-INFO\n'}
[20.944116] (fsd_common_msgs) StdoutLine: {'line': b'-- Installing: /home/c/Formax_wuren_shixi/ros2_learning-main/ros2_advanced/ros2_homework_advanced_ws/install/fsd_common_msgs/lib/python3.12/site-packages/fsd_common_msgs\n'}
[20.944218] (fsd_common_msgs) StdoutLine: {'line': b'-- Installing: /home/c/Formax_wuren_shixi/ros2_learning-main/ros2_advanced/ros2_homework_advanced_ws/install/fsd_common_msgs/lib/python3.12/site-packages/fsd_common_msgs/_fsd_common_msgs_s.ep.rosidl_typesupport_c.c\n'}
[20.944433] (fsd_common_msgs) StdoutLine: {'line': b'-- Installing: /home/c/Formax_wuren_shixi/ros2_learning-main/ros2_advanced/ros2_homework_advanced_ws/install/fsd_common_msgs/lib/python3.12/site-packages/fsd_common_msgs/fsd_common_msgs_s__rosidl_typesupport_c.so\n'}
[20.944690] (fsd_common_msgs) StdoutLine: {'line': b'-- Installing: /home/c/Formax_wuren_shixi/ros2_learning-main/ros2_advanced/ros2_homework_advanced_ws/install/fsd_common_msgs/lib/python3.12/site-packages/fsd_common_msgs/_fsd_common_msgs_s.ep.rosidl_typesupport_introspection_c.c\n'}
[20.944807] (fsd_common_msgs) StdoutLine: {'line': b'-- Installing: /home/c/Formax_wuren_shixi/ros2_learning-main/ros2_advanced/ros2_homework_advanced_ws/install/fsd_common_msgs/lib/python3.12/site-packages/fsd_common_msgs/msg\n'}
[20.944905] (fsd_common_msgs) StdoutLine: {'line': b'-- Installing: /home/c/Formax_wuren_shixi/ros2_learning-main/ros2_advanced/ros2_homework_advanced_ws/install/fsd_common_msgs/lib/python3.12/site-packages/fsd_common_msgs/msg/_can_frames.py\n'}
[20.945033] (fsd_common_msgs) StdoutLine: {'line': b'-- Installing: /home/c/Formax_wuren_shixi/ros2_learning-main/ros2_advanced/ros2_homework_advanced_ws/install/fsd_common_msgs/lib/python3.12/site-packages/fsd_common_msgs/msg/_remote_control_command.py\n'}
[20.945164] (fsd_common_msgs) StdoutLine: {'line': b'-- Installing: /home/c/Formax_wuren_shixi/ros2_learning-main/ros2_advanced/ros2_homework_advanced_ws/install/fsd_common_msgs/lib/python3.12/site-packages/fsd_common_msgs/msg/_decision_flag.py\n'}
[20.945307] (fsd_common_msgs) StdoutLine: {'line': b'-- Installing: /home/c/Formax_wuren_shixi/ros2_learning-main/ros2_advanced/ros2_homework_advanced_ws/install/fsd_common_msgs/lib/python3.12/site-packages/fsd_common_msgs/msg/_ins_delta.py\n'}
[20.945425] (fsd_common_msgs) StdoutLine: {'line': b'-- Installing: /home/c/Formax_wuren_shixi/ros2_learning-main/ros2_advanced/ros2_homework_advanced_ws/install/fsd_common_msgs/lib/python3.12/site-packages/fsd_common_msgs/msg/_driving_dynamics.py\n'}
[20.945559] (fsd_common_msgs) StdoutLine: {'line': b'-- Installing: /home/c/Formax_wuren_shixi/ros2_learning-main/ros2_advanced/ros2_homework_advanced_ws/install/fsd_common_msgs/lib/python3.12/site-packages/fsd_common_msgs/msg/_skidpad_global_center_line.py\n'}
[20.945680] (fsd_common_msgs) StdoutLine: {'line': b'-- Installing: /home/c/Formax_wuren_shixi/ros2_learning-main/ros2_advanced/ros2_homework_advanced_ws/install/fsd_common_msgs/lib/python3.12/site-packages/fsd_common_msgs/msg/_control_command_s.c\n'}
[20.945800] (fsd_common_msgs) StdoutLine: {'line': b'-- Installing: /home/c/Formax_wuren_shixi/ros2_learning-main/ros2_advanced/ros2_homework_advanced_ws/install/fsd_common_msgs/lib/python3.12/site-packages/fsd_common_msgs/msg/_track.py\n'}
[20.945932] (fsd_common_msgs) StdoutLine: {'line': b'-- Installing: /home/c/Formax_wuren_shixi/ros2_learning-main/ros2_advanced/ros2_homework_advanced_ws/install/fsd_common_msgs/lib/python3.12/site-packages/fsd_common_msgs/msg/_visualization.py\n'}
[20.946094] (fsd_common_msgs) StdoutLine: {'line': b'-- Installing: /home/c/Formax_wuren_shixi/ros2_learning-main/ros2_advanced/ros2_homework_advanced_ws/install/fsd_common_msgs/lib/python3.12/site-packages/fsd_common_msgs/msg/_trajectory_point_s.c\n'}
[20.946219] (fsd_common_msgs) StdoutLine: {'line': b'-- Installing: /home/c/Formax_wuren_shixi/ros2_learning-main/ros2_advanced/ros2_homework_advanced_ws/install/fsd_common_msgs/lib/python3.12/site-packages/fsd_common_msgs/msg/_map.py\n'}
[20.946435] (fsd_common_msgs) StdoutLine: {'line': b'-- Installing: /home/c/Formax_wuren_shixi/ros2_learning-main/ros2_advanced/ros2_homework_advanced_ws/install/fsd_common_msgs/lib/python3.12/site-packages/fsd_common_msgs/msg/_cone_detections_dbscan_s.c\n'}
[20.946559] (fsd_common_msgs) StdoutLine: {'line': b'-- Installing: /home/c/Formax_wuren_shixi/ros2_learning-main/ros2_advanced/ros2_homework_advanced_ws/install/fsd_common_msgs/lib/python3.12/site-packages/fsd_common_msgs/msg/_can_frames_s.c\n'}
[20.946683] (fsd_common_msgs) StdoutLine: {'line': b'-- Installing: /home/c/Formax_wuren_shixi/ros2_learning-main/ros2_advanced/ros2_homework_advanced_ws/install/fsd_common_msgs/lib/python3.12/site-packages/fsd_common_msgs/msg/_trajectory_point.py\n'}
[20.946804] (fsd_common_msgs) StdoutLine: {'line': b'-- Installing: /home/c/Formax_wuren_shixi/ros2_learning-main/ros2_advanced/ros2_homework_advanced_ws/install/fsd_common_msgs/lib/python3.12/site-packages/fsd_common_msgs/msg/_cone_dbscan_s.c\n'}
[20.946930] (fsd_common_msgs) StdoutLine: {'line': b'-- Installing: /home/c/Formax_wuren_shixi/ros2_learning-main/ros2_advanced/ros2_homework_advanced_ws/install/fsd_common_msgs/lib/python3.12/site-packages/fsd_common_msgs/msg/_yolo_cone_detections_track_s.c\n'}
[20.947049] (fsd_common_msgs) StdoutLine: {'line': b'-- Installing: /home/c/Formax_wuren_shixi/ros2_learning-main/ros2_advanced/ros2_homework_advanced_ws/install/fsd_common_msgs/lib/python3.12/site-packages/fsd_common_msgs/msg/_control_command.py\n'}
[20.947171] (fsd_common_msgs) StdoutLine: {'line': b'-- Installing: /home/c/Formax_wuren_shixi/ros2_learning-main/ros2_advanced/ros2_homework_advanced_ws/install/fsd_common_msgs/lib/python3.12/site-packages/fsd_common_msgs/msg/_track_s.c\n'}
[20.947306] (fsd_common_msgs) StdoutLine: {'line': b'-- Installing: /home/c/Formax_wuren_shixi/ros2_learning-main/ros2_advanced/ros2_homework_advanced_ws/install/fsd_common_msgs/lib/python3.12/site-packages/fsd_common_msgs/msg/_car_state_dt.py\n'}
[20.947428] (fsd_common_msgs) StdoutLine: {'line': b'-- Installing: /home/c/Formax_wuren_shixi/ros2_learning-main/ros2_advanced/ros2_homework_advanced_ws/install/fsd_common_msgs/lib/python3.12/site-packages/fsd_common_msgs/msg/_time_s.c\n'}
[20.947553] (fsd_common_msgs) StdoutLine: {'line': b'-- Installing: /home/c/Formax_wuren_shixi/ros2_learning-main/ros2_advanced/ros2_homework_advanced_ws/install/fsd_common_msgs/lib/python3.12/site-packages/fsd_common_msgs/msg/_car_state_dt_s.c\n'}
[20.947675] (fsd_common_msgs) StdoutLine: {'line': b'-- Installing: /home/c/Formax_wuren_shixi/ros2_learning-main/ros2_advanced/ros2_homework_advanced_ws/install/fsd_common_msgs/lib/python3.12/site-packages/fsd_common_msgs/msg/_yolo_cone.py\n'}
[20.947803] (fsd_common_msgs) StdoutLine: {'line': b'-- Installing: /home/c/Formax_wuren_shixi/ros2_learning-main/ros2_advanced/ros2_homework_advanced_ws/install/fsd_common_msgs/lib/python3.12/site-packages/fsd_common_msgs/msg/_yolo_cone_detections.py\n'}
[20.947927] (fsd_common_msgs) StdoutLine: {'line': b'-- Installing: /home/c/Formax_wuren_shixi/ros2_learning-main/ros2_advanced/ros2_homework_advanced_ws/install/fsd_common_msgs/lib/python3.12/site-packages/fsd_common_msgs/msg/_res_and_ami.py\n'}
[20.948052] (fsd_common_msgs) StdoutLine: {'line': b'-- Installing: /home/c/Formax_wuren_shixi/ros2_learning-main/ros2_advanced/ros2_homework_advanced_ws/install/fsd_common_msgs/lib/python3.12/site-packages/fsd_common_msgs/msg/_cone_s.c\n'}
[20.948172] (fsd_common_msgs) StdoutLine: {'line': b'-- Installing: /home/c/Formax_wuren_shixi/ros2_learning-main/ros2_advanced/ros2_homework_advanced_ws/install/fsd_common_msgs/lib/python3.12/site-packages/fsd_common_msgs/msg/_cone_detections_s.c\n'}
[20.948303] (fsd_common_msgs) StdoutLine: {'line': b'-- Installing: /home/c/Formax_wuren_shixi/ros2_learning-main/ros2_advanced/ros2_homework_advanced_ws/install/fsd_common_msgs/lib/python3.12/site-packages/fsd_common_msgs/msg/_as_state_s.c\n'}
[20.948433] (fsd_common_msgs) StdoutLine: {'line': b'-- Installing: /home/c/Formax_wuren_shixi/ros2_learning-main/ros2_advanced/ros2_homework_advanced_ws/install/fsd_common_msgs/lib/python3.12/site-packages/fsd_common_msgs/msg/_echiev_message.py\n'}
[20.948568] (fsd_common_msgs) StdoutLine: {'line': b'-- Installing: /home/c/Formax_wuren_shixi/ros2_learning-main/ros2_advanced/ros2_homework_advanced_ws/install/fsd_common_msgs/lib/python3.12/site-packages/fsd_common_msgs/msg/_asensing_message.py\n'}
[20.948711] (fsd_common_msgs) StdoutLine: {'line': b'-- Installing: /home/c/Formax_wuren_shixi/ros2_learning-main/ros2_advanced/ros2_homework_advanced_ws/install/fsd_common_msgs/lib/python3.12/site-packages/fsd_common_msgs/msg/_yolo_cone_track_s.c\n'}
[20.948839] (fsd_common_msgs) StdoutLine: {'line': b'-- Installing: /home/c/Formax_wuren_shixi/ros2_learning-main/ros2_advanced/ros2_homework_advanced_ws/install/fsd_common_msgs/lib/python3.12/site-packages/fsd_common_msgs/msg/_cone_detections_dbscan.py\n'}
[20.948964] (fsd_common_msgs) StdoutLine: {'line': b'-- Installing: /home/c/Formax_wuren_shixi/ros2_learning-main/ros2_advanced/ros2_homework_advanced_ws/install/fsd_common_msgs/lib/python3.12/site-packages/fsd_common_msgs/msg/_skidpad_global_center_line_s.c\n'}
[20.949087] (fsd_common_msgs) StdoutLine: {'line': b'-- Installing: /home/c/Formax_wuren_shixi/ros2_learning-main/ros2_advanced/ros2_homework_advanced_ws/install/fsd_common_msgs/lib/python3.12/site-packages/fsd_common_msgs/msg/_yolo_cone_s.c\n'}
[20.949209] (fsd_common_msgs) StdoutLine: {'line': b'-- Installing: /home/c/Formax_wuren_shixi/ros2_learning-main/ros2_advanced/ros2_homework_advanced_ws/install/fsd_common_msgs/lib/python3.12/site-packages/fsd_common_msgs/msg/_map_s.c\n'}
[20.949379] (fsd_common_msgs) StdoutLine: {'line': b'-- Installing: /home/c/Formax_wuren_shixi/ros2_learning-main/ros2_advanced/ros2_homework_advanced_ws/install/fsd_common_msgs/lib/python3.12/site-packages/fsd_common_msgs/msg/_cone_dbscan.py\n'}
[20.949511] (fsd_common_msgs) StdoutLine: {'line': b'-- Installing: /home/c/Formax_wuren_shixi/ros2_learning-main/ros2_advanced/ros2_homework_advanced_ws/install/fsd_common_msgs/lib/python3.12/site-packages/fsd_common_msgs/msg/__init__.py\n'}
[20.949632] (fsd_common_msgs) StdoutLine: {'line': b'-- Installing: /home/c/Formax_wuren_shixi/ros2_learning-main/ros2_advanced/ros2_homework_advanced_ws/install/fsd_common_msgs/lib/python3.12/site-packages/fsd_common_msgs/msg/_ins_delta_s.c\n'}
[20.949755] (fsd_common_msgs) StdoutLine: {'line': b'-- Installing: /home/c/Formax_wuren_shixi/ros2_learning-main/ros2_advanced/ros2_homework_advanced_ws/install/fsd_common_msgs/lib/python3.12/site-packages/fsd_common_msgs/msg/_cone_detections.py\n'}
[20.949888] (fsd_common_msgs) StdoutLine: {'line': b'-- Installing: /home/c/Formax_wuren_shixi/ros2_learning-main/ros2_advanced/ros2_homework_advanced_ws/install/fsd_common_msgs/lib/python3.12/site-packages/fsd_common_msgs/msg/_echiev_message_s.c\n'}
[20.950020] (fsd_common_msgs) StdoutLine: {'line': b'-- Installing: /home/c/Formax_wuren_shixi/ros2_learning-main/ros2_advanced/ros2_homework_advanced_ws/install/fsd_common_msgs/lib/python3.12/site-packages/fsd_common_msgs/msg/_feedback.py\n'}
[20.950226] (fsd_common_msgs) StdoutLine: {'line': b'-- Installing: /home/c/Formax_wuren_shixi/ros2_learning-main/ros2_advanced/ros2_homework_advanced_ws/install/fsd_common_msgs/lib/python3.12/site-packages/fsd_common_msgs/msg/_visualization_s.c\n'}
[20.950325] (fsd_common_msgs) StdoutLine: {'line': b'-- Installing: /home/c/Formax_wuren_shixi/ros2_learning-main/ros2_advanced/ros2_homework_advanced_ws/install/fsd_common_msgs/lib/python3.12/site-packages/fsd_common_msgs/msg/_asensing_message_s.c\n'}
[20.950459] (fsd_common_msgs) StdoutLine: {'line': b'-- Installing: /home/c/Formax_wuren_shixi/ros2_learning-main/ros2_advanced/ros2_homework_advanced_ws/install/fsd_common_msgs/lib/python3.12/site-packages/fsd_common_msgs/msg/_feedback_s.c\n'}
[20.950593] (fsd_common_msgs) StdoutLine: {'line': b'-- Installing: /home/c/Formax_wuren_shixi/ros2_learning-main/ros2_advanced/ros2_homework_advanced_ws/install/fsd_common_msgs/lib/python3.12/site-packages/fsd_common_msgs/msg/_car_state.py\n'}
[20.950729] (fsd_common_msgs) StdoutLine: {'line': b'-- Installing: /home/c/Formax_wuren_shixi/ros2_learning-main/ros2_advanced/ros2_homework_advanced_ws/install/fsd_common_msgs/lib/python3.12/site-packages/fsd_common_msgs/msg/_yolo_cone_track.py\n'}
[20.950872] (fsd_common_msgs) StdoutLine: {'line': b'-- Installing: /home/c/Formax_wuren_shixi/ros2_learning-main/ros2_advanced/ros2_homework_advanced_ws/install/fsd_common_msgs/lib/python3.12/site-packages/fsd_common_msgs/msg/_as_state.py\n'}
[20.951039] (fsd_common_msgs) StdoutLine: {'line': b'-- Installing: /home/c/Formax_wuren_shixi/ros2_learning-main/ros2_advanced/ros2_homework_advanced_ws/install/fsd_common_msgs/lib/python3.12/site-packages/fsd_common_msgs/msg/_car_state_s.c\n'}
[20.951173] (fsd_common_msgs) StdoutLine: {'line': b'-- Installing: /home/c/Formax_wuren_shixi/ros2_learning-main/ros2_advanced/ros2_homework_advanced_ws/install/fsd_common_msgs/lib/python3.12/site-packages/fsd_common_msgs/msg/_mission_s.c\n'}
[20.951316] (fsd_common_msgs) StdoutLine: {'line': b'-- Installing: /home/c/Formax_wuren_shixi/ros2_learning-main/ros2_advanced/ros2_homework_advanced_ws/install/fsd_common_msgs/lib/python3.12/site-packages/fsd_common_msgs/msg/_res_and_ami_s.c\n'}
[20.951450] (fsd_common_msgs) StdoutLine: {'line': b'-- Installing: /home/c/Formax_wuren_shixi/ros2_learning-main/ros2_advanced/ros2_homework_advanced_ws/install/fsd_common_msgs/lib/python3.12/site-packages/fsd_common_msgs/msg/_driving_dynamics_s.c\n'}
[20.951608] (fsd_common_msgs) StdoutLine: {'line': b'-- Installing: /home/c/Formax_wuren_shixi/ros2_learning-main/ros2_advanced/ros2_homework_advanced_ws/install/fsd_common_msgs/lib/python3.12/site-packages/fsd_common_msgs/msg/_yolo_cone_detections_s.c\n'}
[20.951753] (fsd_common_msgs) StdoutLine: {'line': b'-- Installing: /home/c/Formax_wuren_shixi/ros2_learning-main/ros2_advanced/ros2_homework_advanced_ws/install/fsd_common_msgs/lib/python3.12/site-packages/fsd_common_msgs/msg/_time.py\n'}
[20.951920] (fsd_common_msgs) StdoutLine: {'line': b'-- Installing: /home/c/Formax_wuren_shixi/ros2_learning-main/ros2_advanced/ros2_homework_advanced_ws/install/fsd_common_msgs/lib/python3.12/site-packages/fsd_common_msgs/msg/_yolo_cone_detections_track.py\n'}
[20.952052] (fsd_common_msgs) StdoutLine: {'line': b'-- Installing: /home/c/Formax_wuren_shixi/ros2_learning-main/ros2_advanced/ros2_homework_advanced_ws/install/fsd_common_msgs/lib/python3.12/site-packages/fsd_common_msgs/msg/_remote_control_command_s.c\n'}
[20.952186] (fsd_common_msgs) StdoutLine: {'line': b'-- Installing: /home/c/Formax_wuren_shixi/ros2_learning-main/ros2_advanced/ros2_homework_advanced_ws/install/fsd_common_msgs/lib/python3.12/site-packages/fsd_common_msgs/msg/_decision_flag_s.c\n'}
[20.952327] (fsd_common_msgs) StdoutLine: {'line': b'-- Installing: /home/c/Formax_wuren_shixi/ros2_learning-main/ros2_advanced/ros2_homework_advanced_ws/install/fsd_common_msgs/lib/python3.12/site-packages/fsd_common_msgs/msg/_mission.py\n'}
[20.952464] (fsd_common_msgs) StdoutLine: {'line': b'-- Installing: /home/c/Formax_wuren_shixi/ros2_learning-main/ros2_advanced/ros2_homework_advanced_ws/install/fsd_common_msgs/lib/python3.12/site-packages/fsd_common_msgs/msg/_cone.py\n'}
[20.952610] (fsd_common_msgs) StdoutLine: {'line': b'-- Installing: /home/c/Formax_wuren_shixi/ros2_learning-main/ros2_advanced/ros2_homework_advanced_ws/install/fsd_common_msgs/lib/python3.12/site-packages/fsd_common_msgs/fsd_common_msgs_s__rosidl_typesupport_fastrtps_c.so\n'}
[20.952798] (fsd_common_msgs) StdoutLine: {'line': b'-- Installing: /home/c/Formax_wuren_shixi/ros2_learning-main/ros2_advanced/ros2_homework_advanced_ws/install/fsd_common_msgs/lib/python3.12/site-packages/fsd_common_msgs/__init__.py\n'}
[20.952918] (fsd_common_msgs) StdoutLine: {'line': b'-- Installing: /home/c/Formax_wuren_shixi/ros2_learning-main/ros2_advanced/ros2_homework_advanced_ws/install/fsd_common_msgs/lib/python3.12/site-packages/fsd_common_msgs/_fsd_common_msgs_s.ep.rosidl_typesupport_fastrtps_c.c\n'}
[20.953137] (fsd_common_msgs) StdoutLine: {'line': b'-- Installing: /home/c/Formax_wuren_shixi/ros2_learning-main/ros2_advanced/ros2_homework_advanced_ws/install/fsd_common_msgs/lib/python3.12/site-packages/fsd_common_msgs/fsd_common_msgs_s__rosidl_typesupport_introspection_c.so\n'}
[20.984941] (-) TimerEvent: {}
[21.049523] (fsd_common_msgs) StdoutLine: {'line': b"Listing '/home/c/Formax_wuren_shixi/ros2_learning-main/ros2_advanced/ros2_homework_advanced_ws/install/fsd_common_msgs/lib/python3.12/site-packages/fsd_common_msgs'...\n"}
[21.049796] (fsd_common_msgs) StdoutLine: {'line': b"Compiling '/home/c/Formax_wuren_shixi/ros2_learning-main/ros2_advanced/ros2_homework_advanced_ws/install/fsd_common_msgs/lib/python3.12/site-packages/fsd_common_msgs/__init__.py'...\n"}
[21.049888] (fsd_common_msgs) StdoutLine: {'line': b"Listing '/home/c/Formax_wuren_shixi/ros2_learning-main/ros2_advanced/ros2_homework_advanced_ws/install/fsd_common_msgs/lib/python3.12/site-packages/fsd_common_msgs/msg'...\n"}
[21.049989] (fsd_common_msgs) StdoutLine: {'line': b"Compiling '/home/c/Formax_wuren_shixi/ros2_learning-main/ros2_advanced/ros2_homework_advanced_ws/install/fsd_common_msgs/lib/python3.12/site-packages/fsd_common_msgs/msg/__init__.py'...\n"}
[21.050088] (fsd_common_msgs) StdoutLine: {'line': b"Compiling '/home/c/Formax_wuren_shixi/ros2_learning-main/ros2_advanced/ros2_homework_advanced_ws/install/fsd_common_msgs/lib/python3.12/site-packages/fsd_common_msgs/msg/_as_state.py'...\n"}
[21.050178] (fsd_common_msgs) StdoutLine: {'line': b"Compiling '/home/c/Formax_wuren_shixi/ros2_learning-main/ros2_advanced/ros2_homework_advanced_ws/install/fsd_common_msgs/lib/python3.12/site-packages/fsd_common_msgs/msg/_asensing_message.py'...\n"}
[21.050295] (fsd_common_msgs) StdoutLine: {'line': b"Compiling '/home/c/Formax_wuren_shixi/ros2_learning-main/ros2_advanced/ros2_homework_advanced_ws/install/fsd_common_msgs/lib/python3.12/site-packages/fsd_common_msgs/msg/_can_frames.py'...\n"}
[21.050371] (fsd_common_msgs) StdoutLine: {'line': b"Compiling '/home/c/Formax_wuren_shixi/ros2_learning-main/ros2_advanced/ros2_homework_advanced_ws/install/fsd_common_msgs/lib/python3.12/site-packages/fsd_common_msgs/msg/_car_state.py'...\n"}
[21.050444] (fsd_common_msgs) StdoutLine: {'line': b"Compiling '/home/c/Formax_wuren_shixi/ros2_learning-main/ros2_advanced/ros2_homework_advanced_ws/install/fsd_common_msgs/lib/python3.12/site-packages/fsd_common_msgs/msg/_car_state_dt.py'...\n"}
[21.050516] (fsd_common_msgs) StdoutLine: {'line': b"Compiling '/home/c/Formax_wuren_shixi/ros2_learning-main/ros2_advanced/ros2_homework_advanced_ws/install/fsd_common_msgs/lib/python3.12/site-packages/fsd_common_msgs/msg/_cone.py'...\n"}
[21.050586] (fsd_common_msgs) StdoutLine: {'line': b"Compiling '/home/c/Formax_wuren_shixi/ros2_learning-main/ros2_advanced/ros2_homework_advanced_ws/install/fsd_common_msgs/lib/python3.12/site-packages/fsd_common_msgs/msg/_cone_dbscan.py'...\n"}
[21.050675] (fsd_common_msgs) StdoutLine: {'line': b"Compiling '/home/c/Formax_wuren_shixi/ros2_learning-main/ros2_advanced/ros2_homework_advanced_ws/install/fsd_common_msgs/lib/python3.12/site-packages/fsd_common_msgs/msg/_cone_detections.py'...\n"}
[21.050747] (fsd_common_msgs) StdoutLine: {'line': b"Compiling '/home/c/Formax_wuren_shixi/ros2_learning-main/ros2_advanced/ros2_homework_advanced_ws/install/fsd_common_msgs/lib/python3.12/site-packages/fsd_common_msgs/msg/_cone_detections_dbscan.py'...\n"}
[21.050820] (fsd_common_msgs) StdoutLine: {'line': b"Compiling '/home/c/Formax_wuren_shixi/ros2_learning-main/ros2_advanced/ros2_homework_advanced_ws/install/fsd_common_msgs/lib/python3.12/site-packages/fsd_common_msgs/msg/_control_command.py'...\n"}
[21.050898] (fsd_common_msgs) StdoutLine: {'line': b"Compiling '/home/c/Formax_wuren_shixi/ros2_learning-main/ros2_advanced/ros2_homework_advanced_ws/install/fsd_common_msgs/lib/python3.12/site-packages/fsd_common_msgs/msg/_decision_flag.py'...\n"}
[21.050961] (fsd_common_msgs) StdoutLine: {'line': b"Compiling '/home/c/Formax_wuren_shixi/ros2_learning-main/ros2_advanced/ros2_homework_advanced_ws/install/fsd_common_msgs/lib/python3.12/site-packages/fsd_common_msgs/msg/_driving_dynamics.py'...\n"}
[21.051016] (fsd_common_msgs) StdoutLine: {'line': b"Compiling '/home/c/Formax_wuren_shixi/ros2_learning-main/ros2_advanced/ros2_homework_advanced_ws/install/fsd_common_msgs/lib/python3.12/site-packages/fsd_common_msgs/msg/_echiev_message.py'...\n"}
[21.051072] (fsd_common_msgs) StdoutLine: {'line': b"Compiling '/home/c/Formax_wuren_shixi/ros2_learning-main/ros2_advanced/ros2_homework_advanced_ws/install/fsd_common_msgs/lib/python3.12/site-packages/fsd_common_msgs/msg/_feedback.py'...\n"}
[21.051131] (fsd_common_msgs) StdoutLine: {'line': b"Compiling '/home/c/Formax_wuren_shixi/ros2_learning-main/ros2_advanced/ros2_homework_advanced_ws/install/fsd_common_msgs/lib/python3.12/site-packages/fsd_common_msgs/msg/_ins_delta.py'...\n"}
[21.051188] (fsd_common_msgs) StdoutLine: {'line': b"Compiling '/home/c/Formax_wuren_shixi/ros2_learning-main/ros2_advanced/ros2_homework_advanced_ws/install/fsd_common_msgs/lib/python3.12/site-packages/fsd_common_msgs/msg/_map.py'...\n"}
[21.051241] (fsd_common_msgs) StdoutLine: {'line': b"Compiling '/home/c/Formax_wuren_shixi/ros2_learning-main/ros2_advanced/ros2_homework_advanced_ws/install/fsd_common_msgs/lib/python3.12/site-packages/fsd_common_msgs/msg/_mission.py'...\n"}
[21.051310] (fsd_common_msgs) StdoutLine: {'line': b"Compiling '/home/c/Formax_wuren_shixi/ros2_learning-main/ros2_advanced/ros2_homework_advanced_ws/install/fsd_common_msgs/lib/python3.12/site-packages/fsd_common_msgs/msg/_remote_control_command.py'...\n"}
[21.051367] (fsd_common_msgs) StdoutLine: {'line': b"Compiling '/home/c/Formax_wuren_shixi/ros2_learning-main/ros2_advanced/ros2_homework_advanced_ws/install/fsd_common_msgs/lib/python3.12/site-packages/fsd_common_msgs/msg/_res_and_ami.py'...\n"}
[21.051427] (fsd_common_msgs) StdoutLine: {'line': b"Compiling '/home/c/Formax_wuren_shixi/ros2_learning-main/ros2_advanced/ros2_homework_advanced_ws/install/fsd_common_msgs/lib/python3.12/site-packages/fsd_common_msgs/msg/_skidpad_global_center_line.py'...\n"}
[21.051480] (fsd_common_msgs) StdoutLine: {'line': b"Compiling '/home/c/Formax_wuren_shixi/ros2_learning-main/ros2_advanced/ros2_homework_advanced_ws/install/fsd_common_msgs/lib/python3.12/site-packages/fsd_common_msgs/msg/_time.py'...\n"}
[21.051533] (fsd_common_msgs) StdoutLine: {'line': b"Compiling '/home/c/Formax_wuren_shixi/ros2_learning-main/ros2_advanced/ros2_homework_advanced_ws/install/fsd_common_msgs/lib/python3.12/site-packages/fsd_common_msgs/msg/_track.py'...\n"}
[21.051584] (fsd_common_msgs) StdoutLine: {'line': b"Compiling '/home/c/Formax_wuren_shixi/ros2_learning-main/ros2_advanced/ros2_homework_advanced_ws/install/fsd_common_msgs/lib/python3.12/site-packages/fsd_common_msgs/msg/_trajectory_point.py'...\n"}
[21.051635] (fsd_common_msgs) StdoutLine: {'line': b"Compiling '/home/c/Formax_wuren_shixi/ros2_learning-main/ros2_advanced/ros2_homework_advanced_ws/install/fsd_common_msgs/lib/python3.12/site-packages/fsd_common_msgs/msg/_visualization.py'...\n"}
[21.051686] (fsd_common_msgs) StdoutLine: {'line': b"Compiling '/home/c/Formax_wuren_shixi/ros2_learning-main/ros2_advanced/ros2_homework_advanced_ws/install/fsd_common_msgs/lib/python3.12/site-packages/fsd_common_msgs/msg/_yolo_cone.py'...\n"}
[21.051737] (fsd_common_msgs) StdoutLine: {'line': b"Compiling '/home/c/Formax_wuren_shixi/ros2_learning-main/ros2_advanced/ros2_homework_advanced_ws/install/fsd_common_msgs/lib/python3.12/site-packages/fsd_common_msgs/msg/_yolo_cone_detections.py'...\n"}
[21.051790] (fsd_common_msgs) StdoutLine: {'line': b"Compiling '/home/c/Formax_wuren_shixi/ros2_learning-main/ros2_advanced/ros2_homework_advanced_ws/install/fsd_common_msgs/lib/python3.12/site-packages/fsd_common_msgs/msg/_yolo_cone_detections_track.py'...\n"}
[21.051843] (fsd_common_msgs) StdoutLine: {'line': b"Compiling '/home/c/Formax_wuren_shixi/ros2_learning-main/ros2_advanced/ros2_homework_advanced_ws/install/fsd_common_msgs/lib/python3.12/site-packages/fsd_common_msgs/msg/_yolo_cone_track.py'...\n"}
[21.056753] (fsd_common_msgs) StdoutLine: {'line': b'-- Installing: /home/c/Formax_wuren_shixi/ros2_learning-main/ros2_advanced/ros2_homework_advanced_ws/install/fsd_common_msgs/lib/python3.12/site-packages/fsd_common_msgs/fsd_common_msgs_s__rosidl_typesupport_fastrtps_c.so\n'}
[21.057840] (fsd_common_msgs) StdoutLine: {'line': b'-- Set non-toolchain portion of runtime path of "/home/c/Formax_wuren_shixi/ros2_learning-main/ros2_advanced/ros2_homework_advanced_ws/install/fsd_common_msgs/lib/python3.12/site-packages/fsd_common_msgs/fsd_common_msgs_s__rosidl_typesupport_fastrtps_c.so" to ""\n'}
[21.058076] (fsd_common_msgs) StdoutLine: {'line': b'-- Installing: /home/c/Formax_wuren_shixi/ros2_learning-main/ros2_advanced/ros2_homework_advanced_ws/install/fsd_common_msgs/lib/python3.12/site-packages/fsd_common_msgs/fsd_common_msgs_s__rosidl_typesupport_introspection_c.so\n'}
[21.058620] (fsd_common_msgs) StdoutLine: {'line': b'-- Set non-toolchain portion of runtime path of "/home/c/Formax_wuren_shixi/ros2_learning-main/ros2_advanced/ros2_homework_advanced_ws/install/fsd_common_msgs/lib/python3.12/site-packages/fsd_common_msgs/fsd_common_msgs_s__rosidl_typesupport_introspection_c.so" to ""\n'}
[21.058962] (fsd_common_msgs) StdoutLine: {'line': b'-- Installing: /home/c/Formax_wuren_shixi/ros2_learning-main/ros2_advanced/ros2_homework_advanced_ws/install/fsd_common_msgs/lib/python3.12/site-packages/fsd_common_msgs/fsd_common_msgs_s__rosidl_typesupport_c.so\n'}
[21.059912] (fsd_common_msgs) StdoutLine: {'line': b'-- Set non-toolchain portion of runtime path of "/home/c/Formax_wuren_shixi/ros2_learning-main/ros2_advanced/ros2_homework_advanced_ws/install/fsd_common_msgs/lib/python3.12/site-packages/fsd_common_msgs/fsd_common_msgs_s__rosidl_typesupport_c.so" to ""\n'}
[21.060169] (fsd_common_msgs) StdoutLine: {'line': b'-- Installing: /home/c/Formax_wuren_shixi/ros2_learning-main/ros2_advanced/ros2_homework_advanced_ws/install/fsd_common_msgs/lib/libfsd_common_msgs__rosidl_generator_py.so\n'}
[21.060908] (fsd_common_msgs) StdoutLine: {'line': b'-- Set non-toolchain portion of runtime path of "/home/c/Formax_wuren_shixi/ros2_learning-main/ros2_advanced/ros2_homework_advanced_ws/install/fsd_common_msgs/lib/libfsd_common_msgs__rosidl_generator_py.so" to ""\n'}
[21.061022] (fsd_common_msgs) StdoutLine: {'line': b'-- Installing: /home/c/Formax_wuren_shixi/ros2_learning-main/ros2_advanced/ros2_homework_advanced_ws/install/fsd_common_msgs/share/ament_index/resource_index/rust_packages/fsd_common_msgs\n'}
[21.061148] (fsd_common_msgs) StdoutLine: {'line': b'-- Installing: /home/c/Formax_wuren_shixi/ros2_learning-main/ros2_advanced/ros2_homework_advanced_ws/install/fsd_common_msgs/share/fsd_common_msgs/rust\n'}
[21.061223] (fsd_common_msgs) StdoutLine: {'line': b'-- Installing: /home/c/Formax_wuren_shixi/ros2_learning-main/ros2_advanced/ros2_homework_advanced_ws/install/fsd_common_msgs/share/fsd_common_msgs/rust/Cargo.toml\n'}
[21.061398] (fsd_common_msgs) StdoutLine: {'line': b'-- Installing: /home/c/Formax_wuren_shixi/ros2_learning-main/ros2_advanced/ros2_homework_advanced_ws/install/fsd_common_msgs/share/fsd_common_msgs/rust/build.rs\n'}
[21.061505] (fsd_common_msgs) StdoutLine: {'line': b'-- Installing: /home/c/Formax_wuren_shixi/ros2_learning-main/ros2_advanced/ros2_homework_advanced_ws/install/fsd_common_msgs/share/fsd_common_msgs/rust/src\n'}
[21.061579] (fsd_common_msgs) StdoutLine: {'line': b'-- Installing: /home/c/Formax_wuren_shixi/ros2_learning-main/ros2_advanced/ros2_homework_advanced_ws/install/fsd_common_msgs/share/fsd_common_msgs/rust/src/msg\n'}
[21.061656] (fsd_common_msgs) StdoutLine: {'line': b'-- Installing: /home/c/Formax_wuren_shixi/ros2_learning-main/ros2_advanced/ros2_homework_advanced_ws/install/fsd_common_msgs/share/fsd_common_msgs/rust/src/msg/rmw.rs\n'}
[21.061813] (fsd_common_msgs) StdoutLine: {'line': b'-- Installing: /home/c/Formax_wuren_shixi/ros2_learning-main/ros2_advanced/ros2_homework_advanced_ws/install/fsd_common_msgs/share/fsd_common_msgs/rust/src/lib.rs\n'}
[21.061917] (fsd_common_msgs) StdoutLine: {'line': b'-- Installing: /home/c/Formax_wuren_shixi/ros2_learning-main/ros2_advanced/ros2_homework_advanced_ws/install/fsd_common_msgs/share/fsd_common_msgs/rust/src/msg.rs\n'}
[21.062193] (fsd_common_msgs) StdoutLine: {'line': b'-- Installing: /home/c/Formax_wuren_shixi/ros2_learning-main/ros2_advanced/ros2_homework_advanced_ws/install/fsd_common_msgs/share/fsd_common_msgs/msg/AsState.idl\n'}
[21.062437] (fsd_common_msgs) StdoutLine: {'line': b'-- Installing: /home/c/Formax_wuren_shixi/ros2_learning-main/ros2_advanced/ros2_homework_advanced_ws/install/fsd_common_msgs/share/fsd_common_msgs/msg/AsensingMessage.idl\n'}
[21.062637] (fsd_common_msgs) StdoutLine: {'line': b'-- Installing: /home/c/Formax_wuren_shixi/ros2_learning-main/ros2_advanced/ros2_homework_advanced_ws/install/fsd_common_msgs/share/fsd_common_msgs/msg/CanFrames.idl\n'}
[21.062833] (fsd_common_msgs) StdoutLine: {'line': b'-- Installing: /home/c/Formax_wuren_shixi/ros2_learning-main/ros2_advanced/ros2_homework_advanced_ws/install/fsd_common_msgs/share/fsd_common_msgs/msg/CarState.idl\n'}
[21.063019] (fsd_common_msgs) StdoutLine: {'line': b'-- Installing: /home/c/Formax_wuren_shixi/ros2_learning-main/ros2_advanced/ros2_homework_advanced_ws/install/fsd_common_msgs/share/fsd_common_msgs/msg/CarStateDt.idl\n'}
[21.063245] (fsd_common_msgs) StdoutLine: {'line': b'-- Installing: /home/c/Formax_wuren_shixi/ros2_learning-main/ros2_advanced/ros2_homework_advanced_ws/install/fsd_common_msgs/share/fsd_common_msgs/msg/Cone.idl\n'}
[21.063450] (fsd_common_msgs) StdoutLine: {'line': b'-- Installing: /home/c/Formax_wuren_shixi/ros2_learning-main/ros2_advanced/ros2_homework_advanced_ws/install/fsd_common_msgs/share/fsd_common_msgs/msg/ConeDbscan.idl\n'}
[21.063620] (fsd_common_msgs) StdoutLine: {'line': b'-- Installing: /home/c/Formax_wuren_shixi/ros2_learning-main/ros2_advanced/ros2_homework_advanced_ws/install/fsd_common_msgs/share/fsd_common_msgs/msg/ConeDetections.idl\n'}
[21.063792] (fsd_common_msgs) StdoutLine: {'line': b'-- Installing: /home/c/Formax_wuren_shixi/ros2_learning-main/ros2_advanced/ros2_homework_advanced_ws/install/fsd_common_msgs/share/fsd_common_msgs/msg/ConeDetectionsDbscan.idl\n'}
[21.064039] (fsd_common_msgs) StdoutLine: {'line': b'-- Installing: /home/c/Formax_wuren_shixi/ros2_learning-main/ros2_advanced/ros2_homework_advanced_ws/install/fsd_common_msgs/share/fsd_common_msgs/msg/ControlCommand.idl\n'}
[21.064268] (fsd_common_msgs) StdoutLine: {'line': b'-- Installing: /home/c/Formax_wuren_shixi/ros2_learning-main/ros2_advanced/ros2_homework_advanced_ws/install/fsd_common_msgs/share/fsd_common_msgs/msg/DecisionFlag.idl\n'}
[21.064413] (fsd_common_msgs) StdoutLine: {'line': b'-- Installing: /home/c/Formax_wuren_shixi/ros2_learning-main/ros2_advanced/ros2_homework_advanced_ws/install/fsd_common_msgs/share/fsd_common_msgs/msg/DrivingDynamics.idl\n'}
[21.064625] (fsd_common_msgs) StdoutLine: {'line': b'-- Installing: /home/c/Formax_wuren_shixi/ros2_learning-main/ros2_advanced/ros2_homework_advanced_ws/install/fsd_common_msgs/share/fsd_common_msgs/msg/EchievMessage.idl\n'}
[21.064850] (fsd_common_msgs) StdoutLine: {'line': b'-- Installing: /home/c/Formax_wuren_shixi/ros2_learning-main/ros2_advanced/ros2_homework_advanced_ws/install/fsd_common_msgs/share/fsd_common_msgs/msg/Feedback.idl\n'}
[21.065032] (fsd_common_msgs) StdoutLine: {'line': b'-- Installing: /home/c/Formax_wuren_shixi/ros2_learning-main/ros2_advanced/ros2_homework_advanced_ws/install/fsd_common_msgs/share/fsd_common_msgs/msg/InsDelta.idl\n'}
[21.065202] (fsd_common_msgs) StdoutLine: {'line': b'-- Installing: /home/c/Formax_wuren_shixi/ros2_learning-main/ros2_advanced/ros2_homework_advanced_ws/install/fsd_common_msgs/share/fsd_common_msgs/msg/Map.idl\n'}
[21.065396] (fsd_common_msgs) StdoutLine: {'line': b'-- Installing: /home/c/Formax_wuren_shixi/ros2_learning-main/ros2_advanced/ros2_homework_advanced_ws/install/fsd_common_msgs/share/fsd_common_msgs/msg/Mission.idl\n'}
[21.065609] (fsd_common_msgs) StdoutLine: {'line': b'-- Installing: /home/c/Formax_wuren_shixi/ros2_learning-main/ros2_advanced/ros2_homework_advanced_ws/install/fsd_common_msgs/share/fsd_common_msgs/msg/RemoteControlCommand.idl\n'}
[21.065789] (fsd_common_msgs) StdoutLine: {'line': b'-- Installing: /home/c/Formax_wuren_shixi/ros2_learning-main/ros2_advanced/ros2_homework_advanced_ws/install/fsd_common_msgs/share/fsd_common_msgs/msg/ResAndAmi.idl\n'}
[21.065963] (fsd_common_msgs) StdoutLine: {'line': b'-- Installing: /home/c/Formax_wuren_shixi/ros2_learning-main/ros2_advanced/ros2_homework_advanced_ws/install/fsd_common_msgs/share/fsd_common_msgs/msg/SkidpadGlobalCenterLine.idl\n'}
[21.066150] (fsd_common_msgs) StdoutLine: {'line': b'-- Installing: /home/c/Formax_wuren_shixi/ros2_learning-main/ros2_advanced/ros2_homework_advanced_ws/install/fsd_common_msgs/share/fsd_common_msgs/msg/Time.idl\n'}
[21.066399] (fsd_common_msgs) StdoutLine: {'line': b'-- Installing: /home/c/Formax_wuren_shixi/ros2_learning-main/ros2_advanced/ros2_homework_advanced_ws/install/fsd_common_msgs/share/fsd_common_msgs/msg/Track.idl\n'}
[21.066615] (fsd_common_msgs) StdoutLine: {'line': b'-- Installing: /home/c/Formax_wuren_shixi/ros2_learning-main/ros2_advanced/ros2_homework_advanced_ws/install/fsd_common_msgs/share/fsd_common_msgs/msg/TrajectoryPoint.idl\n'}
[21.066752] (fsd_common_msgs) StdoutLine: {'line': b'-- Installing: /home/c/Formax_wuren_shixi/ros2_learning-main/ros2_advanced/ros2_homework_advanced_ws/install/fsd_common_msgs/share/fsd_common_msgs/msg/Visualization.idl\n'}
[21.066982] (fsd_common_msgs) StdoutLine: {'line': b'-- Installing: /home/c/Formax_wuren_shixi/ros2_learning-main/ros2_advanced/ros2_homework_advanced_ws/install/fsd_common_msgs/share/fsd_common_msgs/msg/YoloCone.idl\n'}
[21.067188] (fsd_common_msgs) StdoutLine: {'line': b'-- Installing: /home/c/Formax_wuren_shixi/ros2_learning-main/ros2_advanced/ros2_homework_advanced_ws/install/fsd_common_msgs/share/fsd_common_msgs/msg/YoloConeDetections.idl\n'}
[21.067378] (fsd_common_msgs) StdoutLine: {'line': b'-- Installing: /home/c/Formax_wuren_shixi/ros2_learning-main/ros2_advanced/ros2_homework_advanced_ws/install/fsd_common_msgs/share/fsd_common_msgs/msg/YoloConeDetectionsTrack.idl\n'}
[21.067557] (fsd_common_msgs) StdoutLine: {'line': b'-- Installing: /home/c/Formax_wuren_shixi/ros2_learning-main/ros2_advanced/ros2_homework_advanced_ws/install/fsd_common_msgs/share/fsd_common_msgs/msg/YoloConeTrack.idl\n'}
[21.067733] (fsd_common_msgs) StdoutLine: {'line': b'-- Installing: /home/c/Formax_wuren_shixi/ros2_learning-main/ros2_advanced/ros2_homework_advanced_ws/install/fsd_common_msgs/share/fsd_common_msgs/msg/AsState.msg\n'}
[21.067961] (fsd_common_msgs) StdoutLine: {'line': b'-- Installing: /home/c/Formax_wuren_shixi/ros2_learning-main/ros2_advanced/ros2_homework_advanced_ws/install/fsd_common_msgs/share/fsd_common_msgs/msg/AsensingMessage.msg\n'}
[21.068178] (fsd_common_msgs) StdoutLine: {'line': b'-- Installing: /home/c/Formax_wuren_shixi/ros2_learning-main/ros2_advanced/ros2_homework_advanced_ws/install/fsd_common_msgs/share/fsd_common_msgs/msg/CanFrames.msg\n'}
[21.068368] (fsd_common_msgs) StdoutLine: {'line': b'-- Installing: /home/c/Formax_wuren_shixi/ros2_learning-main/ros2_advanced/ros2_homework_advanced_ws/install/fsd_common_msgs/share/fsd_common_msgs/msg/CarState.msg\n'}
[21.068546] (fsd_common_msgs) StdoutLine: {'line': b'-- Installing: /home/c/Formax_wuren_shixi/ros2_learning-main/ros2_advanced/ros2_homework_advanced_ws/install/fsd_common_msgs/share/fsd_common_msgs/msg/CarStateDt.msg\n'}
[21.068794] (fsd_common_msgs) StdoutLine: {'line': b'-- Installing: /home/c/Formax_wuren_shixi/ros2_learning-main/ros2_advanced/ros2_homework_advanced_ws/install/fsd_common_msgs/share/fsd_common_msgs/msg/Cone.msg\n'}
[21.069029] (fsd_common_msgs) StdoutLine: {'line': b'-- Installing: /home/c/Formax_wuren_shixi/ros2_learning-main/ros2_advanced/ros2_homework_advanced_ws/install/fsd_common_msgs/share/fsd_common_msgs/msg/ConeDbscan.msg\n'}
[21.069191] (fsd_common_msgs) StdoutLine: {'line': b'-- Installing: /home/c/Formax_wuren_shixi/ros2_learning-main/ros2_advanced/ros2_homework_advanced_ws/install/fsd_common_msgs/share/fsd_common_msgs/msg/ConeDetections.msg\n'}
[21.069415] (fsd_common_msgs) StdoutLine: {'line': b'-- Installing: /home/c/Formax_wuren_shixi/ros2_learning-main/ros2_advanced/ros2_homework_advanced_ws/install/fsd_common_msgs/share/fsd_common_msgs/msg/ConeDetectionsDbscan.msg\n'}
[21.069638] (fsd_common_msgs) StdoutLine: {'line': b'-- Installing: /home/c/Formax_wuren_shixi/ros2_learning-main/ros2_advanced/ros2_homework_advanced_ws/install/fsd_common_msgs/share/fsd_common_msgs/msg/ControlCommand.msg\n'}
[21.069823] (fsd_common_msgs) StdoutLine: {'line': b'-- Installing: /home/c/Formax_wuren_shixi/ros2_learning-main/ros2_advanced/ros2_homework_advanced_ws/install/fsd_common_msgs/share/fsd_common_msgs/msg/DecisionFlag.msg\n'}
[21.070001] (fsd_common_msgs) StdoutLine: {'line': b'-- Installing: /home/c/Formax_wuren_shixi/ros2_learning-main/ros2_advanced/ros2_homework_advanced_ws/install/fsd_common_msgs/share/fsd_common_msgs/msg/DrivingDynamics.msg\n'}
[21.070178] (fsd_common_msgs) StdoutLine: {'line': b'-- Installing: /home/c/Formax_wuren_shixi/ros2_learning-main/ros2_advanced/ros2_homework_advanced_ws/install/fsd_common_msgs/share/fsd_common_msgs/msg/EchievMessage.msg\n'}
[21.070415] (fsd_common_msgs) StdoutLine: {'line': b'-- Installing: /home/c/Formax_wuren_shixi/ros2_learning-main/ros2_advanced/ros2_homework_advanced_ws/install/fsd_common_msgs/share/fsd_common_msgs/msg/Feedback.msg\n'}
[21.070603] (fsd_common_msgs) StdoutLine: {'line': b'-- Installing: /home/c/Formax_wuren_shixi/ros2_learning-main/ros2_advanced/ros2_homework_advanced_ws/install/fsd_common_msgs/share/fsd_common_msgs/msg/InsDelta.msg\n'}
[21.070781] (fsd_common_msgs) StdoutLine: {'line': b'-- Installing: /home/c/Formax_wuren_shixi/ros2_learning-main/ros2_advanced/ros2_homework_advanced_ws/install/fsd_common_msgs/share/fsd_common_msgs/msg/Map.msg\n'}
[21.070965] (fsd_common_msgs) StdoutLine: {'line': b'-- Installing: /home/c/Formax_wuren_shixi/ros2_learning-main/ros2_advanced/ros2_homework_advanced_ws/install/fsd_common_msgs/share/fsd_common_msgs/msg/Mission.msg\n'}
[21.071201] (fsd_common_msgs) StdoutLine: {'line': b'-- Installing: /home/c/Formax_wuren_shixi/ros2_learning-main/ros2_advanced/ros2_homework_advanced_ws/install/fsd_common_msgs/share/fsd_common_msgs/msg/RemoteControlCommand.msg\n'}
[21.071404] (fsd_common_msgs) StdoutLine: {'line': b'-- Installing: /home/c/Formax_wuren_shixi/ros2_learning-main/ros2_advanced/ros2_homework_advanced_ws/install/fsd_common_msgs/share/fsd_common_msgs/msg/ResAndAmi.msg\n'}
[21.071586] (fsd_common_msgs) StdoutLine: {'line': b'-- Installing: /home/c/Formax_wuren_shixi/ros2_learning-main/ros2_advanced/ros2_homework_advanced_ws/install/fsd_common_msgs/share/fsd_common_msgs/msg/SkidpadGlobalCenterLine.msg\n'}
[21.071765] (fsd_common_msgs) StdoutLine: {'line': b'-- Installing: /home/c/Formax_wuren_shixi/ros2_learning-main/ros2_advanced/ros2_homework_advanced_ws/install/fsd_common_msgs/share/fsd_common_msgs/msg/Time.msg\n'}
[21.072013] (fsd_common_msgs) StdoutLine: {'line': b'-- Installing: /home/c/Formax_wuren_shixi/ros2_learning-main/ros2_advanced/ros2_homework_advanced_ws/install/fsd_common_msgs/share/fsd_common_msgs/msg/Track.msg\n'}
[21.072239] (fsd_common_msgs) StdoutLine: {'line': b'-- Installing: /home/c/Formax_wuren_shixi/ros2_learning-main/ros2_advanced/ros2_homework_advanced_ws/install/fsd_common_msgs/share/fsd_common_msgs/msg/TrajectoryPoint.msg\n'}
[21.072394] (fsd_common_msgs) StdoutLine: {'line': b'-- Installing: /home/c/Formax_wuren_shixi/ros2_learning-main/ros2_advanced/ros2_homework_advanced_ws/install/fsd_common_msgs/share/fsd_common_msgs/msg/Visualization.msg\n'}
[21.072626] (fsd_common_msgs) StdoutLine: {'line': b'-- Installing: /home/c/Formax_wuren_shixi/ros2_learning-main/ros2_advanced/ros2_homework_advanced_ws/install/fsd_common_msgs/share/fsd_common_msgs/msg/YoloCone.msg\n'}
[21.072848] (fsd_common_msgs) StdoutLine: {'line': b'-- Installing: /home/c/Formax_wuren_shixi/ros2_learning-main/ros2_advanced/ros2_homework_advanced_ws/install/fsd_common_msgs/share/fsd_common_msgs/msg/YoloConeDetections.msg\n'}
[21.073038] (fsd_common_msgs) StdoutLine: {'line': b'-- Installing: /home/c/Formax_wuren_shixi/ros2_learning-main/ros2_advanced/ros2_homework_advanced_ws/install/fsd_common_msgs/share/fsd_common_msgs/msg/YoloConeDetectionsTrack.msg\n'}
[21.073231] (fsd_common_msgs) StdoutLine: {'line': b'-- Installing: /home/c/Formax_wuren_shixi/ros2_learning-main/ros2_advanced/ros2_homework_advanced_ws/install/fsd_common_msgs/share/fsd_common_msgs/msg/YoloConeTrack.msg\n'}
[21.073506] (fsd_common_msgs) StdoutLine: {'line': b'-- Installing: /home/c/Formax_wuren_shixi/ros2_learning-main/ros2_advanced/ros2_homework_advanced_ws/install/fsd_common_msgs/share/ament_index/resource_index/package_run_dependencies/fsd_common_msgs\n'}
[21.073811] (fsd_common_msgs) StdoutLine: {'line': b'-- Installing: /home/c/Formax_wuren_shixi/ros2_learning-main/ros2_advanced/ros2_homework_advanced_ws/install/fsd_common_msgs/share/ament_index/resource_index/parent_prefix_path/fsd_common_msgs\n'}
[21.074015] (fsd_common_msgs) StdoutLine: {'line': b'-- Installing: /home/c/Formax_wuren_shixi/ros2_learning-main/ros2_advanced/ros2_homework_advanced_ws/install/fsd_common_msgs/share/fsd_common_msgs/environment/ament_prefix_path.sh\n'}
[21.074234] (fsd_common_msgs) StdoutLine: {'line': b'-- Installing: /home/c/Formax_wuren_shixi/ros2_learning-main/ros2_advanced/ros2_homework_advanced_ws/install/fsd_common_msgs/share/fsd_common_msgs/environment/ament_prefix_path.dsv\n'}
[21.074430] (fsd_common_msgs) StdoutLine: {'line': b'-- Installing: /home/c/Formax_wuren_shixi/ros2_learning-main/ros2_advanced/ros2_homework_advanced_ws/install/fsd_common_msgs/share/fsd_common_msgs/environment/path.sh\n'}
[21.074675] (fsd_common_msgs) StdoutLine: {'line': b'-- Installing: /home/c/Formax_wuren_shixi/ros2_learning-main/ros2_advanced/ros2_homework_advanced_ws/install/fsd_common_msgs/share/fsd_common_msgs/environment/path.dsv\n'}
[21.074899] (fsd_common_msgs) StdoutLine: {'line': b'-- Installing: /home/c/Formax_wuren_shixi/ros2_learning-main/ros2_advanced/ros2_homework_advanced_ws/install/fsd_common_msgs/share/fsd_common_msgs/local_setup.bash\n'}
[21.075034] (fsd_common_msgs) StdoutLine: {'line': b'-- Installing: /home/c/Formax_wuren_shixi/ros2_learning-main/ros2_advanced/ros2_homework_advanced_ws/install/fsd_common_msgs/share/fsd_common_msgs/local_setup.sh\n'}
[21.075265] (fsd_common_msgs) StdoutLine: {'line': b'-- Installing: /home/c/Formax_wuren_shixi/ros2_learning-main/ros2_advanced/ros2_homework_advanced_ws/install/fsd_common_msgs/share/fsd_common_msgs/local_setup.zsh\n'}
[21.075507] (fsd_common_msgs) StdoutLine: {'line': b'-- Installing: /home/c/Formax_wuren_shixi/ros2_learning-main/ros2_advanced/ros2_homework_advanced_ws/install/fsd_common_msgs/share/fsd_common_msgs/local_setup.dsv\n'}
[21.075707] (fsd_common_msgs) StdoutLine: {'line': b'-- Installing: /home/c/Formax_wuren_shixi/ros2_learning-main/ros2_advanced/ros2_homework_advanced_ws/install/fsd_common_msgs/share/fsd_common_msgs/package.dsv\n'}
[21.075932] (fsd_common_msgs) StdoutLine: {'line': b'-- Installing: /home/c/Formax_wuren_shixi/ros2_learning-main/ros2_advanced/ros2_homework_advanced_ws/install/fsd_common_msgs/share/ament_index/resource_index/packages/fsd_common_msgs\n'}
[21.076177] (fsd_common_msgs) StdoutLine: {'line': b'-- Installing: /home/c/Formax_wuren_shixi/ros2_learning-main/ros2_advanced/ros2_homework_advanced_ws/install/fsd_common_msgs/share/fsd_common_msgs/cmake/export_fsd_common_msgs__rosidl_generator_cExport.cmake\n'}
[21.076426] (fsd_common_msgs) StdoutLine: {'line': b'-- Installing: /home/c/Formax_wuren_shixi/ros2_learning-main/ros2_advanced/ros2_homework_advanced_ws/install/fsd_common_msgs/share/fsd_common_msgs/cmake/export_fsd_common_msgs__rosidl_generator_cExport-noconfig.cmake\n'}
[21.076617] (fsd_common_msgs) StdoutLine: {'line': b'-- Installing: /home/c/Formax_wuren_shixi/ros2_learning-main/ros2_advanced/ros2_homework_advanced_ws/install/fsd_common_msgs/share/fsd_common_msgs/cmake/export_fsd_common_msgs__rosidl_typesupport_fastrtps_cExport.cmake\n'}
[21.076798] (fsd_common_msgs) StdoutLine: {'line': b'-- Installing: /home/c/Formax_wuren_shixi/ros2_learning-main/ros2_advanced/ros2_homework_advanced_ws/install/fsd_common_msgs/share/fsd_common_msgs/cmake/export_fsd_common_msgs__rosidl_typesupport_fastrtps_cExport-noconfig.cmake\n'}
[21.076977] (fsd_common_msgs) StdoutLine: {'line': b'-- Installing: /home/c/Formax_wuren_shixi/ros2_learning-main/ros2_advanced/ros2_homework_advanced_ws/install/fsd_common_msgs/share/fsd_common_msgs/cmake/fsd_common_msgs__rosidl_typesupport_introspection_cExport.cmake\n'}
[21.077238] (fsd_common_msgs) StdoutLine: {'line': b'-- Installing: /home/c/Formax_wuren_shixi/ros2_learning-main/ros2_advanced/ros2_homework_advanced_ws/install/fsd_common_msgs/share/fsd_common_msgs/cmake/fsd_common_msgs__rosidl_typesupport_introspection_cExport-noconfig.cmake\n'}
[21.077492] (fsd_common_msgs) StdoutLine: {'line': b'-- Installing: /home/c/Formax_wuren_shixi/ros2_learning-main/ros2_advanced/ros2_homework_advanced_ws/install/fsd_common_msgs/share/fsd_common_msgs/cmake/fsd_common_msgs__rosidl_typesupport_cExport.cmake\n'}
[21.077629] (fsd_common_msgs) StdoutLine: {'line': b'-- Installing: /home/c/Formax_wuren_shixi/ros2_learning-main/ros2_advanced/ros2_homework_advanced_ws/install/fsd_common_msgs/share/fsd_common_msgs/cmake/fsd_common_msgs__rosidl_typesupport_cExport-noconfig.cmake\n'}
[21.077854] (fsd_common_msgs) StdoutLine: {'line': b'-- Installing: /home/c/Formax_wuren_shixi/ros2_learning-main/ros2_advanced/ros2_homework_advanced_ws/install/fsd_common_msgs/share/fsd_common_msgs/cmake/export_fsd_common_msgs__rosidl_generator_cppExport.cmake\n'}
[21.078105] (fsd_common_msgs) StdoutLine: {'line': b'-- Installing: /home/c/Formax_wuren_shixi/ros2_learning-main/ros2_advanced/ros2_homework_advanced_ws/install/fsd_common_msgs/share/fsd_common_msgs/cmake/export_fsd_common_msgs__rosidl_typesupport_fastrtps_cppExport.cmake\n'}
[21.078323] (fsd_common_msgs) StdoutLine: {'line': b'-- Installing: /home/c/Formax_wuren_shixi/ros2_learning-main/ros2_advanced/ros2_homework_advanced_ws/install/fsd_common_msgs/share/fsd_common_msgs/cmake/export_fsd_common_msgs__rosidl_typesupport_fastrtps_cppExport-noconfig.cmake\n'}
[21.078535] (fsd_common_msgs) StdoutLine: {'line': b'-- Installing: /home/c/Formax_wuren_shixi/ros2_learning-main/ros2_advanced/ros2_homework_advanced_ws/install/fsd_common_msgs/share/fsd_common_msgs/cmake/fsd_common_msgs__rosidl_typesupport_introspection_cppExport.cmake\n'}
[21.078712] (fsd_common_msgs) StdoutLine: {'line': b'-- Installing: /home/c/Formax_wuren_shixi/ros2_learning-main/ros2_advanced/ros2_homework_advanced_ws/install/fsd_common_msgs/share/fsd_common_msgs/cmake/fsd_common_msgs__rosidl_typesupport_introspection_cppExport-noconfig.cmake\n'}
[21.078955] (fsd_common_msgs) StdoutLine: {'line': b'-- Installing: /home/c/Formax_wuren_shixi/ros2_learning-main/ros2_advanced/ros2_homework_advanced_ws/install/fsd_common_msgs/share/fsd_common_msgs/cmake/fsd_common_msgs__rosidl_typesupport_cppExport.cmake\n'}
[21.079155] (fsd_common_msgs) StdoutLine: {'line': b'-- Installing: /home/c/Formax_wuren_shixi/ros2_learning-main/ros2_advanced/ros2_homework_advanced_ws/install/fsd_common_msgs/share/fsd_common_msgs/cmake/fsd_common_msgs__rosidl_typesupport_cppExport-noconfig.cmake\n'}
[21.079387] (fsd_common_msgs) StdoutLine: {'line': b'-- Installing: /home/c/Formax_wuren_shixi/ros2_learning-main/ros2_advanced/ros2_homework_advanced_ws/install/fsd_common_msgs/share/fsd_common_msgs/cmake/export_fsd_common_msgs__rosidl_generator_pyExport.cmake\n'}
[21.079583] (fsd_common_msgs) StdoutLine: {'line': b'-- Installing: /home/c/Formax_wuren_shixi/ros2_learning-main/ros2_advanced/ros2_homework_advanced_ws/install/fsd_common_msgs/share/fsd_common_msgs/cmake/export_fsd_common_msgs__rosidl_generator_pyExport-noconfig.cmake\n'}
[21.079835] (fsd_common_msgs) StdoutLine: {'line': b'-- Installing: /home/c/Formax_wuren_shixi/ros2_learning-main/ros2_advanced/ros2_homework_advanced_ws/install/fsd_common_msgs/share/fsd_common_msgs/cmake/rosidl_cmake-extras.cmake\n'}
[21.080061] (fsd_common_msgs) StdoutLine: {'line': b'-- Installing: /home/c/Formax_wuren_shixi/ros2_learning-main/ros2_advanced/ros2_homework_advanced_ws/install/fsd_common_msgs/share/fsd_common_msgs/cmake/ament_cmake_export_dependencies-extras.cmake\n'}
[21.080205] (fsd_common_msgs) StdoutLine: {'line': b'-- Installing: /home/c/Formax_wuren_shixi/ros2_learning-main/ros2_advanced/ros2_homework_advanced_ws/install/fsd_common_msgs/share/fsd_common_msgs/cmake/ament_cmake_export_include_directories-extras.cmake\n'}
[21.080439] (fsd_common_msgs) StdoutLine: {'line': b'-- Installing: /home/c/Formax_wuren_shixi/ros2_learning-main/ros2_advanced/ros2_homework_advanced_ws/install/fsd_common_msgs/share/fsd_common_msgs/cmake/ament_cmake_export_libraries-extras.cmake\n'}
[21.080682] (fsd_common_msgs) StdoutLine: {'line': b'-- Installing: /home/c/Formax_wuren_shixi/ros2_learning-main/ros2_advanced/ros2_homework_advanced_ws/install/fsd_common_msgs/share/fsd_common_msgs/cmake/ament_cmake_export_targets-extras.cmake\n'}
[21.080863] (fsd_common_msgs) StdoutLine: {'line': b'-- Installing: /home/c/Formax_wuren_shixi/ros2_learning-main/ros2_advanced/ros2_homework_advanced_ws/install/fsd_common_msgs/share/fsd_common_msgs/cmake/rosidl_cmake_export_typesupport_targets-extras.cmake\n'}
[21.081060] (fsd_common_msgs) StdoutLine: {'line': b'-- Installing: /home/c/Formax_wuren_shixi/ros2_learning-main/ros2_advanced/ros2_homework_advanced_ws/install/fsd_common_msgs/share/fsd_common_msgs/cmake/rosidl_cmake_export_typesupport_libraries-extras.cmake\n'}
[21.081264] (fsd_common_msgs) StdoutLine: {'line': b'-- Installing: /home/c/Formax_wuren_shixi/ros2_learning-main/ros2_advanced/ros2_homework_advanced_ws/install/fsd_common_msgs/share/fsd_common_msgs/cmake/fsd_common_msgsConfig.cmake\n'}
[21.081435] (fsd_common_msgs) StdoutLine: {'line': b'-- Installing: /home/c/Formax_wuren_shixi/ros2_learning-main/ros2_advanced/ros2_homework_advanced_ws/install/fsd_common_msgs/share/fsd_common_msgs/cmake/fsd_common_msgsConfig-version.cmake\n'}
[21.081626] (fsd_common_msgs) StdoutLine: {'line': b'-- Installing: /home/c/Formax_wuren_shixi/ros2_learning-main/ros2_advanced/ros2_homework_advanced_ws/install/fsd_common_msgs/share/fsd_common_msgs/package.xml\n'}
[21.084452] (fsd_common_msgs) CommandEnded: {'returncode': 0}
[21.085572] (-) TimerEvent: {}
[21.109749] (fsd_common_msgs) JobEnded: {'identifier': 'fsd_common_msgs', 'rc': 0}
[21.110632] (ros2_homework_advanced) JobStarted: {'identifier': 'ros2_homework_advanced'}
[21.118985] (ros2_homework_advanced) JobProgress: {'identifier': 'ros2_homework_advanced', 'progress': 'cmake'}
[21.119382] (ros2_homework_advanced) Command: {'cmd': ['/usr/bin/cmake', '/home/c/Formax_wuren_shixi/ros2_learning-main/ros2_advanced/ros2_homework_advanced_ws/src/ros2_homework_advanced', '-DCMAKE_INSTALL_PREFIX=/home/c/Formax_wuren_shixi/ros2_learning-main/ros2_advanced/ros2_homework_advanced_ws/install/ros2_homework_advanced'], 'cwd': '/home/c/Formax_wuren_shixi/ros2_learning-main/ros2_advanced/ros2_homework_advanced_ws/build/ros2_homework_advanced', 'env': OrderedDict({'GJS_DEBUG_TOPICS': 'JS ERROR;JS LOG', 'LESSOPEN': '| /usr/bin/lesspipe %s', 'AI_AGENT': 'TRAE', 'LANGUAGE': 'zh_CN:en', 'USER': 'c', 'LC_TIME': 'zh_CN.UTF-8', 'XDG_SESSION_TYPE': 'x11', 'GIT_ASKPASS': '/usr/share/trae-cn/resources/app/extensions/git/dist/askpass.sh', 'CLUTTER_DISABLE_MIPMAPPED_TEXT': '1', 'SHLVL': '1', 'LD_LIBRARY_PATH': '/home/c/Formax_wuren_shixi/ros2_learning-main/ros2_advanced/ros2_homework_advanced_ws/install/fsd_common_msgs/lib:/home/c/dev_ws/install/learning_interface/lib:/opt/ros/jazzy/opt/rviz_ogre_vendor/lib:/opt/ros/jazzy/lib/x86_64-linux-gnu:/opt/ros/jazzy/opt/gz_math_vendor/lib:/opt/ros/jazzy/opt/gz_utils_vendor/lib:/opt/ros/jazzy/opt/gz_cmake_vendor/lib:/opt/ros/jazzy/lib', 'HOME': '/home/c', 'CHROME_DESKTOP': 'trae-cn.desktop', 'OLDPWD': '/home/c/Formax_wuren_shixi/ros2_learning-main/ros2_advanced', 'TERM_PROGRAM_VERSION': '1.107.1', 'DESKTOP_SESSION': 'ubuntu', 'GIO_LAUNCHED_DESKTOP_FILE': '/usr/share/applications/trae-cn.desktop', 'TRAE_SANDBOX_CLI_PATH': '/usr/share/trae-cn/resources/app/modules/sandbox/trae-sandbox', 'ROS_PYTHON_VERSION': '3', 'GNOME_SHELL_SESSION_MODE': 'ubuntu', 'GTK_MODULES': 'gail:atk-bridge', 'PAGER': '', 'VSCODE_GIT_ASKPASS_MAIN': '/usr/share/trae-cn/resources/app/extensions/git/dist/askpass-main.js', 'PS1': '\\n(TraeAI-1) \\w [$?] $', 'LC_MONETARY': 'zh_CN.UTF-8', 'VSCODE_GIT_ASKPASS_NODE': '/usr/share/trae-cn/trae-cn', 'MANAGERPID': '3143', 'TRAE_AI_SHELL_ID': '1', 'TRAE_SANDBOX_SOURCE_FLAG_PATH': '/tmp/sandbox-source-flag-0a6887a6-2be2-4d6b-b68f-8cf52f1bf558', 'SYSTEMD_EXEC_PID': '3819', 'VSCODE_PYTHON_AUTOACTIVATE_GUARD': '1', 'GSM_SKIP_SSH_AGENT_WORKAROUND': 'true', 'DBUS_SESSION_BUS_ADDRESS': 'unix:path=/run/user/1000/bus', 'COLORTERM': 'truecolor', 'isArchMatched': '1', 'GIO_LAUNCHED_DESKTOP_FILE_PID': '708962', 'TRAE_JWT_TOKEN_PATH': '/home/c/.trae-cn/trae-jwt-token', 'DEBUGINFOD_URLS': 'https://debuginfod.ubuntu.com', 'TRAE_SANDBOX_STORAGE_PATH': '/home/c/.config/Trae CN/ModularData/ai-agent/sandbox', 'SAFE_RM_AUTO_ADD_TEMP': '1', 'IM_CONFIG_PHASE': '1', 'COLCON_PREFIX_PATH': '/home/c/dev_ws/install', 'ROS_DISTRO': 'jazzy', 'GTK_IM_MODULE': 'fcitx', 'LOGNAME': 'c', 'SAFE_RM_DENIED_PATH': '/home/c/Formax_wuren_shixi/ros2_learning-main/ros2_advanced/.vscode:/home/c/Formax_wuren_shixi/ros2_learning-main/ros2_advanced/.git', 'JOURNAL_STREAM': '9:11240', '_': '/usr/bin/colcon', 'ROS_VERSION': '2', 'MEMORY_PRESSURE_WATCH': '/sys/fs/cgroup/user.slice/user-1000.slice/user@1000.service/session.slice/org.gnome.Shell@x11.service/memory.pressure', 'XDG_SESSION_CLASS': 'user', 'USERNAME': 'c', 'TERM': 'xterm-256color', 'GNOME_DESKTOP_SESSION_ID': 'this-is-deprecated', 'TRAE_SANDBOX_LOG_DIR': '/home/c/.config/Trae CN/logs/20260606T094250/Modular', 'FC_FONTATIONS': '1', 'HISTCONTROL': 'ignorespace', 'WINDOWPATH': '2', 'PATH': '/home/c/.trae-cn/tools/trae-gopls/current:/home/c/.trae-cn/sdks/workspaces/dcd46628/versions/node/current:/home/c/.trae-cn/sdks/versions/node/current:/home/c/.local/bin:/usr/share/trae-cn/resources/app/bin:/home/c/.trae-cn/tools/trae-gopls/current:/home/c/.trae-cn/sdks/workspaces/dcd46628/versions/node/current:/home/c/.trae-cn/sdks/versions/node/current:/home/c/.local/bin:/home/c/.local/bin:/opt/ros/jazzy/bin:/home/c/.local/bin:/usr/local/sbin:/usr/local/bin:/usr/sbin:/usr/bin:/sbin:/bin:/usr/games:/usr/local/games:/snap/bin:/snap/bin:/usr/share/trae-cn/resources/app/node_modules/@vscode/ripgrep/bin', 'SESSION_MANAGER': 'local/c-ASUS-TUF-Gaming-A15-FA507RM-FA507RM:@/tmp/.ICE-unix/3787,unix/c-ASUS-TUF-Gaming-A15-FA507RM-FA507RM:/tmp/.ICE-unix/3787', 'INVOCATION_ID': 'e168422689144addb316d2974d2b5356', 'PAPERSIZE': 'a4', 'XDG_MENU_PREFIX': 'gnome-', 'LC_ADDRESS': 'zh_CN.UTF-8', 'XDG_RUNTIME_DIR': '/run/user/1000', 'GDK_BACKEND': 'x11', 'DISPLAY': ':1', 'FILESYSTEM_CASE_SENSITIVE': 'true', 'LANG': 'zh_CN.UTF-8', 'XDG_CURRENT_DESKTOP': 'ubuntu:GNOME', 'LC_TELEPHONE': 'zh_CN.UTF-8', 'TRAE_SANDBOX_CONFIG_NAME': '6a23e289115435ee9abf8753', 'XMODIFIERS': '@im=fcitx', 'TRAE_SANDBOX_DUMP_DIR': '/home/c/.config/Trae CN/Crashpad/sandbox-pending', 'XDG_SESSION_DESKTOP': 'ubuntu', 'XAUTHORITY': '/run/user/1000/gdm/Xauthority', 'TRAE_BRAND_NAME': 'Trae CN', 'LS_COLORS': 'rs=0:di=01;34:ln=01;36:mh=00:pi=40;33:so=01;35:do=01;35:bd=40;33;01:cd=40;33;01:or=40;31;01:mi=00:su=37;41:sg=30;43:ca=00:tw=30;42:ow=34;42:st=37;44:ex=01;32:*.tar=01;31:*.tgz=01;31:*.arc=01;31:*.arj=01;31:*.taz=01;31:*.lha=01;31:*.lz4=01;31:*.lzh=01;31:*.lzma=01;31:*.tlz=01;31:*.txz=01;31:*.tzo=01;31:*.t7z=01;31:*.zip=01;31:*.z=01;31:*.dz=01;31:*.gz=01;31:*.lrz=01;31:*.lz=01;31:*.lzo=01;31:*.xz=01;31:*.zst=01;31:*.tzst=01;31:*.bz2=01;31:*.bz=01;31:*.tbz=01;31:*.tbz2=01;31:*.tz=01;31:*.deb=01;31:*.rpm=01;31:*.jar=01;31:*.war=01;31:*.ear=01;31:*.sar=01;31:*.rar=01;31:*.alz=01;31:*.ace=01;31:*.zoo=01;31:*.cpio=01;31:*.7z=01;31:*.rz=01;31:*.cab=01;31:*.wim=01;31:*.swm=01;31:*.dwm=01;31:*.esd=01;31:*.avif=01;35:*.jpg=01;35:*.jpeg=01;35:*.mjpg=01;35:*.mjpeg=01;35:*.gif=01;35:*.bmp=01;35:*.pbm=01;35:*.pgm=01;35:*.ppm=01;35:*.tga=01;35:*.xbm=01;35:*.xpm=01;35:*.tif=01;35:*.tiff=01;35:*.png=01;35:*.svg=01;35:*.svgz=01;35:*.mng=01;35:*.pcx=01;35:*.mov=01;35:*.mpg=01;35:*.mpeg=01;35:*.m2v=01;35:*.mkv=01;35:*.webm=01;35:*.webp=01;35:*.ogm=01;35:*.mp4=01;35:*.m4v=01;35:*.mp4v=01;35:*.vob=01;35:*.qt=01;35:*.nuv=01;35:*.wmv=01;35:*.asf=01;35:*.rm=01;35:*.rmvb=01;35:*.flc=01;35:*.avi=01;35:*.fli=01;35:*.flv=01;35:*.gl=01;35:*.dl=01;35:*.xcf=01;35:*.xwd=01;35:*.yuv=01;35:*.cgm=01;35:*.emf=01;35:*.ogv=01;35:*.ogx=01;35:*.aac=00;36:*.au=00;36:*.flac=00;36:*.m4a=00;36:*.mid=00;36:*.midi=00;36:*.mka=00;36:*.mp3=00;36:*.mpc=00;36:*.ogg=00;36:*.ra=00;36:*.wav=00;36:*.oga=00;36:*.opus=00;36:*.spx=00;36:*.xspf=00;36:*~=00;90:*#=00;90:*.bak=00;90:*.crdownload=00;90:*.dpkg-dist=00;90:*.dpkg-new=00;90:*.dpkg-old=00;90:*.dpkg-tmp=00;90:*.old=00;90:*.orig=00;90:*.part=00;90:*.rej=00;90:*.rpmnew=00;90:*.rpmorig=00;90:*.rpmsave=00;90:*.swp=00;90:*.tmp=00;90:*.ucf-dist=00;90:*.ucf-new=00;90:*.ucf-old=00;90:', 'VSCODE_GIT_IPC_HANDLE': '/run/user/1000/vscode-git-c9111690f2.sock', 'TERM_PROGRAM': 'vscode', 'SSH_AUTH_SOCK': '/run/user/1000/keyring/ssh', 'AMENT_PREFIX_PATH': '/home/c/Formax_wuren_shixi/ros2_learning-main/ros2_advanced/ros2_homework_advanced_ws/install/fsd_common_msgs:/home/c/dev_ws/install/learning_urdf:/home/c/dev_ws/install/learning_topic_cpp:/home/c/dev_ws/install/learning_topic:/home/c/dev_ws/install/learning_tf_cpp:/home/c/dev_ws/install/learning_tf:/home/c/dev_ws/install/learning_service_cpp:/home/c/dev_ws/install/learning_service:/home/c/dev_ws/install/learning_qos:/home/c/dev_ws/install/learning_pkg_python:/home/c/dev_ws/install/learning_pkg_c:/home/c/dev_ws/install/learning_parameter_cpp:/home/c/dev_ws/install/learning_parameter:/home/c/dev_ws/install/learning_node_cpp:/home/c/dev_ws/install/learning_node:/home/c/dev_ws/install/learning_launch:/home/c/dev_ws/install/learning_action_cpp:/home/c/dev_ws/install/learning_action:/home/c/dev_ws/install/learning_interface:/home/c/dev_ws/install/learning_gazebo_harmonic:/home/c/dev_ws/install/learning_gazebo:/home/c/dev_ws/install/learning_cv:/opt/ros/jazzy', 'SHELL': '/bin/bash', 'LC_NAME': 'zh_CN.UTF-8', '__trae_PS1': '\\n(TraeAI-1) \\w [$?] $', 'QT_ACCESSIBILITY': '1', 'GDMSESSION': 'ubuntu', 'LESSCLOSE': '/usr/bin/lesspipe %s %s', 'LC_MEASUREMENT': 'zh_CN.UTF-8', 'TRAE_SANDBOX_TRACE_FILE': '/tmp/trae_sandbox_trace_51187655-1088-48ac-bc07-0b0c447a4305.jsonl', 'GPG_AGENT_INFO': '/run/user/1000/gnupg/S.gpg-agent:0:1', 'GJS_DEBUG_OUTPUT': 'stderr', 'LC_IDENTIFICATION': 'zh_CN.UTF-8', 'ROS_AUTOMATIC_DISCOVERY_RANGE': 'SUBNET', 'VSCODE_GIT_ASKPASS_EXTRA_ARGS': '', 'GIT_PAGER': '', 'QT_IM_MODULE': 'fcitx', 'PWD': '/home/c/Formax_wuren_shixi/ros2_learning-main/ros2_advanced/ros2_homework_advanced_ws/build/ros2_homework_advanced', 'LC_ALL': 'en_US.UTF-8', 'SAFE_RM_ALLOWED_PATH': '/home/c/Formax_wuren_shixi/ros2_learning-main/ros2_advanced:/home/c/.config/Trae CN/ModularData/ai-agent/hooks_env:/tmp:/home/c/.cache:/home/c/.local/lib:/home/c/.local/bin:/home/c/.local/share:/home/c/.dotnet:/home/c/.bash_history', 'XDG_CONFIG_DIRS': '/etc/xdg/xdg-ubuntu:/etc/xdg', 'TERM_PRODUCT': 'Trae', 'XDG_DATA_DIRS': '/usr/share/ubuntu:/usr/share/gnome:/usr/local/share/:/usr/share/:/var/lib/snapd/desktop', 'PYTHONPATH': '/home/c/Formax_wuren_shixi/ros2_learning-main/ros2_advanced/ros2_homework_advanced_ws/install/fsd_common_msgs/lib/python3.12/site-packages:/home/c/dev_ws/install/learning_urdf/lib/python3.12/site-packages:/home/c/dev_ws/install/learning_topic/lib/python3.12/site-packages:/home/c/dev_ws/install/learning_tf/lib/python3.12/site-packages:/home/c/dev_ws/install/learning_service/lib/python3.12/site-packages:/home/c/dev_ws/install/learning_qos/lib/python3.12/site-packages:/home/c/dev_ws/install/learning_pkg_python/lib/python3.12/site-packages:/home/c/dev_ws/install/learning_parameter/lib/python3.12/site-packages:/home/c/dev_ws/install/learning_node/lib/python3.12/site-packages:/home/c/dev_ws/install/learning_launch/lib/python3.12/site-packages:/home/c/dev_ws/install/learning_action/lib/python3.12/site-packages:/home/c/dev_ws/install/learning_interface/lib/python3.12/site-packages:/home/c/dev_ws/install/learning_gazebo_harmonic/lib/python3.12/site-packages:/home/c/dev_ws/install/learning_gazebo/lib/python3.12/site-packages:/home/c/dev_ws/install/learning_cv/lib/python3.12/site-packages:/opt/ros/jazzy/lib/python3.12/site-packages', 'SAFE_RM_PROTECTION_FLAG': '/tmp/safe-rm-protection-flag-1ffffe5c-0e15-4421-921a-d6dfed060d53', 'LC_NUMERIC': 'zh_CN.UTF-8', 'LC_PAPER': 'zh_CN.UTF-8', 'COLCON': '1', 'MEMORY_PRESSURE_WRITE': 'c29tZSAyMDAwMDAgMjAwMDAwMAA=', 'SAFE_RM_SOURCE_FLAG': '/tmp/safe-rm-source-flag-c6deb38c-1280-4ac4-857d-76e4a0f31932', 'CMAKE_PREFIX_PATH': '/home/c/Formax_wuren_shixi/ros2_learning-main/ros2_advanced/ros2_homework_advanced_ws/install/fsd_common_msgs:/home/c/dev_ws/install/learning_topic_cpp:/home/c/dev_ws/install/learning_tf_cpp:/home/c/dev_ws/install/learning_service_cpp:/home/c/dev_ws/install/learning_pkg_c:/home/c/dev_ws/install/learning_parameter_cpp:/home/c/dev_ws/install/learning_node_cpp:/home/c/dev_ws/install/learning_action_cpp:/home/c/dev_ws/install/learning_interface:/opt/ros/jazzy/opt/gz_math_vendor:/opt/ros/jazzy/opt/gz_utils_vendor:/opt/ros/jazzy/opt/gz_cmake_vendor:/home/c/dev_ws/install/learning_urdf:/home/c/dev_ws/install/learning_topic:/home/c/dev_ws/install/learning_tf:/home/c/dev_ws/install/learning_service:/home/c/dev_ws/install/learning_qos:/home/c/dev_ws/install/learning_pkg_python:/home/c/dev_ws/install/learning_parameter:/home/c/dev_ws/install/learning_node:/home/c/dev_ws/install/learning_launch:/home/c/dev_ws/install/learning_action:/home/c/dev_ws/install/learning_gazebo_harmonic:/home/c/dev_ws/install/learning_gazebo:/home/c/dev_ws/install/learning_cv:/opt/ros/jazzy'}), 'shell': False}
[21.176289] (ros2_homework_advanced) StdoutLine: {'line': b'-- The C compiler identification is GNU 13.3.0\n'}
[21.185740] (-) TimerEvent: {}
[21.230916] (ros2_homework_advanced) StdoutLine: {'line': b'-- The CXX compiler identification is GNU 13.3.0\n'}
[21.248745] (ros2_homework_advanced) StdoutLine: {'line': b'-- Detecting C compiler ABI info\n'}
[21.285829] (-) TimerEvent: {}
[21.344438] (ros2_homework_advanced) StdoutLine: {'line': b'-- Detecting C compiler ABI info - done\n'}
[21.351990] (ros2_homework_advanced) StdoutLine: {'line': b'-- Check for working C compiler: /usr/bin/cc - skipped\n'}
[21.352309] (ros2_homework_advanced) StdoutLine: {'line': b'-- Detecting C compile features\n'}
[21.352531] (ros2_homework_advanced) StdoutLine: {'line': b'-- Detecting C compile features - done\n'}
[21.361582] (ros2_homework_advanced) StdoutLine: {'line': b'-- Detecting CXX compiler ABI info\n'}
[21.385930] (-) TimerEvent: {}
[21.465483] (ros2_homework_advanced) StdoutLine: {'line': b'-- Detecting CXX compiler ABI info - done\n'}
[21.473591] (ros2_homework_advanced) StdoutLine: {'line': b'-- Check for working CXX compiler: /usr/bin/c++ - skipped\n'}
[21.473863] (ros2_homework_advanced) StdoutLine: {'line': b'-- Detecting CXX compile features\n'}
[21.474232] (ros2_homework_advanced) StdoutLine: {'line': b'-- Detecting CXX compile features - done\n'}
[21.478273] (ros2_homework_advanced) StdoutLine: {'line': b'-- Found ament_cmake: 2.5.6 (/opt/ros/jazzy/share/ament_cmake/cmake)\n'}
[21.486026] (-) TimerEvent: {}
[21.586301] (-) TimerEvent: {}
[21.649849] (ros2_homework_advanced) StdoutLine: {'line': b'-- Found Python3: /usr/bin/python3 (found version "3.12.3") found components: Interpreter \n'}
[21.686384] (-) TimerEvent: {}
[21.786633] (-) TimerEvent: {}
[21.788840] (ros2_homework_advanced) StdoutLine: {'line': b'-- Found rclcpp: 28.1.18 (/opt/ros/jazzy/share/rclcpp/cmake)\n'}
[21.849034] (ros2_homework_advanced) StdoutLine: {'line': b'-- Found rosidl_generator_c: 4.6.7 (/opt/ros/jazzy/share/rosidl_generator_c/cmake)\n'}
[21.865860] (ros2_homework_advanced) StdoutLine: {'line': b'-- Found rosidl_generator_cpp: 4.6.7 (/opt/ros/jazzy/share/rosidl_generator_cpp/cmake)\n'}
[21.885787] (ros2_homework_advanced) StdoutLine: {'line': b'-- Using all available rosidl_typesupport_c: rosidl_typesupport_fastrtps_c;rosidl_typesupport_introspection_c\n'}
[21.886701] (-) TimerEvent: {}
[21.909147] (ros2_homework_advanced) StdoutLine: {'line': b'-- Using all available rosidl_typesupport_cpp: rosidl_typesupport_fastrtps_cpp;rosidl_typesupport_introspection_cpp\n'}
[21.986805] (-) TimerEvent: {}
[22.021715] (ros2_homework_advanced) StdoutLine: {'line': b'-- Found rmw_implementation_cmake: 7.3.3 (/opt/ros/jazzy/share/rmw_implementation_cmake/cmake)\n'}
[22.027576] (ros2_homework_advanced) StdoutLine: {'line': b'-- Found rmw_fastrtps_cpp: 8.4.3 (/opt/ros/jazzy/share/rmw_fastrtps_cpp/cmake)\n'}
[22.086899] (-) TimerEvent: {}
[22.130204] (ros2_homework_advanced) StdoutLine: {'line': b'-- Found OpenSSL: /usr/lib/x86_64-linux-gnu/libcrypto.so (found version "3.0.13")  \n'}
[22.152996] (ros2_homework_advanced) StdoutLine: {'line': b'-- Found FastRTPS: /opt/ros/jazzy/include (Required is at least version "2.13") \n'}
[22.182870] (ros2_homework_advanced) StdoutLine: {'line': b"-- Using RMW implementation 'rmw_fastrtps_cpp' as default\n"}
[22.186977] (-) TimerEvent: {}
[22.286382] (ros2_homework_advanced) StdoutLine: {'line': b'-- Found visualization_msgs: 5.3.7 (/opt/ros/jazzy/share/visualization_msgs/cmake)\n'}
[22.287042] (-) TimerEvent: {}
[22.387230] (-) TimerEvent: {}
[22.387918] (ros2_homework_advanced) StdoutLine: {'line': b'-- Found fsd_common_msgs: 0.0.0 (/home/c/Formax_wuren_shixi/ros2_learning-main/ros2_advanced/ros2_homework_advanced_ws/install/fsd_common_msgs/share/fsd_common_msgs/cmake)\n'}
[22.465273] (ros2_homework_advanced) StdoutLine: {'line': b'-- Found ament_lint_auto: 0.17.5 (/opt/ros/jazzy/share/ament_lint_auto/cmake)\n'}
[22.487302] (-) TimerEvent: {}
[22.587554] (-) TimerEvent: {}
[22.588086] (ros2_homework_advanced) StdoutLine: {'line': b"-- Added test 'cppcheck' to perform static code analysis on C / C++ code\n"}
[22.588274] (ros2_homework_advanced) StdoutLine: {'line': b'-- Configured cppcheck include dirs: \n'}
[22.588367] (ros2_homework_advanced) StdoutLine: {'line': b'-- Configured cppcheck exclude dirs and/or files: \n'}
[22.589066] (ros2_homework_advanced) StdoutLine: {'line': b"-- Added test 'flake8' to check Python code syntax and style conventions\n"}
[22.589138] (ros2_homework_advanced) StdoutLine: {'line': b"-- Configured 'flake8' exclude dirs and/or files: \n"}
[22.590279] (ros2_homework_advanced) StdoutLine: {'line': b"-- Added test 'lint_cmake' to check CMake code style\n"}
[22.591466] (ros2_homework_advanced) StdoutLine: {'line': b"-- Added test 'pep257' to check Python code against some of the docstring style conventions in PEP 257\n"}
[22.593142] (ros2_homework_advanced) StdoutLine: {'line': b"-- Added test 'uncrustify' to check C / C++ code style\n"}
[22.593289] (ros2_homework_advanced) StdoutLine: {'line': b'-- Configured uncrustify additional arguments: \n'}
[22.594188] (ros2_homework_advanced) StdoutLine: {'line': b"-- Added test 'xmllint' to check XML markup files\n"}
[22.596323] (ros2_homework_advanced) StdoutLine: {'line': b'-- Configuring done (1.5s)\n'}
[22.609313] (ros2_homework_advanced) StdoutLine: {'line': b'-- Generating done (0.0s)\n'}
[22.613300] (ros2_homework_advanced) StdoutLine: {'line': b'-- Build files have been written to: /home/c/Formax_wuren_shixi/ros2_learning-main/ros2_advanced/ros2_homework_advanced_ws/build/ros2_homework_advanced\n'}
[22.627451] (ros2_homework_advanced) CommandEnded: {'returncode': 0}
[22.628050] (ros2_homework_advanced) JobProgress: {'identifier': 'ros2_homework_advanced', 'progress': 'build'}
[22.628418] (ros2_homework_advanced) Command: {'cmd': ['/usr/bin/cmake', '--build', '/home/c/Formax_wuren_shixi/ros2_learning-main/ros2_advanced/ros2_homework_advanced_ws/build/ros2_homework_advanced', '--', '-j16', '-l16'], 'cwd': '/home/c/Formax_wuren_shixi/ros2_learning-main/ros2_advanced/ros2_homework_advanced_ws/build/ros2_homework_advanced', 'env': OrderedDict({'GJS_DEBUG_TOPICS': 'JS ERROR;JS LOG', 'LESSOPEN': '| /usr/bin/lesspipe %s', 'AI_AGENT': 'TRAE', 'LANGUAGE': 'zh_CN:en', 'USER': 'c', 'LC_TIME': 'zh_CN.UTF-8', 'XDG_SESSION_TYPE': 'x11', 'GIT_ASKPASS': '/usr/share/trae-cn/resources/app/extensions/git/dist/askpass.sh', 'CLUTTER_DISABLE_MIPMAPPED_TEXT': '1', 'SHLVL': '1', 'LD_LIBRARY_PATH': '/home/c/Formax_wuren_shixi/ros2_learning-main/ros2_advanced/ros2_homework_advanced_ws/install/fsd_common_msgs/lib:/home/c/dev_ws/install/learning_interface/lib:/opt/ros/jazzy/opt/rviz_ogre_vendor/lib:/opt/ros/jazzy/lib/x86_64-linux-gnu:/opt/ros/jazzy/opt/gz_math_vendor/lib:/opt/ros/jazzy/opt/gz_utils_vendor/lib:/opt/ros/jazzy/opt/gz_cmake_vendor/lib:/opt/ros/jazzy/lib', 'HOME': '/home/c', 'CHROME_DESKTOP': 'trae-cn.desktop', 'OLDPWD': '/home/c/Formax_wuren_shixi/ros2_learning-main/ros2_advanced', 'TERM_PROGRAM_VERSION': '1.107.1', 'DESKTOP_SESSION': 'ubuntu', 'GIO_LAUNCHED_DESKTOP_FILE': '/usr/share/applications/trae-cn.desktop', 'TRAE_SANDBOX_CLI_PATH': '/usr/share/trae-cn/resources/app/modules/sandbox/trae-sandbox', 'ROS_PYTHON_VERSION': '3', 'GNOME_SHELL_SESSION_MODE': 'ubuntu', 'GTK_MODULES': 'gail:atk-bridge', 'PAGER': '', 'VSCODE_GIT_ASKPASS_MAIN': '/usr/share/trae-cn/resources/app/extensions/git/dist/askpass-main.js', 'PS1': '\\n(TraeAI-1) \\w [$?] $', 'LC_MONETARY': 'zh_CN.UTF-8', 'VSCODE_GIT_ASKPASS_NODE': '/usr/share/trae-cn/trae-cn', 'MANAGERPID': '3143', 'TRAE_AI_SHELL_ID': '1', 'TRAE_SANDBOX_SOURCE_FLAG_PATH': '/tmp/sandbox-source-flag-0a6887a6-2be2-4d6b-b68f-8cf52f1bf558', 'SYSTEMD_EXEC_PID': '3819', 'VSCODE_PYTHON_AUTOACTIVATE_GUARD': '1', 'GSM_SKIP_SSH_AGENT_WORKAROUND': 'true', 'DBUS_SESSION_BUS_ADDRESS': 'unix:path=/run/user/1000/bus', 'COLORTERM': 'truecolor', 'isArchMatched': '1', 'GIO_LAUNCHED_DESKTOP_FILE_PID': '708962', 'TRAE_JWT_TOKEN_PATH': '/home/c/.trae-cn/trae-jwt-token', 'DEBUGINFOD_URLS': 'https://debuginfod.ubuntu.com', 'TRAE_SANDBOX_STORAGE_PATH': '/home/c/.config/Trae CN/ModularData/ai-agent/sandbox', 'SAFE_RM_AUTO_ADD_TEMP': '1', 'IM_CONFIG_PHASE': '1', 'COLCON_PREFIX_PATH': '/home/c/dev_ws/install', 'ROS_DISTRO': 'jazzy', 'GTK_IM_MODULE': 'fcitx', 'LOGNAME': 'c', 'SAFE_RM_DENIED_PATH': '/home/c/Formax_wuren_shixi/ros2_learning-main/ros2_advanced/.vscode:/home/c/Formax_wuren_shixi/ros2_learning-main/ros2_advanced/.git', 'JOURNAL_STREAM': '9:11240', '_': '/usr/bin/colcon', 'ROS_VERSION': '2', 'MEMORY_PRESSURE_WATCH': '/sys/fs/cgroup/user.slice/user-1000.slice/user@1000.service/session.slice/org.gnome.Shell@x11.service/memory.pressure', 'XDG_SESSION_CLASS': 'user', 'USERNAME': 'c', 'TERM': 'xterm-256color', 'GNOME_DESKTOP_SESSION_ID': 'this-is-deprecated', 'TRAE_SANDBOX_LOG_DIR': '/home/c/.config/Trae CN/logs/20260606T094250/Modular', 'FC_FONTATIONS': '1', 'HISTCONTROL': 'ignorespace', 'WINDOWPATH': '2', 'PATH': '/home/c/.trae-cn/tools/trae-gopls/current:/home/c/.trae-cn/sdks/workspaces/dcd46628/versions/node/current:/home/c/.trae-cn/sdks/versions/node/current:/home/c/.local/bin:/usr/share/trae-cn/resources/app/bin:/home/c/.trae-cn/tools/trae-gopls/current:/home/c/.trae-cn/sdks/workspaces/dcd46628/versions/node/current:/home/c/.trae-cn/sdks/versions/node/current:/home/c/.local/bin:/home/c/.local/bin:/opt/ros/jazzy/bin:/home/c/.local/bin:/usr/local/sbin:/usr/local/bin:/usr/sbin:/usr/bin:/sbin:/bin:/usr/games:/usr/local/games:/snap/bin:/snap/bin:/usr/share/trae-cn/resources/app/node_modules/@vscode/ripgrep/bin', 'SESSION_MANAGER': 'local/c-ASUS-TUF-Gaming-A15-FA507RM-FA507RM:@/tmp/.ICE-unix/3787,unix/c-ASUS-TUF-Gaming-A15-FA507RM-FA507RM:/tmp/.ICE-unix/3787', 'INVOCATION_ID': 'e168422689144addb316d2974d2b5356', 'PAPERSIZE': 'a4', 'XDG_MENU_PREFIX': 'gnome-', 'LC_ADDRESS': 'zh_CN.UTF-8', 'XDG_RUNTIME_DIR': '/run/user/1000', 'GDK_BACKEND': 'x11', 'DISPLAY': ':1', 'FILESYSTEM_CASE_SENSITIVE': 'true', 'LANG': 'zh_CN.UTF-8', 'XDG_CURRENT_DESKTOP': 'ubuntu:GNOME', 'LC_TELEPHONE': 'zh_CN.UTF-8', 'TRAE_SANDBOX_CONFIG_NAME': '6a23e289115435ee9abf8753', 'XMODIFIERS': '@im=fcitx', 'TRAE_SANDBOX_DUMP_DIR': '/home/c/.config/Trae CN/Crashpad/sandbox-pending', 'XDG_SESSION_DESKTOP': 'ubuntu', 'XAUTHORITY': '/run/user/1000/gdm/Xauthority', 'TRAE_BRAND_NAME': 'Trae CN', 'LS_COLORS': 'rs=0:di=01;34:ln=01;36:mh=00:pi=40;33:so=01;35:do=01;35:bd=40;33;01:cd=40;33;01:or=40;31;01:mi=00:su=37;41:sg=30;43:ca=00:tw=30;42:ow=34;42:st=37;44:ex=01;32:*.tar=01;31:*.tgz=01;31:*.arc=01;31:*.arj=01;31:*.taz=01;31:*.lha=01;31:*.lz4=01;31:*.lzh=01;31:*.lzma=01;31:*.tlz=01;31:*.txz=01;31:*.tzo=01;31:*.t7z=01;31:*.zip=01;31:*.z=01;31:*.dz=01;31:*.gz=01;31:*.lrz=01;31:*.lz=01;31:*.lzo=01;31:*.xz=01;31:*.zst=01;31:*.tzst=01;31:*.bz2=01;31:*.bz=01;31:*.tbz=01;31:*.tbz2=01;31:*.tz=01;31:*.deb=01;31:*.rpm=01;31:*.jar=01;31:*.war=01;31:*.ear=01;31:*.sar=01;31:*.rar=01;31:*.alz=01;31:*.ace=01;31:*.zoo=01;31:*.cpio=01;31:*.7z=01;31:*.rz=01;31:*.cab=01;31:*.wim=01;31:*.swm=01;31:*.dwm=01;31:*.esd=01;31:*.avif=01;35:*.jpg=01;35:*.jpeg=01;35:*.mjpg=01;35:*.mjpeg=01;35:*.gif=01;35:*.bmp=01;35:*.pbm=01;35:*.pgm=01;35:*.ppm=01;35:*.tga=01;35:*.xbm=01;35:*.xpm=01;35:*.tif=01;35:*.tiff=01;35:*.png=01;35:*.svg=01;35:*.svgz=01;35:*.mng=01;35:*.pcx=01;35:*.mov=01;35:*.mpg=01;35:*.mpeg=01;35:*.m2v=01;35:*.mkv=01;35:*.webm=01;35:*.webp=01;35:*.ogm=01;35:*.mp4=01;35:*.m4v=01;35:*.mp4v=01;35:*.vob=01;35:*.qt=01;35:*.nuv=01;35:*.wmv=01;35:*.asf=01;35:*.rm=01;35:*.rmvb=01;35:*.flc=01;35:*.avi=01;35:*.fli=01;35:*.flv=01;35:*.gl=01;35:*.dl=01;35:*.xcf=01;35:*.xwd=01;35:*.yuv=01;35:*.cgm=01;35:*.emf=01;35:*.ogv=01;35:*.ogx=01;35:*.aac=00;36:*.au=00;36:*.flac=00;36:*.m4a=00;36:*.mid=00;36:*.midi=00;36:*.mka=00;36:*.mp3=00;36:*.mpc=00;36:*.ogg=00;36:*.ra=00;36:*.wav=00;36:*.oga=00;36:*.opus=00;36:*.spx=00;36:*.xspf=00;36:*~=00;90:*#=00;90:*.bak=00;90:*.crdownload=00;90:*.dpkg-dist=00;90:*.dpkg-new=00;90:*.dpkg-old=00;90:*.dpkg-tmp=00;90:*.old=00;90:*.orig=00;90:*.part=00;90:*.rej=00;90:*.rpmnew=00;90:*.rpmorig=00;90:*.rpmsave=00;90:*.swp=00;90:*.tmp=00;90:*.ucf-dist=00;90:*.ucf-new=00;90:*.ucf-old=00;90:', 'VSCODE_GIT_IPC_HANDLE': '/run/user/1000/vscode-git-c9111690f2.sock', 'TERM_PROGRAM': 'vscode', 'SSH_AUTH_SOCK': '/run/user/1000/keyring/ssh', 'AMENT_PREFIX_PATH': '/home/c/Formax_wuren_shixi/ros2_learning-main/ros2_advanced/ros2_homework_advanced_ws/install/fsd_common_msgs:/home/c/dev_ws/install/learning_urdf:/home/c/dev_ws/install/learning_topic_cpp:/home/c/dev_ws/install/learning_topic:/home/c/dev_ws/install/learning_tf_cpp:/home/c/dev_ws/install/learning_tf:/home/c/dev_ws/install/learning_service_cpp:/home/c/dev_ws/install/learning_service:/home/c/dev_ws/install/learning_qos:/home/c/dev_ws/install/learning_pkg_python:/home/c/dev_ws/install/learning_pkg_c:/home/c/dev_ws/install/learning_parameter_cpp:/home/c/dev_ws/install/learning_parameter:/home/c/dev_ws/install/learning_node_cpp:/home/c/dev_ws/install/learning_node:/home/c/dev_ws/install/learning_launch:/home/c/dev_ws/install/learning_action_cpp:/home/c/dev_ws/install/learning_action:/home/c/dev_ws/install/learning_interface:/home/c/dev_ws/install/learning_gazebo_harmonic:/home/c/dev_ws/install/learning_gazebo:/home/c/dev_ws/install/learning_cv:/opt/ros/jazzy', 'SHELL': '/bin/bash', 'LC_NAME': 'zh_CN.UTF-8', '__trae_PS1': '\\n(TraeAI-1) \\w [$?] $', 'QT_ACCESSIBILITY': '1', 'GDMSESSION': 'ubuntu', 'LESSCLOSE': '/usr/bin/lesspipe %s %s', 'LC_MEASUREMENT': 'zh_CN.UTF-8', 'TRAE_SANDBOX_TRACE_FILE': '/tmp/trae_sandbox_trace_51187655-1088-48ac-bc07-0b0c447a4305.jsonl', 'GPG_AGENT_INFO': '/run/user/1000/gnupg/S.gpg-agent:0:1', 'GJS_DEBUG_OUTPUT': 'stderr', 'LC_IDENTIFICATION': 'zh_CN.UTF-8', 'ROS_AUTOMATIC_DISCOVERY_RANGE': 'SUBNET', 'VSCODE_GIT_ASKPASS_EXTRA_ARGS': '', 'GIT_PAGER': '', 'QT_IM_MODULE': 'fcitx', 'PWD': '/home/c/Formax_wuren_shixi/ros2_learning-main/ros2_advanced/ros2_homework_advanced_ws/build/ros2_homework_advanced', 'LC_ALL': 'en_US.UTF-8', 'SAFE_RM_ALLOWED_PATH': '/home/c/Formax_wuren_shixi/ros2_learning-main/ros2_advanced:/home/c/.config/Trae CN/ModularData/ai-agent/hooks_env:/tmp:/home/c/.cache:/home/c/.local/lib:/home/c/.local/bin:/home/c/.local/share:/home/c/.dotnet:/home/c/.bash_history', 'XDG_CONFIG_DIRS': '/etc/xdg/xdg-ubuntu:/etc/xdg', 'TERM_PRODUCT': 'Trae', 'XDG_DATA_DIRS': '/usr/share/ubuntu:/usr/share/gnome:/usr/local/share/:/usr/share/:/var/lib/snapd/desktop', 'PYTHONPATH': '/home/c/Formax_wuren_shixi/ros2_learning-main/ros2_advanced/ros2_homework_advanced_ws/install/fsd_common_msgs/lib/python3.12/site-packages:/home/c/dev_ws/install/learning_urdf/lib/python3.12/site-packages:/home/c/dev_ws/install/learning_topic/lib/python3.12/site-packages:/home/c/dev_ws/install/learning_tf/lib/python3.12/site-packages:/home/c/dev_ws/install/learning_service/lib/python3.12/site-packages:/home/c/dev_ws/install/learning_qos/lib/python3.12/site-packages:/home/c/dev_ws/install/learning_pkg_python/lib/python3.12/site-packages:/home/c/dev_ws/install/learning_parameter/lib/python3.12/site-packages:/home/c/dev_ws/install/learning_node/lib/python3.12/site-packages:/home/c/dev_ws/install/learning_launch/lib/python3.12/site-packages:/home/c/dev_ws/install/learning_action/lib/python3.12/site-packages:/home/c/dev_ws/install/learning_interface/lib/python3.12/site-packages:/home/c/dev_ws/install/learning_gazebo_harmonic/lib/python3.12/site-packages:/home/c/dev_ws/install/learning_gazebo/lib/python3.12/site-packages:/home/c/dev_ws/install/learning_cv/lib/python3.12/site-packages:/opt/ros/jazzy/lib/python3.12/site-packages', 'SAFE_RM_PROTECTION_FLAG': '/tmp/safe-rm-protection-flag-1ffffe5c-0e15-4421-921a-d6dfed060d53', 'LC_NUMERIC': 'zh_CN.UTF-8', 'LC_PAPER': 'zh_CN.UTF-8', 'COLCON': '1', 'MEMORY_PRESSURE_WRITE': 'c29tZSAyMDAwMDAgMjAwMDAwMAA=', 'SAFE_RM_SOURCE_FLAG': '/tmp/safe-rm-source-flag-c6deb38c-1280-4ac4-857d-76e4a0f31932', 'CMAKE_PREFIX_PATH': '/home/c/Formax_wuren_shixi/ros2_learning-main/ros2_advanced/ros2_homework_advanced_ws/install/fsd_common_msgs:/home/c/dev_ws/install/learning_topic_cpp:/home/c/dev_ws/install/learning_tf_cpp:/home/c/dev_ws/install/learning_service_cpp:/home/c/dev_ws/install/learning_pkg_c:/home/c/dev_ws/install/learning_parameter_cpp:/home/c/dev_ws/install/learning_node_cpp:/home/c/dev_ws/install/learning_action_cpp:/home/c/dev_ws/install/learning_interface:/opt/ros/jazzy/opt/gz_math_vendor:/opt/ros/jazzy/opt/gz_utils_vendor:/opt/ros/jazzy/opt/gz_cmake_vendor:/home/c/dev_ws/install/learning_urdf:/home/c/dev_ws/install/learning_topic:/home/c/dev_ws/install/learning_tf:/home/c/dev_ws/install/learning_service:/home/c/dev_ws/install/learning_qos:/home/c/dev_ws/install/learning_pkg_python:/home/c/dev_ws/install/learning_parameter:/home/c/dev_ws/install/learning_node:/home/c/dev_ws/install/learning_launch:/home/c/dev_ws/install/learning_action:/home/c/dev_ws/install/learning_gazebo_harmonic:/home/c/dev_ws/install/learning_gazebo:/home/c/dev_ws/install/learning_cv:/opt/ros/jazzy'}), 'shell': False}
[22.685929] (ros2_homework_advanced) StdoutLine: {'line': b'[ 50%] \x1b[32mBuilding CXX object CMakeFiles/map_visualizer_node.dir/src/map_visualizer_node.cpp.o\x1b[0m\n'}
[22.687615] (-) TimerEvent: {}
[22.787814] (-) TimerEvent: {}
[22.888095] (-) TimerEvent: {}
[22.988397] (-) TimerEvent: {}
[23.088641] (-) TimerEvent: {}
[23.188943] (-) TimerEvent: {}
[23.289214] (-) TimerEvent: {}
[23.389514] (-) TimerEvent: {}
[23.489829] (-) TimerEvent: {}
[23.590203] (-) TimerEvent: {}
[23.690579] (-) TimerEvent: {}
[23.791006] (-) TimerEvent: {}
[23.891332] (-) TimerEvent: {}
[23.991677] (-) TimerEvent: {}
[24.091954] (-) TimerEvent: {}
[24.192288] (-) TimerEvent: {}
[24.292545] (-) TimerEvent: {}
[24.392777] (-) TimerEvent: {}
[24.493008] (-) TimerEvent: {}
[24.593289] (-) TimerEvent: {}
[24.693576] (-) TimerEvent: {}
[24.793822] (-) TimerEvent: {}
[24.894083] (-) TimerEvent: {}
[24.994309] (-) TimerEvent: {}
[25.094567] (-) TimerEvent: {}
[25.194823] (-) TimerEvent: {}
[25.295089] (-) TimerEvent: {}
[25.395427] (-) TimerEvent: {}
[25.495795] (-) TimerEvent: {}
[25.596133] (-) TimerEvent: {}
[25.696486] (-) TimerEvent: {}
[25.796917] (-) TimerEvent: {}
[25.897273] (-) TimerEvent: {}
[25.997518] (-) TimerEvent: {}
[26.097795] (-) TimerEvent: {}
[26.198059] (-) TimerEvent: {}
[26.298360] (-) TimerEvent: {}
[26.398669] (-) TimerEvent: {}
[26.498933] (-) TimerEvent: {}
[26.599223] (-) TimerEvent: {}
[26.699546] (-) TimerEvent: {}
[26.799850] (-) TimerEvent: {}
[26.900121] (-) TimerEvent: {}
[27.000394] (-) TimerEvent: {}
[27.100647] (-) TimerEvent: {}
[27.200907] (-) TimerEvent: {}
[27.301296] (-) TimerEvent: {}
[27.401637] (-) TimerEvent: {}
[27.502012] (-) TimerEvent: {}
[27.602342] (-) TimerEvent: {}
[27.702731] (-) TimerEvent: {}
[27.803115] (-) TimerEvent: {}
[27.903446] (-) TimerEvent: {}
[28.003694] (-) TimerEvent: {}
[28.103960] (-) TimerEvent: {}
[28.204232] (-) TimerEvent: {}
[28.304541] (-) TimerEvent: {}
[28.404801] (-) TimerEvent: {}
[28.505081] (-) TimerEvent: {}
[28.605316] (-) TimerEvent: {}
[28.705584] (-) TimerEvent: {}
[28.805831] (-) TimerEvent: {}
[28.906068] (-) TimerEvent: {}
[29.006316] (-) TimerEvent: {}
[29.106573] (-) TimerEvent: {}
[29.206833] (-) TimerEvent: {}
[29.307144] (-) TimerEvent: {}
[29.407525] (-) TimerEvent: {}
[29.507864] (-) TimerEvent: {}
[29.608148] (-) TimerEvent: {}
[29.708439] (-) TimerEvent: {}
[29.808717] (-) TimerEvent: {}
[29.909000] (-) TimerEvent: {}
[30.009289] (-) TimerEvent: {}
[30.109531] (-) TimerEvent: {}
[30.209801] (-) TimerEvent: {}
[30.310058] (-) TimerEvent: {}
[30.410334] (-) TimerEvent: {}
[30.510679] (-) TimerEvent: {}
[30.610967] (-) TimerEvent: {}
[30.711241] (-) TimerEvent: {}
[30.760801] (ros2_homework_advanced) StdoutLine: {'line': b'[100%] \x1b[32m\x1b[1mLinking CXX executable map_visualizer_node\x1b[0m\n'}
[30.811308] (-) TimerEvent: {}
[30.911571] (-) TimerEvent: {}
[31.011891] (-) TimerEvent: {}
[31.112139] (-) TimerEvent: {}
[31.186012] (ros2_homework_advanced) StdoutLine: {'line': b'[100%] Built target map_visualizer_node\n'}
[31.200745] (ros2_homework_advanced) CommandEnded: {'returncode': 0}
[31.201766] (ros2_homework_advanced) JobProgress: {'identifier': 'ros2_homework_advanced', 'progress': 'install'}
[31.202298] (ros2_homework_advanced) Command: {'cmd': ['/usr/bin/cmake', '--install', '/home/c/Formax_wuren_shixi/ros2_learning-main/ros2_advanced/ros2_homework_advanced_ws/build/ros2_homework_advanced'], 'cwd': '/home/c/Formax_wuren_shixi/ros2_learning-main/ros2_advanced/ros2_homework_advanced_ws/build/ros2_homework_advanced', 'env': OrderedDict({'GJS_DEBUG_TOPICS': 'JS ERROR;JS LOG', 'LESSOPEN': '| /usr/bin/lesspipe %s', 'AI_AGENT': 'TRAE', 'LANGUAGE': 'zh_CN:en', 'USER': 'c', 'LC_TIME': 'zh_CN.UTF-8', 'XDG_SESSION_TYPE': 'x11', 'GIT_ASKPASS': '/usr/share/trae-cn/resources/app/extensions/git/dist/askpass.sh', 'CLUTTER_DISABLE_MIPMAPPED_TEXT': '1', 'SHLVL': '1', 'LD_LIBRARY_PATH': '/home/c/Formax_wuren_shixi/ros2_learning-main/ros2_advanced/ros2_homework_advanced_ws/install/fsd_common_msgs/lib:/home/c/dev_ws/install/learning_interface/lib:/opt/ros/jazzy/opt/rviz_ogre_vendor/lib:/opt/ros/jazzy/lib/x86_64-linux-gnu:/opt/ros/jazzy/opt/gz_math_vendor/lib:/opt/ros/jazzy/opt/gz_utils_vendor/lib:/opt/ros/jazzy/opt/gz_cmake_vendor/lib:/opt/ros/jazzy/lib', 'HOME': '/home/c', 'CHROME_DESKTOP': 'trae-cn.desktop', 'OLDPWD': '/home/c/Formax_wuren_shixi/ros2_learning-main/ros2_advanced', 'TERM_PROGRAM_VERSION': '1.107.1', 'DESKTOP_SESSION': 'ubuntu', 'GIO_LAUNCHED_DESKTOP_FILE': '/usr/share/applications/trae-cn.desktop', 'TRAE_SANDBOX_CLI_PATH': '/usr/share/trae-cn/resources/app/modules/sandbox/trae-sandbox', 'ROS_PYTHON_VERSION': '3', 'GNOME_SHELL_SESSION_MODE': 'ubuntu', 'GTK_MODULES': 'gail:atk-bridge', 'PAGER': '', 'VSCODE_GIT_ASKPASS_MAIN': '/usr/share/trae-cn/resources/app/extensions/git/dist/askpass-main.js', 'PS1': '\\n(TraeAI-1) \\w [$?] $', 'LC_MONETARY': 'zh_CN.UTF-8', 'VSCODE_GIT_ASKPASS_NODE': '/usr/share/trae-cn/trae-cn', 'MANAGERPID': '3143', 'TRAE_AI_SHELL_ID': '1', 'TRAE_SANDBOX_SOURCE_FLAG_PATH': '/tmp/sandbox-source-flag-0a6887a6-2be2-4d6b-b68f-8cf52f1bf558', 'SYSTEMD_EXEC_PID': '3819', 'VSCODE_PYTHON_AUTOACTIVATE_GUARD': '1', 'GSM_SKIP_SSH_AGENT_WORKAROUND': 'true', 'DBUS_SESSION_BUS_ADDRESS': 'unix:path=/run/user/1000/bus', 'COLORTERM': 'truecolor', 'isArchMatched': '1', 'GIO_LAUNCHED_DESKTOP_FILE_PID': '708962', 'TRAE_JWT_TOKEN_PATH': '/home/c/.trae-cn/trae-jwt-token', 'DEBUGINFOD_URLS': 'https://debuginfod.ubuntu.com', 'TRAE_SANDBOX_STORAGE_PATH': '/home/c/.config/Trae CN/ModularData/ai-agent/sandbox', 'SAFE_RM_AUTO_ADD_TEMP': '1', 'IM_CONFIG_PHASE': '1', 'COLCON_PREFIX_PATH': '/home/c/dev_ws/install', 'ROS_DISTRO': 'jazzy', 'GTK_IM_MODULE': 'fcitx', 'LOGNAME': 'c', 'SAFE_RM_DENIED_PATH': '/home/c/Formax_wuren_shixi/ros2_learning-main/ros2_advanced/.vscode:/home/c/Formax_wuren_shixi/ros2_learning-main/ros2_advanced/.git', 'JOURNAL_STREAM': '9:11240', '_': '/usr/bin/colcon', 'ROS_VERSION': '2', 'MEMORY_PRESSURE_WATCH': '/sys/fs/cgroup/user.slice/user-1000.slice/user@1000.service/session.slice/org.gnome.Shell@x11.service/memory.pressure', 'XDG_SESSION_CLASS': 'user', 'USERNAME': 'c', 'TERM': 'xterm-256color', 'GNOME_DESKTOP_SESSION_ID': 'this-is-deprecated', 'TRAE_SANDBOX_LOG_DIR': '/home/c/.config/Trae CN/logs/20260606T094250/Modular', 'FC_FONTATIONS': '1', 'HISTCONTROL': 'ignorespace', 'WINDOWPATH': '2', 'PATH': '/home/c/.trae-cn/tools/trae-gopls/current:/home/c/.trae-cn/sdks/workspaces/dcd46628/versions/node/current:/home/c/.trae-cn/sdks/versions/node/current:/home/c/.local/bin:/usr/share/trae-cn/resources/app/bin:/home/c/.trae-cn/tools/trae-gopls/current:/home/c/.trae-cn/sdks/workspaces/dcd46628/versions/node/current:/home/c/.trae-cn/sdks/versions/node/current:/home/c/.local/bin:/home/c/.local/bin:/opt/ros/jazzy/bin:/home/c/.local/bin:/usr/local/sbin:/usr/local/bin:/usr/sbin:/usr/bin:/sbin:/bin:/usr/games:/usr/local/games:/snap/bin:/snap/bin:/usr/share/trae-cn/resources/app/node_modules/@vscode/ripgrep/bin', 'SESSION_MANAGER': 'local/c-ASUS-TUF-Gaming-A15-FA507RM-FA507RM:@/tmp/.ICE-unix/3787,unix/c-ASUS-TUF-Gaming-A15-FA507RM-FA507RM:/tmp/.ICE-unix/3787', 'INVOCATION_ID': 'e168422689144addb316d2974d2b5356', 'PAPERSIZE': 'a4', 'XDG_MENU_PREFIX': 'gnome-', 'LC_ADDRESS': 'zh_CN.UTF-8', 'XDG_RUNTIME_DIR': '/run/user/1000', 'GDK_BACKEND': 'x11', 'DISPLAY': ':1', 'FILESYSTEM_CASE_SENSITIVE': 'true', 'LANG': 'zh_CN.UTF-8', 'XDG_CURRENT_DESKTOP': 'ubuntu:GNOME', 'LC_TELEPHONE': 'zh_CN.UTF-8', 'TRAE_SANDBOX_CONFIG_NAME': '6a23e289115435ee9abf8753', 'XMODIFIERS': '@im=fcitx', 'TRAE_SANDBOX_DUMP_DIR': '/home/c/.config/Trae CN/Crashpad/sandbox-pending', 'XDG_SESSION_DESKTOP': 'ubuntu', 'XAUTHORITY': '/run/user/1000/gdm/Xauthority', 'TRAE_BRAND_NAME': 'Trae CN', 'LS_COLORS': 'rs=0:di=01;34:ln=01;36:mh=00:pi=40;33:so=01;35:do=01;35:bd=40;33;01:cd=40;33;01:or=40;31;01:mi=00:su=37;41:sg=30;43:ca=00:tw=30;42:ow=34;42:st=37;44:ex=01;32:*.tar=01;31:*.tgz=01;31:*.arc=01;31:*.arj=01;31:*.taz=01;31:*.lha=01;31:*.lz4=01;31:*.lzh=01;31:*.lzma=01;31:*.tlz=01;31:*.txz=01;31:*.tzo=01;31:*.t7z=01;31:*.zip=01;31:*.z=01;31:*.dz=01;31:*.gz=01;31:*.lrz=01;31:*.lz=01;31:*.lzo=01;31:*.xz=01;31:*.zst=01;31:*.tzst=01;31:*.bz2=01;31:*.bz=01;31:*.tbz=01;31:*.tbz2=01;31:*.tz=01;31:*.deb=01;31:*.rpm=01;31:*.jar=01;31:*.war=01;31:*.ear=01;31:*.sar=01;31:*.rar=01;31:*.alz=01;31:*.ace=01;31:*.zoo=01;31:*.cpio=01;31:*.7z=01;31:*.rz=01;31:*.cab=01;31:*.wim=01;31:*.swm=01;31:*.dwm=01;31:*.esd=01;31:*.avif=01;35:*.jpg=01;35:*.jpeg=01;35:*.mjpg=01;35:*.mjpeg=01;35:*.gif=01;35:*.bmp=01;35:*.pbm=01;35:*.pgm=01;35:*.ppm=01;35:*.tga=01;35:*.xbm=01;35:*.xpm=01;35:*.tif=01;35:*.tiff=01;35:*.png=01;35:*.svg=01;35:*.svgz=01;35:*.mng=01;35:*.pcx=01;35:*.mov=01;35:*.mpg=01;35:*.mpeg=01;35:*.m2v=01;35:*.mkv=01;35:*.webm=01;35:*.webp=01;35:*.ogm=01;35:*.mp4=01;35:*.m4v=01;35:*.mp4v=01;35:*.vob=01;35:*.qt=01;35:*.nuv=01;35:*.wmv=01;35:*.asf=01;35:*.rm=01;35:*.rmvb=01;35:*.flc=01;35:*.avi=01;35:*.fli=01;35:*.flv=01;35:*.gl=01;35:*.dl=01;35:*.xcf=01;35:*.xwd=01;35:*.yuv=01;35:*.cgm=01;35:*.emf=01;35:*.ogv=01;35:*.ogx=01;35:*.aac=00;36:*.au=00;36:*.flac=00;36:*.m4a=00;36:*.mid=00;36:*.midi=00;36:*.mka=00;36:*.mp3=00;36:*.mpc=00;36:*.ogg=00;36:*.ra=00;36:*.wav=00;36:*.oga=00;36:*.opus=00;36:*.spx=00;36:*.xspf=00;36:*~=00;90:*#=00;90:*.bak=00;90:*.crdownload=00;90:*.dpkg-dist=00;90:*.dpkg-new=00;90:*.dpkg-old=00;90:*.dpkg-tmp=00;90:*.old=00;90:*.orig=00;90:*.part=00;90:*.rej=00;90:*.rpmnew=00;90:*.rpmorig=00;90:*.rpmsave=00;90:*.swp=00;90:*.tmp=00;90:*.ucf-dist=00;90:*.ucf-new=00;90:*.ucf-old=00;90:', 'VSCODE_GIT_IPC_HANDLE': '/run/user/1000/vscode-git-c9111690f2.sock', 'TERM_PROGRAM': 'vscode', 'SSH_AUTH_SOCK': '/run/user/1000/keyring/ssh', 'AMENT_PREFIX_PATH': '/home/c/Formax_wuren_shixi/ros2_learning-main/ros2_advanced/ros2_homework_advanced_ws/install/fsd_common_msgs:/home/c/dev_ws/install/learning_urdf:/home/c/dev_ws/install/learning_topic_cpp:/home/c/dev_ws/install/learning_topic:/home/c/dev_ws/install/learning_tf_cpp:/home/c/dev_ws/install/learning_tf:/home/c/dev_ws/install/learning_service_cpp:/home/c/dev_ws/install/learning_service:/home/c/dev_ws/install/learning_qos:/home/c/dev_ws/install/learning_pkg_python:/home/c/dev_ws/install/learning_pkg_c:/home/c/dev_ws/install/learning_parameter_cpp:/home/c/dev_ws/install/learning_parameter:/home/c/dev_ws/install/learning_node_cpp:/home/c/dev_ws/install/learning_node:/home/c/dev_ws/install/learning_launch:/home/c/dev_ws/install/learning_action_cpp:/home/c/dev_ws/install/learning_action:/home/c/dev_ws/install/learning_interface:/home/c/dev_ws/install/learning_gazebo_harmonic:/home/c/dev_ws/install/learning_gazebo:/home/c/dev_ws/install/learning_cv:/opt/ros/jazzy', 'SHELL': '/bin/bash', 'LC_NAME': 'zh_CN.UTF-8', '__trae_PS1': '\\n(TraeAI-1) \\w [$?] $', 'QT_ACCESSIBILITY': '1', 'GDMSESSION': 'ubuntu', 'LESSCLOSE': '/usr/bin/lesspipe %s %s', 'LC_MEASUREMENT': 'zh_CN.UTF-8', 'TRAE_SANDBOX_TRACE_FILE': '/tmp/trae_sandbox_trace_51187655-1088-48ac-bc07-0b0c447a4305.jsonl', 'GPG_AGENT_INFO': '/run/user/1000/gnupg/S.gpg-agent:0:1', 'GJS_DEBUG_OUTPUT': 'stderr', 'LC_IDENTIFICATION': 'zh_CN.UTF-8', 'ROS_AUTOMATIC_DISCOVERY_RANGE': 'SUBNET', 'VSCODE_GIT_ASKPASS_EXTRA_ARGS': '', 'GIT_PAGER': '', 'QT_IM_MODULE': 'fcitx', 'PWD': '/home/c/Formax_wuren_shixi/ros2_learning-main/ros2_advanced/ros2_homework_advanced_ws/build/ros2_homework_advanced', 'LC_ALL': 'en_US.UTF-8', 'SAFE_RM_ALLOWED_PATH': '/home/c/Formax_wuren_shixi/ros2_learning-main/ros2_advanced:/home/c/.config/Trae CN/ModularData/ai-agent/hooks_env:/tmp:/home/c/.cache:/home/c/.local/lib:/home/c/.local/bin:/home/c/.local/share:/home/c/.dotnet:/home/c/.bash_history', 'XDG_CONFIG_DIRS': '/etc/xdg/xdg-ubuntu:/etc/xdg', 'TERM_PRODUCT': 'Trae', 'XDG_DATA_DIRS': '/usr/share/ubuntu:/usr/share/gnome:/usr/local/share/:/usr/share/:/var/lib/snapd/desktop', 'PYTHONPATH': '/home/c/Formax_wuren_shixi/ros2_learning-main/ros2_advanced/ros2_homework_advanced_ws/install/fsd_common_msgs/lib/python3.12/site-packages:/home/c/dev_ws/install/learning_urdf/lib/python3.12/site-packages:/home/c/dev_ws/install/learning_topic/lib/python3.12/site-packages:/home/c/dev_ws/install/learning_tf/lib/python3.12/site-packages:/home/c/dev_ws/install/learning_service/lib/python3.12/site-packages:/home/c/dev_ws/install/learning_qos/lib/python3.12/site-packages:/home/c/dev_ws/install/learning_pkg_python/lib/python3.12/site-packages:/home/c/dev_ws/install/learning_parameter/lib/python3.12/site-packages:/home/c/dev_ws/install/learning_node/lib/python3.12/site-packages:/home/c/dev_ws/install/learning_launch/lib/python3.12/site-packages:/home/c/dev_ws/install/learning_action/lib/python3.12/site-packages:/home/c/dev_ws/install/learning_interface/lib/python3.12/site-packages:/home/c/dev_ws/install/learning_gazebo_harmonic/lib/python3.12/site-packages:/home/c/dev_ws/install/learning_gazebo/lib/python3.12/site-packages:/home/c/dev_ws/install/learning_cv/lib/python3.12/site-packages:/opt/ros/jazzy/lib/python3.12/site-packages', 'SAFE_RM_PROTECTION_FLAG': '/tmp/safe-rm-protection-flag-1ffffe5c-0e15-4421-921a-d6dfed060d53', 'LC_NUMERIC': 'zh_CN.UTF-8', 'LC_PAPER': 'zh_CN.UTF-8', 'COLCON': '1', 'MEMORY_PRESSURE_WRITE': 'c29tZSAyMDAwMDAgMjAwMDAwMAA=', 'SAFE_RM_SOURCE_FLAG': '/tmp/safe-rm-source-flag-c6deb38c-1280-4ac4-857d-76e4a0f31932', 'CMAKE_PREFIX_PATH': '/home/c/Formax_wuren_shixi/ros2_learning-main/ros2_advanced/ros2_homework_advanced_ws/install/fsd_common_msgs:/home/c/dev_ws/install/learning_topic_cpp:/home/c/dev_ws/install/learning_tf_cpp:/home/c/dev_ws/install/learning_service_cpp:/home/c/dev_ws/install/learning_pkg_c:/home/c/dev_ws/install/learning_parameter_cpp:/home/c/dev_ws/install/learning_node_cpp:/home/c/dev_ws/install/learning_action_cpp:/home/c/dev_ws/install/learning_interface:/opt/ros/jazzy/opt/gz_math_vendor:/opt/ros/jazzy/opt/gz_utils_vendor:/opt/ros/jazzy/opt/gz_cmake_vendor:/home/c/dev_ws/install/learning_urdf:/home/c/dev_ws/install/learning_topic:/home/c/dev_ws/install/learning_tf:/home/c/dev_ws/install/learning_service:/home/c/dev_ws/install/learning_qos:/home/c/dev_ws/install/learning_pkg_python:/home/c/dev_ws/install/learning_parameter:/home/c/dev_ws/install/learning_node:/home/c/dev_ws/install/learning_launch:/home/c/dev_ws/install/learning_action:/home/c/dev_ws/install/learning_gazebo_harmonic:/home/c/dev_ws/install/learning_gazebo:/home/c/dev_ws/install/learning_cv:/opt/ros/jazzy'}), 'shell': False}
[31.211086] (ros2_homework_advanced) StdoutLine: {'line': b'-- Install configuration: ""\n'}
[31.211324] (ros2_homework_advanced) StdoutLine: {'line': b'-- Installing: /home/c/Formax_wuren_shixi/ros2_learning-main/ros2_advanced/ros2_homework_advanced_ws/install/ros2_homework_advanced/lib/ros2_homework_advanced/map_visualizer_node\n'}
[31.212200] (-) TimerEvent: {}
[31.216008] (ros2_homework_advanced) StdoutLine: {'line': b'-- Set non-toolchain portion of runtime path of "/home/c/Formax_wuren_shixi/ros2_learning-main/ros2_advanced/ros2_homework_advanced_ws/install/ros2_homework_advanced/lib/ros2_homework_advanced/map_visualizer_node" to ""\n'}
[31.216231] (ros2_homework_advanced) StdoutLine: {'line': b'-- Installing: /home/c/Formax_wuren_shixi/ros2_learning-main/ros2_advanced/ros2_homework_advanced_ws/install/ros2_homework_advanced/share/ros2_homework_advanced/launch\n'}
[31.216330] (ros2_homework_advanced) StdoutLine: {'line': b'-- Installing: /home/c/Formax_wuren_shixi/ros2_learning-main/ros2_advanced/ros2_homework_advanced_ws/install/ros2_homework_advanced/share/ros2_homework_advanced/launch/ros2_homework_advanced.launch.py\n'}
[31.216503] (ros2_homework_advanced) StdoutLine: {'line': b'-- Installing: /home/c/Formax_wuren_shixi/ros2_learning-main/ros2_advanced/ros2_homework_advanced_ws/install/ros2_homework_advanced/share/ament_index/resource_index/package_run_dependencies/ros2_homework_advanced\n'}
[31.216730] (ros2_homework_advanced) StdoutLine: {'line': b'-- Installing: /home/c/Formax_wuren_shixi/ros2_learning-main/ros2_advanced/ros2_homework_advanced_ws/install/ros2_homework_advanced/share/ament_index/resource_index/parent_prefix_path/ros2_homework_advanced\n'}
[31.216938] (ros2_homework_advanced) StdoutLine: {'line': b'-- Installing: /home/c/Formax_wuren_shixi/ros2_learning-main/ros2_advanced/ros2_homework_advanced_ws/install/ros2_homework_advanced/share/ros2_homework_advanced/environment/ament_prefix_path.sh\n'}
[31.217088] (ros2_homework_advanced) StdoutLine: {'line': b'-- Installing: /home/c/Formax_wuren_shixi/ros2_learning-main/ros2_advanced/ros2_homework_advanced_ws/install/ros2_homework_advanced/share/ros2_homework_advanced/environment/ament_prefix_path.dsv\n'}
[31.217265] (ros2_homework_advanced) StdoutLine: {'line': b'-- Installing: /home/c/Formax_wuren_shixi/ros2_learning-main/ros2_advanced/ros2_homework_advanced_ws/install/ros2_homework_advanced/share/ros2_homework_advanced/environment/path.sh\n'}
[31.217409] (ros2_homework_advanced) StdoutLine: {'line': b'-- Installing: /home/c/Formax_wuren_shixi/ros2_learning-main/ros2_advanced/ros2_homework_advanced_ws/install/ros2_homework_advanced/share/ros2_homework_advanced/environment/path.dsv\n'}
[31.217551] (ros2_homework_advanced) StdoutLine: {'line': b'-- Installing: /home/c/Formax_wuren_shixi/ros2_learning-main/ros2_advanced/ros2_homework_advanced_ws/install/ros2_homework_advanced/share/ros2_homework_advanced/local_setup.bash\n'}
[31.217684] (ros2_homework_advanced) StdoutLine: {'line': b'-- Installing: /home/c/Formax_wuren_shixi/ros2_learning-main/ros2_advanced/ros2_homework_advanced_ws/install/ros2_homework_advanced/share/ros2_homework_advanced/local_setup.sh\n'}
[31.217858] (ros2_homework_advanced) StdoutLine: {'line': b'-- Installing: /home/c/Formax_wuren_shixi/ros2_learning-main/ros2_advanced/ros2_homework_advanced_ws/install/ros2_homework_advanced/share/ros2_homework_advanced/local_setup.zsh\n'}
[31.217995] (ros2_homework_advanced) StdoutLine: {'line': b'-- Installing: /home/c/Formax_wuren_shixi/ros2_learning-main/ros2_advanced/ros2_homework_advanced_ws/install/ros2_homework_advanced/share/ros2_homework_advanced/local_setup.dsv\n'}
[31.218150] (ros2_homework_advanced) StdoutLine: {'line': b'-- Installing: /home/c/Formax_wuren_shixi/ros2_learning-main/ros2_advanced/ros2_homework_advanced_ws/install/ros2_homework_advanced/share/ros2_homework_advanced/package.dsv\n'}
[31.218370] (ros2_homework_advanced) StdoutLine: {'line': b'-- Installing: /home/c/Formax_wuren_shixi/ros2_learning-main/ros2_advanced/ros2_homework_advanced_ws/install/ros2_homework_advanced/share/ament_index/resource_index/packages/ros2_homework_advanced\n'}
[31.218644] (ros2_homework_advanced) StdoutLine: {'line': b'-- Installing: /home/c/Formax_wuren_shixi/ros2_learning-main/ros2_advanced/ros2_homework_advanced_ws/install/ros2_homework_advanced/share/ros2_homework_advanced/cmake/ros2_homework_advancedConfig.cmake\n'}
[31.218808] (ros2_homework_advanced) StdoutLine: {'line': b'-- Installing: /home/c/Formax_wuren_shixi/ros2_learning-main/ros2_advanced/ros2_homework_advanced_ws/install/ros2_homework_advanced/share/ros2_homework_advanced/cmake/ros2_homework_advancedConfig-version.cmake\n'}
[31.219002] (ros2_homework_advanced) StdoutLine: {'line': b'-- Installing: /home/c/Formax_wuren_shixi/ros2_learning-main/ros2_advanced/ros2_homework_advanced_ws/install/ros2_homework_advanced/share/ros2_homework_advanced/package.xml\n'}
[31.221792] (ros2_homework_advanced) CommandEnded: {'returncode': 0}
[31.233096] (ros2_homework_advanced) JobEnded: {'identifier': 'ros2_homework_advanced', 'rc': 0}
[31.233720] (-) EventReactorShutdown: {}
