[0.013s] Invoking command in '/home/c/Formax_wuren_shixi/ros2_learning-main/ros2_advanced/ros2_homework_advanced_ws/build/fsd_common_msgs': CMAKE_PREFIX_PATH=${CMAKE_PREFIX_PATH}:/home/c/dev_ws/install/learning_urdf:/home/c/dev_ws/install/learning_topic:/home/c/dev_ws/install/learning_tf:/home/c/dev_ws/install/learning_service:/home/c/dev_ws/install/learning_qos:/home/c/dev_ws/install/learning_pkg_python:/home/c/dev_ws/install/learning_parameter:/home/c/dev_ws/install/learning_node:/home/c/dev_ws/install/learning_launch:/home/c/dev_ws/install/learning_action:/home/c/dev_ws/install/learning_gazebo_harmonic:/home/c/dev_ws/install/learning_gazebo:/home/c/dev_ws/install/learning_cv:/opt/ros/jazzy DEBUGINFOD_URLS=https://debuginfod.ubuntu.com PS1=\n(TraeAI-1) \w [$?] $ __trae_PS1=\n(TraeAI-1) \w [$?] $ /usr/bin/cmake /home/c/Formax_wuren_shixi/ros2_learning-main/ros2_advanced/ros2_homework_advanced_ws/src/fsd_common_msgs -DCMAKE_INSTALL_PREFIX=/home/c/Formax_wuren_shixi/ros2_learning-main/ros2_advanced/ros2_homework_advanced_ws/install/fsd_common_msgs
[0.077s] -- The C compiler identification is GNU 13.3.0
[0.137s] -- The CXX compiler identification is GNU 13.3.0
[0.157s] -- Detecting C compiler ABI info
[0.251s] -- Detecting C compiler ABI info - done
[0.258s] -- Check for working C compiler: /usr/bin/cc - skipped
[0.259s] -- Detecting C compile features
[0.259s] -- Detecting C compile features - done
[0.271s] -- Detecting CXX compiler ABI info
[0.382s] -- Detecting CXX compiler ABI info - done
[0.392s] -- Check for working CXX compiler: /usr/bin/c++ - skipped
[0.392s] -- Detecting CXX compile features
[0.393s] -- Detecting CXX compile features - done
[0.398s] -- Found ament_cmake: 2.5.6 (/opt/ros/jazzy/share/ament_cmake/cmake)
[0.601s] -- Found Python3: /usr/bin/python3 (found version "3.12.3") found components: Interpreter 
[0.761s] -- Found rosidl_default_generators: 1.6.0 (/opt/ros/jazzy/share/rosidl_default_generators/cmake)
[0.773s] -- Using all available rosidl_typesupport_c: rosidl_typesupport_fastrtps_c;rosidl_typesupport_introspection_c
[0.853s] -- Using all available rosidl_typesupport_cpp: rosidl_typesupport_fastrtps_cpp;rosidl_typesupport_introspection_cpp
[0.929s] -- Found rosidl_adapter: 4.6.7 (/opt/ros/jazzy/share/rosidl_adapter/cmake)
[0.938s] -- Found std_msgs: 5.3.7 (/opt/ros/jazzy/share/std_msgs/cmake)
[0.992s] -- Found geometry_msgs: 5.3.7 (/opt/ros/jazzy/share/geometry_msgs/cmake)
[1.016s] -- Found can_msgs: 2.0.0 (/opt/ros/jazzy/share/can_msgs/cmake)
[1.040s] -- Found nav_msgs: 5.3.7 (/opt/ros/jazzy/share/nav_msgs/cmake)
[1.910s] -- Found ament_cmake_ros: 0.12.0 (/opt/ros/jazzy/share/ament_cmake_ros/cmake)
[2.483s] -- Using all available rosidl_typesupport_c: rosidl_typesupport_fastrtps_c;rosidl_typesupport_introspection_c
[3.240s] -- Using all available rosidl_typesupport_cpp: rosidl_typesupport_fastrtps_cpp;rosidl_typesupport_introspection_cpp
[3.252s] -- Found python_cmake_module: 0.11.1 (/opt/ros/jazzy/share/python_cmake_module/cmake)
[3.399s] -- Found PythonExtra: /usr/bin/python3  
[3.929s] -- Found Python3: /usr/bin/python3 (found version "3.12.3") found components: Interpreter Development NumPy Development.Module Development.Embed 
[4.082s] -- Found Python3: /usr/bin/python3 (found version "3.12.3") found components: Interpreter 
[4.101s] -- Configuring done (4.1s)
[4.207s] -- Generating done (0.1s)
[4.223s] -- Build files have been written to: /home/c/Formax_wuren_shixi/ros2_learning-main/ros2_advanced/ros2_homework_advanced_ws/build/fsd_common_msgs
[4.243s] Invoked command in '/home/c/Formax_wuren_shixi/ros2_learning-main/ros2_advanced/ros2_homework_advanced_ws/build/fsd_common_msgs' returned '0': CMAKE_PREFIX_PATH=${CMAKE_PREFIX_PATH}:/home/c/dev_ws/install/learning_urdf:/home/c/dev_ws/install/learning_topic:/home/c/dev_ws/install/learning_tf:/home/c/dev_ws/install/learning_service:/home/c/dev_ws/install/learning_qos:/home/c/dev_ws/install/learning_pkg_python:/home/c/dev_ws/install/learning_parameter:/home/c/dev_ws/install/learning_node:/home/c/dev_ws/install/learning_launch:/home/c/dev_ws/install/learning_action:/home/c/dev_ws/install/learning_gazebo_harmonic:/home/c/dev_ws/install/learning_gazebo:/home/c/dev_ws/install/learning_cv:/opt/ros/jazzy DEBUGINFOD_URLS=https://debuginfod.ubuntu.com PS1=\n(TraeAI-1) \w [$?] $ __trae_PS1=\n(TraeAI-1) \w [$?] $ /usr/bin/cmake /home/c/Formax_wuren_shixi/ros2_learning-main/ros2_advanced/ros2_homework_advanced_ws/src/fsd_common_msgs -DCMAKE_INSTALL_PREFIX=/home/c/Formax_wuren_shixi/ros2_learning-main/ros2_advanced/ros2_homework_advanced_ws/install/fsd_common_msgs
[4.244s] Invoking command in '/home/c/Formax_wuren_shixi/ros2_learning-main/ros2_advanced/ros2_homework_advanced_ws/build/fsd_common_msgs': CMAKE_PREFIX_PATH=${CMAKE_PREFIX_PATH}:/home/c/dev_ws/install/learning_urdf:/home/c/dev_ws/install/learning_topic:/home/c/dev_ws/install/learning_tf:/home/c/dev_ws/install/learning_service:/home/c/dev_ws/install/learning_qos:/home/c/dev_ws/install/learning_pkg_python:/home/c/dev_ws/install/learning_parameter:/home/c/dev_ws/install/learning_node:/home/c/dev_ws/install/learning_launch:/home/c/dev_ws/install/learning_action:/home/c/dev_ws/install/learning_gazebo_harmonic:/home/c/dev_ws/install/learning_gazebo:/home/c/dev_ws/install/learning_cv:/opt/ros/jazzy DEBUGINFOD_URLS=https://debuginfod.ubuntu.com PS1=\n(TraeAI-1) \w [$?] $ __trae_PS1=\n(TraeAI-1) \w [$?] $ /usr/bin/cmake --build /home/c/Formax_wuren_shixi/ros2_learning-main/ros2_advanced/ros2_homework_advanced_ws/build/fsd_common_msgs -- -j16 -l16
[4.315s] [  1%] [34m[1mGenerating type hashes for ROS interfaces[0m
[4.315s] [  1%] [34m[1mGenerating Rust code for ROS interfaces[0m
[4.325s] [  1%] Built target ament_cmake_python_copy_fsd_common_msgs
[4.576s] running egg_info
[4.577s] creating fsd_common_msgs.egg-info
[4.599s] writing fsd_common_msgs.egg-info/PKG-INFO
[4.599s] writing dependency_links to fsd_common_msgs.egg-info/dependency_links.txt
[4.599s] writing top-level names to fsd_common_msgs.egg-info/top_level.txt
[4.600s] writing manifest file 'fsd_common_msgs.egg-info/SOURCES.txt'
[4.671s] reading manifest file 'fsd_common_msgs.egg-info/SOURCES.txt'
[4.671s] writing manifest file 'fsd_common_msgs.egg-info/SOURCES.txt'
[4.714s] [  1%] Built target ament_cmake_python_build_fsd_common_msgs_egg
[5.494s] [  1%] Built target fsd_common_msgs__rosidl_generator_type_description
[5.508s] [  1%] [34m[1mGenerating C code for ROS interfaces[0m
[5.522s] [  1%] [34m[1mGenerating C++ code for ROS interfaces[0m
[5.593s] [  1%] Built target fsd_common_msgs__rs
[7.554s] [  1%] Built target fsd_common_msgs__cpp
[7.999s] [  3%] [32mBuilding C object CMakeFiles/fsd_common_msgs__rosidl_generator_c.dir/rosidl_generator_c/fsd_common_msgs/msg/detail/car_state_dt__functions.c.o[0m
[7.999s] [  3%] [32mBuilding C object CMakeFiles/fsd_common_msgs__rosidl_generator_c.dir/rosidl_generator_c/fsd_common_msgs/msg/detail/can_frames__functions.c.o[0m
[8.001s] [  3%] [32mBuilding C object CMakeFiles/fsd_common_msgs__rosidl_generator_c.dir/rosidl_generator_c/fsd_common_msgs/msg/detail/asensing_message__type_support.c.o[0m
[8.001s] [  3%] [32mBuilding C object CMakeFiles/fsd_common_msgs__rosidl_generator_c.dir/rosidl_generator_c/fsd_common_msgs/msg/detail/car_state__functions.c.o[0m
[8.001s] [  3%] [32mBuilding C object CMakeFiles/fsd_common_msgs__rosidl_generator_c.dir/rosidl_generator_c/fsd_common_msgs/msg/detail/asensing_message__functions.c.o[0m
[8.001s] [  3%] [32mBuilding C object CMakeFiles/fsd_common_msgs__rosidl_generator_c.dir/rosidl_generator_c/fsd_common_msgs/msg/detail/as_state__description.c.o[0m
[8.001s] [  3%] [32mBuilding C object CMakeFiles/fsd_common_msgs__rosidl_generator_c.dir/rosidl_generator_c/fsd_common_msgs/msg/detail/car_state__type_support.c.o[0m
[8.001s] [  3%] [32mBuilding C object CMakeFiles/fsd_common_msgs__rosidl_generator_c.dir/rosidl_generator_c/fsd_common_msgs/msg/detail/car_state__description.c.o[0m
[8.001s] [  4%] [32mBuilding C object CMakeFiles/fsd_common_msgs__rosidl_generator_c.dir/rosidl_generator_c/fsd_common_msgs/msg/detail/cone__description.c.o[0m
[8.001s] [  4%] [32mBuilding C object CMakeFiles/fsd_common_msgs__rosidl_generator_c.dir/rosidl_generator_c/fsd_common_msgs/msg/detail/as_state__type_support.c.o[0m
[8.001s] [  4%] [32mBuilding C object CMakeFiles/fsd_common_msgs__rosidl_generator_c.dir/rosidl_generator_c/fsd_common_msgs/msg/detail/can_frames__type_support.c.o[0m
[8.002s] [  5%] [32mBuilding C object CMakeFiles/fsd_common_msgs__rosidl_generator_c.dir/rosidl_generator_c/fsd_common_msgs/msg/detail/asensing_message__description.c.o[0m
[8.002s] [  6%] [32mBuilding C object CMakeFiles/fsd_common_msgs__rosidl_generator_c.dir/rosidl_generator_c/fsd_common_msgs/msg/detail/car_state_dt__description.c.o[0m
[8.002s] [  6%] [32mBuilding C object CMakeFiles/fsd_common_msgs__rosidl_generator_c.dir/rosidl_generator_c/fsd_common_msgs/msg/detail/as_state__functions.c.o[0m
[8.002s] [  7%] [32mBuilding C object CMakeFiles/fsd_common_msgs__rosidl_generator_c.dir/rosidl_generator_c/fsd_common_msgs/msg/detail/can_frames__description.c.o[0m
[8.011s] [  7%] [32mBuilding C object CMakeFiles/fsd_common_msgs__rosidl_generator_c.dir/rosidl_generator_c/fsd_common_msgs/msg/detail/car_state_dt__type_support.c.o[0m
[8.053s] [  7%] [32mBuilding C object CMakeFiles/fsd_common_msgs__rosidl_generator_c.dir/rosidl_generator_c/fsd_common_msgs/msg/detail/cone__type_support.c.o[0m
[8.062s] [  7%] [32mBuilding C object CMakeFiles/fsd_common_msgs__rosidl_generator_c.dir/rosidl_generator_c/fsd_common_msgs/msg/detail/cone__functions.c.o[0m
[8.063s] [  7%] [32mBuilding C object CMakeFiles/fsd_common_msgs__rosidl_generator_c.dir/rosidl_generator_c/fsd_common_msgs/msg/detail/cone_dbscan__functions.c.o[0m
[8.066s] [  8%] [32mBuilding C object CMakeFiles/fsd_common_msgs__rosidl_generator_c.dir/rosidl_generator_c/fsd_common_msgs/msg/detail/cone_detections__description.c.o[0m
[8.069s] [  9%] [32mBuilding C object CMakeFiles/fsd_common_msgs__rosidl_generator_c.dir/rosidl_generator_c/fsd_common_msgs/msg/detail/cone_dbscan__description.c.o[0m
[8.071s] [  9%] [32mBuilding C object CMakeFiles/fsd_common_msgs__rosidl_generator_c.dir/rosidl_generator_c/fsd_common_msgs/msg/detail/cone_detections__functions.c.o[0m
[8.072s] [  9%] [32mBuilding C object CMakeFiles/fsd_common_msgs__rosidl_generator_c.dir/rosidl_generator_c/fsd_common_msgs/msg/detail/cone_dbscan__type_support.c.o[0m
[8.085s] [  9%] [32mBuilding C object CMakeFiles/fsd_common_msgs__rosidl_generator_c.dir/rosidl_generator_c/fsd_common_msgs/msg/detail/cone_detections__type_support.c.o[0m
[8.086s] [ 10%] [32mBuilding C object CMakeFiles/fsd_common_msgs__rosidl_generator_c.dir/rosidl_generator_c/fsd_common_msgs/msg/detail/cone_detections_dbscan__description.c.o[0m
[8.087s] [  9%] [32mBuilding C object CMakeFiles/fsd_common_msgs__rosidl_generator_c.dir/rosidl_generator_c/fsd_common_msgs/msg/detail/cone_detections_dbscan__functions.c.o[0m
[8.087s] [ 10%] [32mBuilding C object CMakeFiles/fsd_common_msgs__rosidl_generator_c.dir/rosidl_generator_c/fsd_common_msgs/msg/detail/control_command__type_support.c.o[0m
[8.087s] [ 10%] [32mBuilding C object CMakeFiles/fsd_common_msgs__rosidl_generator_c.dir/rosidl_generator_c/fsd_common_msgs/msg/detail/cone_detections_dbscan__type_support.c.o[0m
[8.087s] [ 11%] [32mBuilding C object CMakeFiles/fsd_common_msgs__rosidl_generator_c.dir/rosidl_generator_c/fsd_common_msgs/msg/detail/control_command__description.c.o[0m
[8.096s] [ 12%] [32mBuilding C object CMakeFiles/fsd_common_msgs__rosidl_generator_c.dir/rosidl_generator_c/fsd_common_msgs/msg/detail/decision_flag__description.c.o[0m
[8.096s] [ 12%] [32mBuilding C object CMakeFiles/fsd_common_msgs__rosidl_generator_c.dir/rosidl_generator_c/fsd_common_msgs/msg/detail/control_command__functions.c.o[0m
[8.104s] [ 12%] [32mBuilding C object CMakeFiles/fsd_common_msgs__rosidl_generator_c.dir/rosidl_generator_c/fsd_common_msgs/msg/detail/decision_flag__functions.c.o[0m
[8.134s] [ 12%] [32mBuilding C object CMakeFiles/fsd_common_msgs__rosidl_generator_c.dir/rosidl_generator_c/fsd_common_msgs/msg/detail/decision_flag__type_support.c.o[0m
[8.146s] [ 13%] [32mBuilding C object CMakeFiles/fsd_common_msgs__rosidl_generator_c.dir/rosidl_generator_c/fsd_common_msgs/msg/detail/driving_dynamics__description.c.o[0m
[8.151s] [ 13%] [32mBuilding C object CMakeFiles/fsd_common_msgs__rosidl_generator_c.dir/rosidl_generator_c/fsd_common_msgs/msg/detail/driving_dynamics__functions.c.o[0m
[8.151s] [ 13%] [32mBuilding C object CMakeFiles/fsd_common_msgs__rosidl_generator_c.dir/rosidl_generator_c/fsd_common_msgs/msg/detail/driving_dynamics__type_support.c.o[0m
[8.159s] [ 13%] [32mBuilding C object CMakeFiles/fsd_common_msgs__rosidl_generator_c.dir/rosidl_generator_c/fsd_common_msgs/msg/detail/echiev_message__type_support.c.o[0m
[8.164s] [ 14%] [32mBuilding C object CMakeFiles/fsd_common_msgs__rosidl_generator_c.dir/rosidl_generator_c/fsd_common_msgs/msg/detail/echiev_message__functions.c.o[0m
[8.165s] [ 14%] [32mBuilding C object CMakeFiles/fsd_common_msgs__rosidl_generator_c.dir/rosidl_generator_c/fsd_common_msgs/msg/detail/feedback__type_support.c.o[0m
[8.167s] [ 14%] [32mBuilding C object CMakeFiles/fsd_common_msgs__rosidl_generator_c.dir/rosidl_generator_c/fsd_common_msgs/msg/detail/echiev_message__description.c.o[0m
[8.169s] [ 14%] [32mBuilding C object CMakeFiles/fsd_common_msgs__rosidl_generator_c.dir/rosidl_generator_c/fsd_common_msgs/msg/detail/feedback__functions.c.o[0m
[8.171s] [ 15%] [32mBuilding C object CMakeFiles/fsd_common_msgs__rosidl_generator_c.dir/rosidl_generator_c/fsd_common_msgs/msg/detail/feedback__description.c.o[0m
[8.176s] [ 16%] [32mBuilding C object CMakeFiles/fsd_common_msgs__rosidl_generator_c.dir/rosidl_generator_c/fsd_common_msgs/msg/detail/ins_delta__description.c.o[0m
[8.179s] [ 16%] [32mBuilding C object CMakeFiles/fsd_common_msgs__rosidl_generator_c.dir/rosidl_generator_c/fsd_common_msgs/msg/detail/ins_delta__functions.c.o[0m
[8.194s] [ 16%] [32mBuilding C object CMakeFiles/fsd_common_msgs__rosidl_generator_c.dir/rosidl_generator_c/fsd_common_msgs/msg/detail/ins_delta__type_support.c.o[0m
[8.218s] [ 17%] [32mBuilding C object CMakeFiles/fsd_common_msgs__rosidl_generator_c.dir/rosidl_generator_c/fsd_common_msgs/msg/detail/map__description.c.o[0m
[8.224s] [ 17%] [32mBuilding C object CMakeFiles/fsd_common_msgs__rosidl_generator_c.dir/rosidl_generator_c/fsd_common_msgs/msg/detail/map__functions.c.o[0m
[8.227s] [ 17%] [32mBuilding C object CMakeFiles/fsd_common_msgs__rosidl_generator_c.dir/rosidl_generator_c/fsd_common_msgs/msg/detail/map__type_support.c.o[0m
[8.249s] [ 18%] [32mBuilding C object CMakeFiles/fsd_common_msgs__rosidl_generator_c.dir/rosidl_generator_c/fsd_common_msgs/msg/detail/mission__description.c.o[0m
[8.254s] [ 18%] [32mBuilding C object CMakeFiles/fsd_common_msgs__rosidl_generator_c.dir/rosidl_generator_c/fsd_common_msgs/msg/detail/mission__functions.c.o[0m
[8.263s] [ 18%] [32mBuilding C object CMakeFiles/fsd_common_msgs__rosidl_generator_c.dir/rosidl_generator_c/fsd_common_msgs/msg/detail/mission__type_support.c.o[0m
[8.266s] [ 19%] [32mBuilding C object CMakeFiles/fsd_common_msgs__rosidl_generator_c.dir/rosidl_generator_c/fsd_common_msgs/msg/detail/remote_control_command__description.c.o[0m
[8.270s] [ 20%] [32mBuilding C object CMakeFiles/fsd_common_msgs__rosidl_generator_c.dir/rosidl_generator_c/fsd_common_msgs/msg/detail/remote_control_command__functions.c.o[0m
[8.270s] [ 20%] [32mBuilding C object CMakeFiles/fsd_common_msgs__rosidl_generator_c.dir/rosidl_generator_c/fsd_common_msgs/msg/detail/res_and_ami__description.c.o[0m
[8.276s] [ 20%] [32mBuilding C object CMakeFiles/fsd_common_msgs__rosidl_generator_c.dir/rosidl_generator_c/fsd_common_msgs/msg/detail/remote_control_command__type_support.c.o[0m
[8.277s] [ 20%] [32mBuilding C object CMakeFiles/fsd_common_msgs__rosidl_generator_c.dir/rosidl_generator_c/fsd_common_msgs/msg/detail/res_and_ami__functions.c.o[0m
[8.278s] [ 20%] [32mBuilding C object CMakeFiles/fsd_common_msgs__rosidl_generator_c.dir/rosidl_generator_c/fsd_common_msgs/msg/detail/res_and_ami__type_support.c.o[0m
[8.288s] [ 21%] [32mBuilding C object CMakeFiles/fsd_common_msgs__rosidl_generator_c.dir/rosidl_generator_c/fsd_common_msgs/msg/detail/skidpad_global_center_line__description.c.o[0m
[8.304s] [ 21%] [32mBuilding C object CMakeFiles/fsd_common_msgs__rosidl_generator_c.dir/rosidl_generator_c/fsd_common_msgs/msg/detail/skidpad_global_center_line__type_support.c.o[0m
[8.304s] [ 21%] [32mBuilding C object CMakeFiles/fsd_common_msgs__rosidl_generator_c.dir/rosidl_generator_c/fsd_common_msgs/msg/detail/time__description.c.o[0m
[8.305s] [ 21%] [32mBuilding C object CMakeFiles/fsd_common_msgs__rosidl_generator_c.dir/rosidl_generator_c/fsd_common_msgs/msg/detail/skidpad_global_center_line__functions.c.o[0m
[8.315s] [ 22%] [32mBuilding C object CMakeFiles/fsd_common_msgs__rosidl_generator_c.dir/rosidl_generator_c/fsd_common_msgs/msg/detail/time__functions.c.o[0m
[8.328s] [ 22%] [32mBuilding C object CMakeFiles/fsd_common_msgs__rosidl_generator_c.dir/rosidl_generator_c/fsd_common_msgs/msg/detail/time__type_support.c.o[0m
[8.336s] [ 22%] [32mBuilding C object CMakeFiles/fsd_common_msgs__rosidl_generator_c.dir/rosidl_generator_c/fsd_common_msgs/msg/detail/track__description.c.o[0m
[8.337s] [ 23%] [32mBuilding C object CMakeFiles/fsd_common_msgs__rosidl_generator_c.dir/rosidl_generator_c/fsd_common_msgs/msg/detail/track__functions.c.o[0m
[8.338s] [ 23%] [32mBuilding C object CMakeFiles/fsd_common_msgs__rosidl_generator_c.dir/rosidl_generator_c/fsd_common_msgs/msg/detail/track__type_support.c.o[0m
[8.353s] [ 23%] [32mBuilding C object CMakeFiles/fsd_common_msgs__rosidl_generator_c.dir/rosidl_generator_c/fsd_common_msgs/msg/detail/trajectory_point__description.c.o[0m
[8.359s] [ 24%] [32mBuilding C object CMakeFiles/fsd_common_msgs__rosidl_generator_c.dir/rosidl_generator_c/fsd_common_msgs/msg/detail/trajectory_point__functions.c.o[0m
[8.360s] [ 24%] [32mBuilding C object CMakeFiles/fsd_common_msgs__rosidl_generator_c.dir/rosidl_generator_c/fsd_common_msgs/msg/detail/trajectory_point__type_support.c.o[0m
[8.363s] [ 24%] [32mBuilding C object CMakeFiles/fsd_common_msgs__rosidl_generator_c.dir/rosidl_generator_c/fsd_common_msgs/msg/detail/visualization__description.c.o[0m
[8.375s] [ 25%] [32mBuilding C object CMakeFiles/fsd_common_msgs__rosidl_generator_c.dir/rosidl_generator_c/fsd_common_msgs/msg/detail/visualization__functions.c.o[0m
[8.378s] [ 25%] [32mBuilding C object CMakeFiles/fsd_common_msgs__rosidl_generator_c.dir/rosidl_generator_c/fsd_common_msgs/msg/detail/visualization__type_support.c.o[0m
[8.379s] [ 25%] [32mBuilding C object CMakeFiles/fsd_common_msgs__rosidl_generator_c.dir/rosidl_generator_c/fsd_common_msgs/msg/detail/yolo_cone__description.c.o[0m
[8.383s] [ 26%] [32mBuilding C object CMakeFiles/fsd_common_msgs__rosidl_generator_c.dir/rosidl_generator_c/fsd_common_msgs/msg/detail/yolo_cone__functions.c.o[0m
[8.390s] [ 26%] [32mBuilding C object CMakeFiles/fsd_common_msgs__rosidl_generator_c.dir/rosidl_generator_c/fsd_common_msgs/msg/detail/yolo_cone__type_support.c.o[0m
[8.405s] [ 27%] [32mBuilding C object CMakeFiles/fsd_common_msgs__rosidl_generator_c.dir/rosidl_generator_c/fsd_common_msgs/msg/detail/yolo_cone_detections__type_support.c.o[0m
[8.405s] [ 27%] [32mBuilding C object CMakeFiles/fsd_common_msgs__rosidl_generator_c.dir/rosidl_generator_c/fsd_common_msgs/msg/detail/yolo_cone_detections__functions.c.o[0m
[8.412s] [ 27%] [32mBuilding C object CMakeFiles/fsd_common_msgs__rosidl_generator_c.dir/rosidl_generator_c/fsd_common_msgs/msg/detail/yolo_cone_detections__description.c.o[0m
[8.424s] [ 27%] [32mBuilding C object CMakeFiles/fsd_common_msgs__rosidl_generator_c.dir/rosidl_generator_c/fsd_common_msgs/msg/detail/yolo_cone_detections_track__description.c.o[0m
[8.424s] [ 27%] [32mBuilding C object CMakeFiles/fsd_common_msgs__rosidl_generator_c.dir/rosidl_generator_c/fsd_common_msgs/msg/detail/yolo_cone_detections_track__type_support.c.o[0m
[8.430s] [ 28%] [32mBuilding C object CMakeFiles/fsd_common_msgs__rosidl_generator_c.dir/rosidl_generator_c/fsd_common_msgs/msg/detail/yolo_cone_detections_track__functions.c.o[0m
[8.432s] [ 29%] [32mBuilding C object CMakeFiles/fsd_common_msgs__rosidl_generator_c.dir/rosidl_generator_c/fsd_common_msgs/msg/detail/yolo_cone_track__functions.c.o[0m
[8.432s] [ 29%] [32mBuilding C object CMakeFiles/fsd_common_msgs__rosidl_generator_c.dir/rosidl_generator_c/fsd_common_msgs/msg/detail/yolo_cone_track__description.c.o[0m
[8.441s] [ 29%] [32mBuilding C object CMakeFiles/fsd_common_msgs__rosidl_generator_c.dir/rosidl_generator_c/fsd_common_msgs/msg/detail/yolo_cone_track__type_support.c.o[0m
[8.499s] [ 29%] [32m[1mLinking C shared library libfsd_common_msgs__rosidl_generator_c.so[0m
[8.556s] [ 29%] Built target fsd_common_msgs__rosidl_generator_c
[8.569s] [ 31%] [34m[1mGenerating C type support for eProsima Fast-RTPS[0m
[8.570s] [ 31%] [34m[1mGenerating C++ type support dispatch for ROS interfaces[0m
[8.570s] [ 31%] [34m[1mGenerating C++ introspection for ROS interfaces[0m
[8.570s] [ 31%] [34m[1mGenerating C introspection for ROS interfaces[0m
[8.570s] [ 31%] [34m[1mGenerating C++ type support for eProsima Fast-RTPS[0m
[8.570s] [ 31%] [34m[1mGenerating C type support dispatch for ROS interfaces[0m
[10.130s] [ 31%] [32mBuilding CXX object CMakeFiles/fsd_common_msgs__rosidl_typesupport_c.dir/rosidl_typesupport_c/fsd_common_msgs/msg/cone__type_support.cpp.o[0m
[10.130s] [ 31%] [32mBuilding CXX object CMakeFiles/fsd_common_msgs__rosidl_typesupport_c.dir/rosidl_typesupport_c/fsd_common_msgs/msg/car_state_dt__type_support.cpp.o[0m
[10.130s] [ 31%] [32mBuilding CXX object CMakeFiles/fsd_common_msgs__rosidl_typesupport_c.dir/rosidl_typesupport_c/fsd_common_msgs/msg/car_state__type_support.cpp.o[0m
[10.130s] [ 31%] [32mBuilding CXX object CMakeFiles/fsd_common_msgs__rosidl_typesupport_c.dir/rosidl_typesupport_c/fsd_common_msgs/msg/asensing_message__type_support.cpp.o[0m
[10.130s] [ 32%] [32mBuilding CXX object CMakeFiles/fsd_common_msgs__rosidl_typesupport_c.dir/rosidl_typesupport_c/fsd_common_msgs/msg/cone_dbscan__type_support.cpp.o[0m
[10.131s] [ 32%] [32mBuilding CXX object CMakeFiles/fsd_common_msgs__rosidl_typesupport_c.dir/rosidl_typesupport_c/fsd_common_msgs/msg/cone_detections__type_support.cpp.o[0m
[10.131s] [ 32%] [32mBuilding CXX object CMakeFiles/fsd_common_msgs__rosidl_typesupport_c.dir/rosidl_typesupport_c/fsd_common_msgs/msg/as_state__type_support.cpp.o[0m
[10.131s] [ 33%] [32mBuilding CXX object CMakeFiles/fsd_common_msgs__rosidl_typesupport_c.dir/rosidl_typesupport_c/fsd_common_msgs/msg/cone_detections_dbscan__type_support.cpp.o[0m
[10.131s] [ 33%] [32mBuilding CXX object CMakeFiles/fsd_common_msgs__rosidl_typesupport_c.dir/rosidl_typesupport_c/fsd_common_msgs/msg/control_command__type_support.cpp.o[0m
[10.132s] [ 34%] [32mBuilding CXX object CMakeFiles/fsd_common_msgs__rosidl_typesupport_c.dir/rosidl_typesupport_c/fsd_common_msgs/msg/decision_flag__type_support.cpp.o[0m
[10.133s] [ 34%] [32mBuilding CXX object CMakeFiles/fsd_common_msgs__rosidl_typesupport_c.dir/rosidl_typesupport_c/fsd_common_msgs/msg/can_frames__type_support.cpp.o[0m
[10.197s] [ 34%] [32mBuilding CXX object CMakeFiles/fsd_common_msgs__rosidl_typesupport_c.dir/rosidl_typesupport_c/fsd_common_msgs/msg/driving_dynamics__type_support.cpp.o[0m
[10.204s] [ 35%] [32mBuilding CXX object CMakeFiles/fsd_common_msgs__rosidl_typesupport_c.dir/rosidl_typesupport_c/fsd_common_msgs/msg/echiev_message__type_support.cpp.o[0m
[10.204s] [ 36%] [32mBuilding CXX object CMakeFiles/fsd_common_msgs__rosidl_typesupport_c.dir/rosidl_typesupport_c/fsd_common_msgs/msg/map__type_support.cpp.o[0m
[10.207s] [ 36%] [32mBuilding CXX object CMakeFiles/fsd_common_msgs__rosidl_typesupport_c.dir/rosidl_typesupport_c/fsd_common_msgs/msg/ins_delta__type_support.cpp.o[0m
[10.207s] [ 36%] [32mBuilding CXX object CMakeFiles/fsd_common_msgs__rosidl_typesupport_c.dir/rosidl_typesupport_c/fsd_common_msgs/msg/mission__type_support.cpp.o[0m
[10.207s] [ 36%] [32mBuilding CXX object CMakeFiles/fsd_common_msgs__rosidl_typesupport_c.dir/rosidl_typesupport_c/fsd_common_msgs/msg/feedback__type_support.cpp.o[0m
[10.220s] [ 36%] [32mBuilding CXX object CMakeFiles/fsd_common_msgs__rosidl_typesupport_c.dir/rosidl_typesupport_c/fsd_common_msgs/msg/remote_control_command__type_support.cpp.o[0m
[10.225s] [ 37%] [32mBuilding CXX object CMakeFiles/fsd_common_msgs__rosidl_typesupport_c.dir/rosidl_typesupport_c/fsd_common_msgs/msg/res_and_ami__type_support.cpp.o[0m
[10.236s] [ 37%] [32mBuilding CXX object CMakeFiles/fsd_common_msgs__rosidl_typesupport_c.dir/rosidl_typesupport_c/fsd_common_msgs/msg/skidpad_global_center_line__type_support.cpp.o[0m
[10.260s] [ 38%] [32mBuilding CXX object CMakeFiles/fsd_common_msgs__rosidl_typesupport_c.dir/rosidl_typesupport_c/fsd_common_msgs/msg/track__type_support.cpp.o[0m
[10.260s] [ 38%] [32mBuilding CXX object CMakeFiles/fsd_common_msgs__rosidl_typesupport_c.dir/rosidl_typesupport_c/fsd_common_msgs/msg/time__type_support.cpp.o[0m
[10.278s] [ 38%] [32mBuilding CXX object CMakeFiles/fsd_common_msgs__rosidl_typesupport_c.dir/rosidl_typesupport_c/fsd_common_msgs/msg/visualization__type_support.cpp.o[0m
[10.278s] [ 38%] [32mBuilding CXX object CMakeFiles/fsd_common_msgs__rosidl_typesupport_c.dir/rosidl_typesupport_c/fsd_common_msgs/msg/trajectory_point__type_support.cpp.o[0m
[10.282s] [ 39%] [32mBuilding CXX object CMakeFiles/fsd_common_msgs__rosidl_typesupport_c.dir/rosidl_typesupport_c/fsd_common_msgs/msg/yolo_cone__type_support.cpp.o[0m
[10.290s] [ 39%] [32mBuilding CXX object CMakeFiles/fsd_common_msgs__rosidl_typesupport_c.dir/rosidl_typesupport_c/fsd_common_msgs/msg/yolo_cone_detections__type_support.cpp.o[0m
[10.296s] [ 39%] [32mBuilding CXX object CMakeFiles/fsd_common_msgs__rosidl_typesupport_c.dir/rosidl_typesupport_c/fsd_common_msgs/msg/yolo_cone_detections_track__type_support.cpp.o[0m
[10.301s] [ 40%] [32mBuilding CXX object CMakeFiles/fsd_common_msgs__rosidl_typesupport_c.dir/rosidl_typesupport_c/fsd_common_msgs/msg/yolo_cone_track__type_support.cpp.o[0m
[10.369s] [ 40%] [32m[1mLinking CXX shared library libfsd_common_msgs__rosidl_typesupport_c.so[0m
[10.388s] [ 42%] [32mBuilding CXX object CMakeFiles/fsd_common_msgs__rosidl_typesupport_cpp.dir/rosidl_typesupport_cpp/fsd_common_msgs/msg/cone_dbscan__type_support.cpp.o[0m
[10.388s] [ 42%] [32mBuilding CXX object CMakeFiles/fsd_common_msgs__rosidl_typesupport_cpp.dir/rosidl_typesupport_cpp/fsd_common_msgs/msg/car_state__type_support.cpp.o[0m
[10.388s] [ 42%] [32mBuilding CXX object CMakeFiles/fsd_common_msgs__rosidl_typesupport_cpp.dir/rosidl_typesupport_cpp/fsd_common_msgs/msg/asensing_message__type_support.cpp.o[0m
[10.389s] [ 42%] [32mBuilding CXX object CMakeFiles/fsd_common_msgs__rosidl_typesupport_cpp.dir/rosidl_typesupport_cpp/fsd_common_msgs/msg/car_state_dt__type_support.cpp.o[0m
[10.389s] [ 42%] [32mBuilding CXX object CMakeFiles/fsd_common_msgs__rosidl_typesupport_cpp.dir/rosidl_typesupport_cpp/fsd_common_msgs/msg/cone__type_support.cpp.o[0m
[10.389s] [ 42%] [32mBuilding CXX object CMakeFiles/fsd_common_msgs__rosidl_typesupport_cpp.dir/rosidl_typesupport_cpp/fsd_common_msgs/msg/cone_detections__type_support.cpp.o[0m
[10.391s] [ 42%] [32mBuilding CXX object CMakeFiles/fsd_common_msgs__rosidl_typesupport_cpp.dir/rosidl_typesupport_cpp/fsd_common_msgs/msg/can_frames__type_support.cpp.o[0m
[10.391s] [ 43%] [32mBuilding CXX object CMakeFiles/fsd_common_msgs__rosidl_typesupport_cpp.dir/rosidl_typesupport_cpp/fsd_common_msgs/msg/as_state__type_support.cpp.o[0m
[10.396s] [ 44%] [32mBuilding CXX object CMakeFiles/fsd_common_msgs__rosidl_typesupport_cpp.dir/rosidl_typesupport_cpp/fsd_common_msgs/msg/control_command__type_support.cpp.o[0m
[10.400s] [ 44%] [32mBuilding CXX object CMakeFiles/fsd_common_msgs__rosidl_typesupport_cpp.dir/rosidl_typesupport_cpp/fsd_common_msgs/msg/decision_flag__type_support.cpp.o[0m
[10.404s] [ 44%] [32mBuilding CXX object CMakeFiles/fsd_common_msgs__rosidl_typesupport_cpp.dir/rosidl_typesupport_cpp/fsd_common_msgs/msg/cone_detections_dbscan__type_support.cpp.o[0m
[10.480s] [ 44%] Built target fsd_common_msgs__rosidl_typesupport_c
[10.499s] [ 44%] [32mBuilding CXX object CMakeFiles/fsd_common_msgs__rosidl_typesupport_cpp.dir/rosidl_typesupport_cpp/fsd_common_msgs/msg/driving_dynamics__type_support.cpp.o[0m
[10.920s] [ 45%] [32mBuilding CXX object CMakeFiles/fsd_common_msgs__rosidl_typesupport_cpp.dir/rosidl_typesupport_cpp/fsd_common_msgs/msg/echiev_message__type_support.cpp.o[0m
[10.941s] [ 45%] [32mBuilding CXX object CMakeFiles/fsd_common_msgs__rosidl_typesupport_cpp.dir/rosidl_typesupport_cpp/fsd_common_msgs/msg/feedback__type_support.cpp.o[0m
[10.975s] [ 45%] [32mBuilding CXX object CMakeFiles/fsd_common_msgs__rosidl_typesupport_cpp.dir/rosidl_typesupport_cpp/fsd_common_msgs/msg/ins_delta__type_support.cpp.o[0m
[11.001s] [ 46%] [32mBuilding CXX object CMakeFiles/fsd_common_msgs__rosidl_typesupport_cpp.dir/rosidl_typesupport_cpp/fsd_common_msgs/msg/map__type_support.cpp.o[0m
[11.011s] [ 46%] [32mBuilding CXX object CMakeFiles/fsd_common_msgs__rosidl_typesupport_cpp.dir/rosidl_typesupport_cpp/fsd_common_msgs/msg/mission__type_support.cpp.o[0m
[11.029s] [ 46%] [32mBuilding CXX object CMakeFiles/fsd_common_msgs__rosidl_typesupport_cpp.dir/rosidl_typesupport_cpp/fsd_common_msgs/msg/remote_control_command__type_support.cpp.o[0m
[11.035s] [ 47%] [32mBuilding CXX object CMakeFiles/fsd_common_msgs__rosidl_typesupport_cpp.dir/rosidl_typesupport_cpp/fsd_common_msgs/msg/res_and_ami__type_support.cpp.o[0m
[11.049s] [ 47%] [32mBuilding CXX object CMakeFiles/fsd_common_msgs__rosidl_typesupport_cpp.dir/rosidl_typesupport_cpp/fsd_common_msgs/msg/time__type_support.cpp.o[0m
[11.050s] [ 47%] [32mBuilding CXX object CMakeFiles/fsd_common_msgs__rosidl_typesupport_cpp.dir/rosidl_typesupport_cpp/fsd_common_msgs/msg/skidpad_global_center_line__type_support.cpp.o[0m
[11.108s] [ 48%] [32mBuilding CXX object CMakeFiles/fsd_common_msgs__rosidl_typesupport_cpp.dir/rosidl_typesupport_cpp/fsd_common_msgs/msg/track__type_support.cpp.o[0m
[11.206s] [ 48%] [32mBuilding CXX object CMakeFiles/fsd_common_msgs__rosidl_typesupport_cpp.dir/rosidl_typesupport_cpp/fsd_common_msgs/msg/trajectory_point__type_support.cpp.o[0m
[11.243s] [ 48%] [32mBuilding CXX object CMakeFiles/fsd_common_msgs__rosidl_typesupport_cpp.dir/rosidl_typesupport_cpp/fsd_common_msgs/msg/visualization__type_support.cpp.o[0m
[11.470s] [ 49%] [32mBuilding CXX object CMakeFiles/fsd_common_msgs__rosidl_typesupport_cpp.dir/rosidl_typesupport_cpp/fsd_common_msgs/msg/yolo_cone__type_support.cpp.o[0m
[11.522s] [ 49%] [32mBuilding CXX object CMakeFiles/fsd_common_msgs__rosidl_typesupport_introspection_cpp.dir/rosidl_typesupport_introspection_cpp/fsd_common_msgs/msg/detail/as_state__type_support.cpp.o[0m
[11.540s] [ 50%] [32mBuilding CXX object CMakeFiles/fsd_common_msgs__rosidl_typesupport_introspection_cpp.dir/rosidl_typesupport_introspection_cpp/fsd_common_msgs/msg/detail/can_frames__type_support.cpp.o[0m
[11.542s] [ 50%] [32mBuilding CXX object CMakeFiles/fsd_common_msgs__rosidl_typesupport_introspection_cpp.dir/rosidl_typesupport_introspection_cpp/fsd_common_msgs/msg/detail/asensing_message__type_support.cpp.o[0m
[11.557s] [ 50%] [32mBuilding C object CMakeFiles/fsd_common_msgs__rosidl_typesupport_introspection_c.dir/rosidl_typesupport_introspection_c/fsd_common_msgs/msg/detail/as_state__type_support.c.o[0m
[11.565s] [ 51%] [32mBuilding C object CMakeFiles/fsd_common_msgs__rosidl_typesupport_introspection_c.dir/rosidl_typesupport_introspection_c/fsd_common_msgs/msg/detail/asensing_message__type_support.c.o[0m
[11.568s] [ 51%] [32mBuilding CXX object CMakeFiles/fsd_common_msgs__rosidl_typesupport_cpp.dir/rosidl_typesupport_cpp/fsd_common_msgs/msg/yolo_cone_detections__type_support.cpp.o[0m
[11.590s] [ 51%] [32mBuilding CXX object CMakeFiles/fsd_common_msgs__rosidl_typesupport_introspection_cpp.dir/rosidl_typesupport_introspection_cpp/fsd_common_msgs/msg/detail/car_state__type_support.cpp.o[0m
[11.607s] [ 51%] [32mBuilding C object CMakeFiles/fsd_common_msgs__rosidl_typesupport_introspection_c.dir/rosidl_typesupport_introspection_c/fsd_common_msgs/msg/detail/can_frames__type_support.c.o[0m
[11.615s] [ 51%] [32mBuilding C object CMakeFiles/fsd_common_msgs__rosidl_typesupport_introspection_c.dir/rosidl_typesupport_introspection_c/fsd_common_msgs/msg/detail/car_state__type_support.c.o[0m
[11.622s] [ 51%] [32mBuilding CXX object CMakeFiles/fsd_common_msgs__rosidl_typesupport_introspection_cpp.dir/rosidl_typesupport_introspection_cpp/fsd_common_msgs/msg/detail/car_state_dt__type_support.cpp.o[0m
[11.628s] [ 52%] [32mBuilding CXX object CMakeFiles/fsd_common_msgs__rosidl_typesupport_introspection_cpp.dir/rosidl_typesupport_introspection_cpp/fsd_common_msgs/msg/detail/cone__type_support.cpp.o[0m
[11.641s] [ 52%] [32mBuilding CXX object CMakeFiles/fsd_common_msgs__rosidl_typesupport_introspection_cpp.dir/rosidl_typesupport_introspection_cpp/fsd_common_msgs/msg/detail/cone_dbscan__type_support.cpp.o[0m
[11.695s] [ 52%] [32mBuilding CXX object CMakeFiles/fsd_common_msgs__rosidl_typesupport_introspection_cpp.dir/rosidl_typesupport_introspection_cpp/fsd_common_msgs/msg/detail/cone_detections__type_support.cpp.o[0m
[11.718s] [ 53%] [32mBuilding C object CMakeFiles/fsd_common_msgs__rosidl_typesupport_introspection_c.dir/rosidl_typesupport_introspection_c/fsd_common_msgs/msg/detail/car_state_dt__type_support.c.o[0m
[11.736s] [ 53%] [32mBuilding CXX object CMakeFiles/fsd_common_msgs__rosidl_typesupport_cpp.dir/rosidl_typesupport_cpp/fsd_common_msgs/msg/yolo_cone_detections_track__type_support.cpp.o[0m
[11.762s] [ 54%] [32mBuilding CXX object CMakeFiles/fsd_common_msgs__rosidl_typesupport_cpp.dir/rosidl_typesupport_cpp/fsd_common_msgs/msg/yolo_cone_track__type_support.cpp.o[0m
[11.773s] [ 55%] [32mBuilding CXX object CMakeFiles/fsd_common_msgs__rosidl_typesupport_introspection_cpp.dir/rosidl_typesupport_introspection_cpp/fsd_common_msgs/msg/detail/cone_detections_dbscan__type_support.cpp.o[0m
[11.833s] [ 55%] [32mBuilding C object CMakeFiles/fsd_common_msgs__rosidl_typesupport_introspection_c.dir/rosidl_typesupport_introspection_c/fsd_common_msgs/msg/detail/cone__type_support.c.o[0m
[11.993s] [ 55%] [32mBuilding C object CMakeFiles/fsd_common_msgs__rosidl_typesupport_introspection_c.dir/rosidl_typesupport_introspection_c/fsd_common_msgs/msg/detail/cone_dbscan__type_support.c.o[0m
[12.019s] [ 55%] [32mBuilding CXX object CMakeFiles/fsd_common_msgs__rosidl_typesupport_introspection_cpp.dir/rosidl_typesupport_introspection_cpp/fsd_common_msgs/msg/detail/control_command__type_support.cpp.o[0m
[12.097s] [ 55%] [32mBuilding C object CMakeFiles/fsd_common_msgs__rosidl_typesupport_introspection_c.dir/rosidl_typesupport_introspection_c/fsd_common_msgs/msg/detail/cone_detections__type_support.c.o[0m
[12.133s] [ 55%] [32mBuilding CXX object CMakeFiles/fsd_common_msgs__rosidl_typesupport_introspection_cpp.dir/rosidl_typesupport_introspection_cpp/fsd_common_msgs/msg/detail/decision_flag__type_support.cpp.o[0m
[12.147s] [ 56%] [32mBuilding C object CMakeFiles/fsd_common_msgs__rosidl_typesupport_introspection_c.dir/rosidl_typesupport_introspection_c/fsd_common_msgs/msg/detail/cone_detections_dbscan__type_support.c.o[0m
[12.152s] [ 57%] [32mBuilding CXX object CMakeFiles/fsd_common_msgs__rosidl_typesupport_introspection_cpp.dir/rosidl_typesupport_introspection_cpp/fsd_common_msgs/msg/detail/driving_dynamics__type_support.cpp.o[0m
[12.180s] [ 57%] [32mBuilding CXX object CMakeFiles/fsd_common_msgs__rosidl_typesupport_introspection_cpp.dir/rosidl_typesupport_introspection_cpp/fsd_common_msgs/msg/detail/echiev_message__type_support.cpp.o[0m
[12.186s] [ 57%] [32mBuilding C object CMakeFiles/fsd_common_msgs__rosidl_typesupport_introspection_c.dir/rosidl_typesupport_introspection_c/fsd_common_msgs/msg/detail/control_command__type_support.c.o[0m
[12.215s] [ 57%] [32mBuilding C object CMakeFiles/fsd_common_msgs__rosidl_typesupport_introspection_c.dir/rosidl_typesupport_introspection_c/fsd_common_msgs/msg/detail/decision_flag__type_support.c.o[0m
[12.219s] [ 58%] [32mBuilding C object CMakeFiles/fsd_common_msgs__rosidl_typesupport_introspection_c.dir/rosidl_typesupport_introspection_c/fsd_common_msgs/msg/detail/driving_dynamics__type_support.c.o[0m
[12.236s] [ 58%] [32mBuilding C object CMakeFiles/fsd_common_msgs__rosidl_typesupport_introspection_c.dir/rosidl_typesupport_introspection_c/fsd_common_msgs/msg/detail/echiev_message__type_support.c.o[0m
[12.286s] [ 58%] [32mBuilding CXX object CMakeFiles/fsd_common_msgs__rosidl_typesupport_introspection_cpp.dir/rosidl_typesupport_introspection_cpp/fsd_common_msgs/msg/detail/feedback__type_support.cpp.o[0m
[12.299s] [ 59%] [32mBuilding CXX object CMakeFiles/fsd_common_msgs__rosidl_typesupport_introspection_cpp.dir/rosidl_typesupport_introspection_cpp/fsd_common_msgs/msg/detail/ins_delta__type_support.cpp.o[0m
[12.304s] [ 59%] [32mBuilding CXX object CMakeFiles/fsd_common_msgs__rosidl_typesupport_introspection_cpp.dir/rosidl_typesupport_introspection_cpp/fsd_common_msgs/msg/detail/mission__type_support.cpp.o[0m
[12.307s] [ 59%] [32mBuilding CXX object CMakeFiles/fsd_common_msgs__rosidl_typesupport_introspection_cpp.dir/rosidl_typesupport_introspection_cpp/fsd_common_msgs/msg/detail/map__type_support.cpp.o[0m
[12.310s] [ 60%] [32mBuilding CXX object CMakeFiles/fsd_common_msgs__rosidl_typesupport_introspection_cpp.dir/rosidl_typesupport_introspection_cpp/fsd_common_msgs/msg/detail/remote_control_command__type_support.cpp.o[0m
[12.314s] [ 60%] [32mBuilding CXX object CMakeFiles/fsd_common_msgs__rosidl_typesupport_introspection_cpp.dir/rosidl_typesupport_introspection_cpp/fsd_common_msgs/msg/detail/res_and_ami__type_support.cpp.o[0m
[12.345s] [ 60%] [32mBuilding C object CMakeFiles/fsd_common_msgs__rosidl_typesupport_introspection_c.dir/rosidl_typesupport_introspection_c/fsd_common_msgs/msg/detail/feedback__type_support.c.o[0m
[12.367s] [ 60%] [32mBuilding CXX object CMakeFiles/fsd_common_msgs__rosidl_typesupport_introspection_cpp.dir/rosidl_typesupport_introspection_cpp/fsd_common_msgs/msg/detail/skidpad_global_center_line__type_support.cpp.o[0m
[12.387s] [ 60%] [32m[1mLinking CXX shared library libfsd_common_msgs__rosidl_typesupport_cpp.so[0m
[12.421s] [ 61%] [32mBuilding CXX object CMakeFiles/fsd_common_msgs__rosidl_typesupport_introspection_cpp.dir/rosidl_typesupport_introspection_cpp/fsd_common_msgs/msg/detail/time__type_support.cpp.o[0m
[12.422s] [ 62%] [32mBuilding C object CMakeFiles/fsd_common_msgs__rosidl_typesupport_introspection_c.dir/rosidl_typesupport_introspection_c/fsd_common_msgs/msg/detail/ins_delta__type_support.c.o[0m
[12.503s] [ 62%] Built target fsd_common_msgs__rosidl_typesupport_cpp
[12.519s] [ 62%] [32mBuilding C object CMakeFiles/fsd_common_msgs__rosidl_typesupport_introspection_c.dir/rosidl_typesupport_introspection_c/fsd_common_msgs/msg/detail/map__type_support.c.o[0m
[12.526s] [ 62%] [32mBuilding C object CMakeFiles/fsd_common_msgs__rosidl_typesupport_introspection_c.dir/rosidl_typesupport_introspection_c/fsd_common_msgs/msg/detail/mission__type_support.c.o[0m
[12.577s] [ 62%] [32mBuilding CXX object CMakeFiles/fsd_common_msgs__rosidl_typesupport_fastrtps_cpp.dir/rosidl_typesupport_fastrtps_cpp/fsd_common_msgs/msg/detail/dds_fastrtps/as_state__type_support.cpp.o[0m
[12.579s] [ 63%] [32mBuilding C object CMakeFiles/fsd_common_msgs__rosidl_typesupport_introspection_c.dir/rosidl_typesupport_introspection_c/fsd_common_msgs/msg/detail/remote_control_command__type_support.c.o[0m
[12.594s] [ 63%] [32mBuilding CXX object CMakeFiles/fsd_common_msgs__rosidl_typesupport_introspection_cpp.dir/rosidl_typesupport_introspection_cpp/fsd_common_msgs/msg/detail/track__type_support.cpp.o[0m
[12.622s] [ 64%] [32mBuilding CXX object CMakeFiles/fsd_common_msgs__rosidl_typesupport_fastrtps_cpp.dir/rosidl_typesupport_fastrtps_cpp/fsd_common_msgs/msg/detail/dds_fastrtps/asensing_message__type_support.cpp.o[0m
[12.670s] [ 64%] [32mBuilding C object CMakeFiles/fsd_common_msgs__rosidl_typesupport_introspection_c.dir/rosidl_typesupport_introspection_c/fsd_common_msgs/msg/detail/res_and_ami__type_support.c.o[0m
[12.732s] [ 64%] [32mBuilding C object CMakeFiles/fsd_common_msgs__rosidl_typesupport_introspection_c.dir/rosidl_typesupport_introspection_c/fsd_common_msgs/msg/detail/skidpad_global_center_line__type_support.c.o[0m
[12.754s] [ 64%] [32mBuilding CXX object CMakeFiles/fsd_common_msgs__rosidl_typesupport_fastrtps_cpp.dir/rosidl_typesupport_fastrtps_cpp/fsd_common_msgs/msg/detail/dds_fastrtps/can_frames__type_support.cpp.o[0m
[12.759s] [ 64%] [32mBuilding CXX object CMakeFiles/fsd_common_msgs__rosidl_typesupport_fastrtps_cpp.dir/rosidl_typesupport_fastrtps_cpp/fsd_common_msgs/msg/detail/dds_fastrtps/car_state__type_support.cpp.o[0m
[12.779s] [ 65%] [32mBuilding C object CMakeFiles/fsd_common_msgs__rosidl_typesupport_introspection_c.dir/rosidl_typesupport_introspection_c/fsd_common_msgs/msg/detail/time__type_support.c.o[0m
[12.825s] [ 65%] [32mBuilding CXX object CMakeFiles/fsd_common_msgs__rosidl_typesupport_introspection_cpp.dir/rosidl_typesupport_introspection_cpp/fsd_common_msgs/msg/detail/trajectory_point__type_support.cpp.o[0m
[12.851s] [ 66%] [32mBuilding CXX object CMakeFiles/fsd_common_msgs__rosidl_typesupport_fastrtps_cpp.dir/rosidl_typesupport_fastrtps_cpp/fsd_common_msgs/msg/detail/dds_fastrtps/car_state_dt__type_support.cpp.o[0m
[12.855s] [ 66%] [32mBuilding C object CMakeFiles/fsd_common_msgs__rosidl_typesupport_introspection_c.dir/rosidl_typesupport_introspection_c/fsd_common_msgs/msg/detail/track__type_support.c.o[0m
[12.878s] [ 66%] [32mBuilding CXX object CMakeFiles/fsd_common_msgs__rosidl_typesupport_fastrtps_cpp.dir/rosidl_typesupport_fastrtps_cpp/fsd_common_msgs/msg/detail/dds_fastrtps/cone__type_support.cpp.o[0m
[12.908s] [ 66%] [32mBuilding C object CMakeFiles/fsd_common_msgs__rosidl_typesupport_introspection_c.dir/rosidl_typesupport_introspection_c/fsd_common_msgs/msg/detail/trajectory_point__type_support.c.o[0m
[12.919s] [ 67%] [32mBuilding CXX object CMakeFiles/fsd_common_msgs__rosidl_typesupport_fastrtps_c.dir/rosidl_typesupport_fastrtps_c/fsd_common_msgs/msg/detail/as_state__type_support_c.cpp.o[0m
[12.956s] [ 67%] [32mBuilding CXX object CMakeFiles/fsd_common_msgs__rosidl_typesupport_fastrtps_c.dir/rosidl_typesupport_fastrtps_c/fsd_common_msgs/msg/detail/asensing_message__type_support_c.cpp.o[0m
[12.956s] [ 67%] [32mBuilding CXX object CMakeFiles/fsd_common_msgs__rosidl_typesupport_fastrtps_c.dir/rosidl_typesupport_fastrtps_c/fsd_common_msgs/msg/detail/can_frames__type_support_c.cpp.o[0m
[12.962s] [ 67%] [32mBuilding CXX object CMakeFiles/fsd_common_msgs__rosidl_typesupport_fastrtps_cpp.dir/rosidl_typesupport_fastrtps_cpp/fsd_common_msgs/msg/detail/dds_fastrtps/cone_dbscan__type_support.cpp.o[0m
[12.987s] [ 68%] [32mBuilding CXX object CMakeFiles/fsd_common_msgs__rosidl_typesupport_fastrtps_cpp.dir/rosidl_typesupport_fastrtps_cpp/fsd_common_msgs/msg/detail/dds_fastrtps/cone_detections__type_support.cpp.o[0m
[13.005s] [ 69%] [32mBuilding C object CMakeFiles/fsd_common_msgs__rosidl_typesupport_introspection_c.dir/rosidl_typesupport_introspection_c/fsd_common_msgs/msg/detail/visualization__type_support.c.o[0m
[13.043s] [ 69%] [32mBuilding C object CMakeFiles/fsd_common_msgs__rosidl_typesupport_introspection_c.dir/rosidl_typesupport_introspection_c/fsd_common_msgs/msg/detail/yolo_cone__type_support.c.o[0m
[13.127s] [ 70%] [32mBuilding CXX object CMakeFiles/fsd_common_msgs__rosidl_typesupport_fastrtps_c.dir/rosidl_typesupport_fastrtps_c/fsd_common_msgs/msg/detail/car_state__type_support_c.cpp.o[0m
[13.149s] [ 70%] [32mBuilding C object CMakeFiles/fsd_common_msgs__rosidl_typesupport_introspection_c.dir/rosidl_typesupport_introspection_c/fsd_common_msgs/msg/detail/yolo_cone_detections__type_support.c.o[0m
[13.150s] [ 70%] [32mBuilding CXX object CMakeFiles/fsd_common_msgs__rosidl_typesupport_fastrtps_cpp.dir/rosidl_typesupport_fastrtps_cpp/fsd_common_msgs/msg/detail/dds_fastrtps/cone_detections_dbscan__type_support.cpp.o[0m
[13.267s] [ 71%] [32mBuilding C object CMakeFiles/fsd_common_msgs__rosidl_typesupport_introspection_c.dir/rosidl_typesupport_introspection_c/fsd_common_msgs/msg/detail/yolo_cone_detections_track__type_support.c.o[0m
[13.299s] [ 71%] [32mBuilding C object CMakeFiles/fsd_common_msgs__rosidl_typesupport_introspection_c.dir/rosidl_typesupport_introspection_c/fsd_common_msgs/msg/detail/yolo_cone_track__type_support.c.o[0m
[13.371s] [ 71%] [32mBuilding CXX object CMakeFiles/fsd_common_msgs__rosidl_typesupport_fastrtps_cpp.dir/rosidl_typesupport_fastrtps_cpp/fsd_common_msgs/msg/detail/dds_fastrtps/control_command__type_support.cpp.o[0m
[13.381s] [ 72%] [32mBuilding CXX object CMakeFiles/fsd_common_msgs__rosidl_typesupport_introspection_cpp.dir/rosidl_typesupport_introspection_cpp/fsd_common_msgs/msg/detail/visualization__type_support.cpp.o[0m
[13.399s] [ 72%] [32m[1mLinking C shared library libfsd_common_msgs__rosidl_typesupport_introspection_c.so[0m
[13.433s] [ 73%] [32mBuilding CXX object CMakeFiles/fsd_common_msgs__rosidl_typesupport_fastrtps_cpp.dir/rosidl_typesupport_fastrtps_cpp/fsd_common_msgs/msg/detail/dds_fastrtps/decision_flag__type_support.cpp.o[0m
[13.528s] [ 73%] Built target fsd_common_msgs__rosidl_typesupport_introspection_c
[13.546s] [ 73%] [32mBuilding CXX object CMakeFiles/fsd_common_msgs__rosidl_typesupport_fastrtps_c.dir/rosidl_typesupport_fastrtps_c/fsd_common_msgs/msg/detail/car_state_dt__type_support_c.cpp.o[0m
[13.548s] [ 73%] [32mBuilding CXX object CMakeFiles/fsd_common_msgs__rosidl_typesupport_introspection_cpp.dir/rosidl_typesupport_introspection_cpp/fsd_common_msgs/msg/detail/yolo_cone__type_support.cpp.o[0m
[13.595s] [ 73%] [32mBuilding CXX object CMakeFiles/fsd_common_msgs__rosidl_typesupport_fastrtps_cpp.dir/rosidl_typesupport_fastrtps_cpp/fsd_common_msgs/msg/detail/dds_fastrtps/driving_dynamics__type_support.cpp.o[0m
[13.676s] [ 73%] [32mBuilding CXX object CMakeFiles/fsd_common_msgs__rosidl_typesupport_fastrtps_c.dir/rosidl_typesupport_fastrtps_c/fsd_common_msgs/msg/detail/cone__type_support_c.cpp.o[0m
[13.748s] [ 73%] [32mBuilding CXX object CMakeFiles/fsd_common_msgs__rosidl_typesupport_fastrtps_c.dir/rosidl_typesupport_fastrtps_c/fsd_common_msgs/msg/detail/cone_dbscan__type_support_c.cpp.o[0m
[13.792s] [ 74%] [32mBuilding CXX object CMakeFiles/fsd_common_msgs__rosidl_typesupport_fastrtps_c.dir/rosidl_typesupport_fastrtps_c/fsd_common_msgs/msg/detail/cone_detections__type_support_c.cpp.o[0m
[13.812s] [ 74%] [32mBuilding CXX object CMakeFiles/fsd_common_msgs__rosidl_typesupport_fastrtps_cpp.dir/rosidl_typesupport_fastrtps_cpp/fsd_common_msgs/msg/detail/dds_fastrtps/echiev_message__type_support.cpp.o[0m
[13.842s] [ 75%] [32mBuilding CXX object CMakeFiles/fsd_common_msgs__rosidl_typesupport_fastrtps_cpp.dir/rosidl_typesupport_fastrtps_cpp/fsd_common_msgs/msg/detail/dds_fastrtps/feedback__type_support.cpp.o[0m
[13.862s] [ 75%] [32mBuilding CXX object CMakeFiles/fsd_common_msgs__rosidl_typesupport_introspection_cpp.dir/rosidl_typesupport_introspection_cpp/fsd_common_msgs/msg/detail/yolo_cone_detections__type_support.cpp.o[0m
[13.954s] [ 76%] [32mBuilding CXX object CMakeFiles/fsd_common_msgs__rosidl_typesupport_introspection_cpp.dir/rosidl_typesupport_introspection_cpp/fsd_common_msgs/msg/detail/yolo_cone_detections_track__type_support.cpp.o[0m
[13.959s] [ 76%] [32mBuilding CXX object CMakeFiles/fsd_common_msgs__rosidl_typesupport_fastrtps_cpp.dir/rosidl_typesupport_fastrtps_cpp/fsd_common_msgs/msg/detail/dds_fastrtps/ins_delta__type_support.cpp.o[0m
[14.062s] [ 76%] [32mBuilding CXX object CMakeFiles/fsd_common_msgs__rosidl_typesupport_fastrtps_c.dir/rosidl_typesupport_fastrtps_c/fsd_common_msgs/msg/detail/cone_detections_dbscan__type_support_c.cpp.o[0m
[14.075s] [ 76%] [32mBuilding CXX object CMakeFiles/fsd_common_msgs__rosidl_typesupport_fastrtps_c.dir/rosidl_typesupport_fastrtps_c/fsd_common_msgs/msg/detail/control_command__type_support_c.cpp.o[0m
[14.086s] [ 76%] [32mBuilding CXX object CMakeFiles/fsd_common_msgs__rosidl_typesupport_introspection_cpp.dir/rosidl_typesupport_introspection_cpp/fsd_common_msgs/msg/detail/yolo_cone_track__type_support.cpp.o[0m
[14.171s] [ 76%] [32mBuilding CXX object CMakeFiles/fsd_common_msgs__rosidl_typesupport_fastrtps_cpp.dir/rosidl_typesupport_fastrtps_cpp/fsd_common_msgs/msg/detail/dds_fastrtps/map__type_support.cpp.o[0m
[14.247s] [ 77%] [32mBuilding CXX object CMakeFiles/fsd_common_msgs__rosidl_typesupport_fastrtps_c.dir/rosidl_typesupport_fastrtps_c/fsd_common_msgs/msg/detail/decision_flag__type_support_c.cpp.o[0m
[14.261s] [ 78%] [32mBuilding CXX object CMakeFiles/fsd_common_msgs__rosidl_typesupport_fastrtps_cpp.dir/rosidl_typesupport_fastrtps_cpp/fsd_common_msgs/msg/detail/dds_fastrtps/mission__type_support.cpp.o[0m
[14.371s] [ 78%] [32mBuilding CXX object CMakeFiles/fsd_common_msgs__rosidl_typesupport_fastrtps_cpp.dir/rosidl_typesupport_fastrtps_cpp/fsd_common_msgs/msg/detail/dds_fastrtps/remote_control_command__type_support.cpp.o[0m
[14.486s] [ 78%] [32mBuilding CXX object CMakeFiles/fsd_common_msgs__rosidl_typesupport_fastrtps_c.dir/rosidl_typesupport_fastrtps_c/fsd_common_msgs/msg/detail/driving_dynamics__type_support_c.cpp.o[0m
[14.581s] [ 78%] [32mBuilding CXX object CMakeFiles/fsd_common_msgs__rosidl_typesupport_fastrtps_cpp.dir/rosidl_typesupport_fastrtps_cpp/fsd_common_msgs/msg/detail/dds_fastrtps/res_and_ami__type_support.cpp.o[0m
[14.587s] [ 79%] [32mBuilding CXX object CMakeFiles/fsd_common_msgs__rosidl_typesupport_fastrtps_c.dir/rosidl_typesupport_fastrtps_c/fsd_common_msgs/msg/detail/feedback__type_support_c.cpp.o[0m
[14.594s] [ 79%] [32mBuilding CXX object CMakeFiles/fsd_common_msgs__rosidl_typesupport_fastrtps_c.dir/rosidl_typesupport_fastrtps_c/fsd_common_msgs/msg/detail/echiev_message__type_support_c.cpp.o[0m
[14.618s] [ 79%] [32mBuilding CXX object CMakeFiles/fsd_common_msgs__rosidl_typesupport_fastrtps_c.dir/rosidl_typesupport_fastrtps_c/fsd_common_msgs/msg/detail/ins_delta__type_support_c.cpp.o[0m
[14.648s] [ 79%] [32mBuilding CXX object CMakeFiles/fsd_common_msgs__rosidl_typesupport_fastrtps_c.dir/rosidl_typesupport_fastrtps_c/fsd_common_msgs/msg/detail/map__type_support_c.cpp.o[0m
[14.703s] [ 80%] [32mBuilding CXX object CMakeFiles/fsd_common_msgs__rosidl_typesupport_fastrtps_cpp.dir/rosidl_typesupport_fastrtps_cpp/fsd_common_msgs/msg/detail/dds_fastrtps/skidpad_global_center_line__type_support.cpp.o[0m
[14.704s] [ 80%] [32m[1mLinking CXX shared library libfsd_common_msgs__rosidl_typesupport_introspection_cpp.so[0m
[14.712s] [ 80%] [32mBuilding CXX object CMakeFiles/fsd_common_msgs__rosidl_typesupport_fastrtps_cpp.dir/rosidl_typesupport_fastrtps_cpp/fsd_common_msgs/msg/detail/dds_fastrtps/time__type_support.cpp.o[0m
[14.862s] [ 80%] [32mBuilding CXX object CMakeFiles/fsd_common_msgs__rosidl_typesupport_fastrtps_cpp.dir/rosidl_typesupport_fastrtps_cpp/fsd_common_msgs/msg/detail/dds_fastrtps/track__type_support.cpp.o[0m
[14.995s] [ 81%] [32mBuilding CXX object CMakeFiles/fsd_common_msgs__rosidl_typesupport_fastrtps_cpp.dir/rosidl_typesupport_fastrtps_cpp/fsd_common_msgs/msg/detail/dds_fastrtps/trajectory_point__type_support.cpp.o[0m
[15.007s] [ 82%] [32mBuilding CXX object CMakeFiles/fsd_common_msgs__rosidl_typesupport_fastrtps_c.dir/rosidl_typesupport_fastrtps_c/fsd_common_msgs/msg/detail/mission__type_support_c.cpp.o[0m
[15.023s] [ 82%] Built target fsd_common_msgs__rosidl_typesupport_introspection_cpp
[15.029s] [ 82%] [32mBuilding CXX object CMakeFiles/fsd_common_msgs__rosidl_typesupport_fastrtps_cpp.dir/rosidl_typesupport_fastrtps_cpp/fsd_common_msgs/msg/detail/dds_fastrtps/visualization__type_support.cpp.o[0m
[15.042s] [ 82%] [32mBuilding CXX object CMakeFiles/fsd_common_msgs__rosidl_typesupport_fastrtps_c.dir/rosidl_typesupport_fastrtps_c/fsd_common_msgs/msg/detail/remote_control_command__type_support_c.cpp.o[0m
[15.074s] [ 82%] [32mBuilding CXX object CMakeFiles/fsd_common_msgs__rosidl_typesupport_fastrtps_c.dir/rosidl_typesupport_fastrtps_c/fsd_common_msgs/msg/detail/res_and_ami__type_support_c.cpp.o[0m
[15.241s] [ 82%] [32mBuilding CXX object CMakeFiles/fsd_common_msgs__rosidl_typesupport_fastrtps_cpp.dir/rosidl_typesupport_fastrtps_cpp/fsd_common_msgs/msg/detail/dds_fastrtps/yolo_cone__type_support.cpp.o[0m
[15.297s] [ 83%] [32mBuilding CXX object CMakeFiles/fsd_common_msgs__rosidl_typesupport_fastrtps_c.dir/rosidl_typesupport_fastrtps_c/fsd_common_msgs/msg/detail/skidpad_global_center_line__type_support_c.cpp.o[0m
[15.419s] [ 83%] [32mBuilding CXX object CMakeFiles/fsd_common_msgs__rosidl_typesupport_fastrtps_c.dir/rosidl_typesupport_fastrtps_c/fsd_common_msgs/msg/detail/time__type_support_c.cpp.o[0m
[15.459s] [ 84%] [32mBuilding CXX object CMakeFiles/fsd_common_msgs__rosidl_typesupport_fastrtps_cpp.dir/rosidl_typesupport_fastrtps_cpp/fsd_common_msgs/msg/detail/dds_fastrtps/yolo_cone_detections__type_support.cpp.o[0m
[15.495s] [ 84%] [32mBuilding CXX object CMakeFiles/fsd_common_msgs__rosidl_typesupport_fastrtps_c.dir/rosidl_typesupport_fastrtps_c/fsd_common_msgs/msg/detail/track__type_support_c.cpp.o[0m
[15.516s] [ 85%] [32mBuilding CXX object CMakeFiles/fsd_common_msgs__rosidl_typesupport_fastrtps_c.dir/rosidl_typesupport_fastrtps_c/fsd_common_msgs/msg/detail/trajectory_point__type_support_c.cpp.o[0m
[15.531s] [ 85%] [32mBuilding CXX object CMakeFiles/fsd_common_msgs__rosidl_typesupport_fastrtps_cpp.dir/rosidl_typesupport_fastrtps_cpp/fsd_common_msgs/msg/detail/dds_fastrtps/yolo_cone_detections_track__type_support.cpp.o[0m
[15.620s] [ 85%] [32mBuilding CXX object CMakeFiles/fsd_common_msgs__rosidl_typesupport_fastrtps_cpp.dir/rosidl_typesupport_fastrtps_cpp/fsd_common_msgs/msg/detail/dds_fastrtps/yolo_cone_track__type_support.cpp.o[0m
[15.654s] [ 85%] [32mBuilding CXX object CMakeFiles/fsd_common_msgs__rosidl_typesupport_fastrtps_c.dir/rosidl_typesupport_fastrtps_c/fsd_common_msgs/msg/detail/visualization__type_support_c.cpp.o[0m
[15.753s] [ 85%] [32mBuilding CXX object CMakeFiles/fsd_common_msgs__rosidl_typesupport_fastrtps_c.dir/rosidl_typesupport_fastrtps_c/fsd_common_msgs/msg/detail/yolo_cone__type_support_c.cpp.o[0m
[15.791s] [ 86%] [32mBuilding CXX object CMakeFiles/fsd_common_msgs__rosidl_typesupport_fastrtps_c.dir/rosidl_typesupport_fastrtps_c/fsd_common_msgs/msg/detail/yolo_cone_detections__type_support_c.cpp.o[0m
[15.906s] [ 86%] [32mBuilding CXX object CMakeFiles/fsd_common_msgs__rosidl_typesupport_fastrtps_c.dir/rosidl_typesupport_fastrtps_c/fsd_common_msgs/msg/detail/yolo_cone_detections_track__type_support_c.cpp.o[0m
[15.954s] [ 86%] [32mBuilding CXX object CMakeFiles/fsd_common_msgs__rosidl_typesupport_fastrtps_c.dir/rosidl_typesupport_fastrtps_c/fsd_common_msgs/msg/detail/yolo_cone_track__type_support_c.cpp.o[0m
[16.408s] [ 87%] [32m[1mLinking CXX shared library libfsd_common_msgs__rosidl_typesupport_fastrtps_cpp.so[0m
[16.538s] [ 87%] Built target fsd_common_msgs__rosidl_typesupport_fastrtps_cpp
[16.586s] [ 88%] [32m[1mLinking CXX shared library libfsd_common_msgs__rosidl_typesupport_fastrtps_c.so[0m
[16.694s] [ 88%] Built target fsd_common_msgs__rosidl_typesupport_fastrtps_c
[16.719s] [ 88%] Built target fsd_common_msgs
[16.747s] [ 88%] [34m[1mGenerating Python code for ROS interfaces[0m
[19.955s] [ 88%] Built target fsd_common_msgs__py
[19.984s] [ 89%] [32mBuilding C object CMakeFiles/fsd_common_msgs__rosidl_generator_py.dir/rosidl_generator_py/fsd_common_msgs/msg/_cone_detections_dbscan_s.c.o[0m
[19.984s] [ 89%] [32mBuilding C object CMakeFiles/fsd_common_msgs__rosidl_generator_py.dir/rosidl_generator_py/fsd_common_msgs/msg/_asensing_message_s.c.o[0m
[19.984s] [ 89%] [32mBuilding C object CMakeFiles/fsd_common_msgs__rosidl_generator_py.dir/rosidl_generator_py/fsd_common_msgs/msg/_decision_flag_s.c.o[0m
[19.984s] [ 90%] [32mBuilding C object CMakeFiles/fsd_common_msgs__rosidl_generator_py.dir/rosidl_generator_py/fsd_common_msgs/msg/_car_state_dt_s.c.o[0m
[19.984s] [ 90%] [32mBuilding C object CMakeFiles/fsd_common_msgs__rosidl_generator_py.dir/rosidl_generator_py/fsd_common_msgs/msg/_driving_dynamics_s.c.o[0m
[19.984s] [ 90%] [32mBuilding C object CMakeFiles/fsd_common_msgs__rosidl_generator_py.dir/rosidl_generator_py/fsd_common_msgs/msg/_car_state_s.c.o[0m
[19.986s] [ 89%] [32mBuilding C object CMakeFiles/fsd_common_msgs__rosidl_generator_py.dir/rosidl_generator_py/fsd_common_msgs/msg/_cone_detections_s.c.o[0m
[19.986s] [ 89%] [32mBuilding C object CMakeFiles/fsd_common_msgs__rosidl_generator_py.dir/rosidl_generator_py/fsd_common_msgs/msg/_as_state_s.c.o[0m
[19.986s] [ 91%] [32mBuilding C object CMakeFiles/fsd_common_msgs__rosidl_generator_py.dir/rosidl_generator_py/fsd_common_msgs/msg/_feedback_s.c.o[0m
[19.986s] [ 91%] [32mBuilding C object CMakeFiles/fsd_common_msgs__rosidl_generator_py.dir/rosidl_generator_py/fsd_common_msgs/msg/_cone_s.c.o[0m
[19.987s] [ 92%] [32mBuilding C object CMakeFiles/fsd_common_msgs__rosidl_generator_py.dir/rosidl_generator_py/fsd_common_msgs/msg/_control_command_s.c.o[0m
[19.987s] [ 92%] [32mBuilding C object CMakeFiles/fsd_common_msgs__rosidl_generator_py.dir/rosidl_generator_py/fsd_common_msgs/msg/_can_frames_s.c.o[0m
[19.988s] [ 93%] [32mBuilding C object CMakeFiles/fsd_common_msgs__rosidl_generator_py.dir/rosidl_generator_py/fsd_common_msgs/msg/_ins_delta_s.c.o[0m
[19.988s] [ 93%] [32mBuilding C object CMakeFiles/fsd_common_msgs__rosidl_generator_py.dir/rosidl_generator_py/fsd_common_msgs/msg/_cone_dbscan_s.c.o[0m
[19.988s] [ 93%] [32mBuilding C object CMakeFiles/fsd_common_msgs__rosidl_generator_py.dir/rosidl_generator_py/fsd_common_msgs/msg/_echiev_message_s.c.o[0m
[20.000s] [ 94%] [32mBuilding C object CMakeFiles/fsd_common_msgs__rosidl_generator_py.dir/rosidl_generator_py/fsd_common_msgs/msg/_map_s.c.o[0m
[20.209s] [ 94%] [32mBuilding C object CMakeFiles/fsd_common_msgs__rosidl_generator_py.dir/rosidl_generator_py/fsd_common_msgs/msg/_remote_control_command_s.c.o[0m
[20.225s] [ 94%] [32mBuilding C object CMakeFiles/fsd_common_msgs__rosidl_generator_py.dir/rosidl_generator_py/fsd_common_msgs/msg/_mission_s.c.o[0m
[20.229s] [ 95%] [32mBuilding C object CMakeFiles/fsd_common_msgs__rosidl_generator_py.dir/rosidl_generator_py/fsd_common_msgs/msg/_res_and_ami_s.c.o[0m
[20.237s] [ 96%] [32mBuilding C object CMakeFiles/fsd_common_msgs__rosidl_generator_py.dir/rosidl_generator_py/fsd_common_msgs/msg/_track_s.c.o[0m
[20.248s] [ 96%] [32mBuilding C object CMakeFiles/fsd_common_msgs__rosidl_generator_py.dir/rosidl_generator_py/fsd_common_msgs/msg/_time_s.c.o[0m
[20.250s] [ 96%] [32mBuilding C object CMakeFiles/fsd_common_msgs__rosidl_generator_py.dir/rosidl_generator_py/fsd_common_msgs/msg/_visualization_s.c.o[0m
[20.250s] [ 96%] [32mBuilding C object CMakeFiles/fsd_common_msgs__rosidl_generator_py.dir/rosidl_generator_py/fsd_common_msgs/msg/_trajectory_point_s.c.o[0m
[20.251s] [ 96%] [32mBuilding C object CMakeFiles/fsd_common_msgs__rosidl_generator_py.dir/rosidl_generator_py/fsd_common_msgs/msg/_skidpad_global_center_line_s.c.o[0m
[20.267s] [ 97%] [32mBuilding C object CMakeFiles/fsd_common_msgs__rosidl_generator_py.dir/rosidl_generator_py/fsd_common_msgs/msg/_yolo_cone_s.c.o[0m
[20.267s] [ 97%] [32mBuilding C object CMakeFiles/fsd_common_msgs__rosidl_generator_py.dir/rosidl_generator_py/fsd_common_msgs/msg/_yolo_cone_detections_s.c.o[0m
[20.281s] [ 97%] [32mBuilding C object CMakeFiles/fsd_common_msgs__rosidl_generator_py.dir/rosidl_generator_py/fsd_common_msgs/msg/_yolo_cone_detections_track_s.c.o[0m
[20.288s] [ 98%] [32mBuilding C object CMakeFiles/fsd_common_msgs__rosidl_generator_py.dir/rosidl_generator_py/fsd_common_msgs/msg/_yolo_cone_track_s.c.o[0m
[20.509s] [ 98%] [32m[1mLinking C shared library libfsd_common_msgs__rosidl_generator_py.so[0m
[20.574s] [ 98%] Built target fsd_common_msgs__rosidl_generator_py
[20.597s] [ 99%] [32mBuilding C object CMakeFiles/fsd_common_msgs_s__rosidl_typesupport_introspection_c.dir/rosidl_generator_py/fsd_common_msgs/_fsd_common_msgs_s.ep.rosidl_typesupport_introspection_c.c.o[0m
[20.597s] [ 99%] [32mBuilding C object CMakeFiles/fsd_common_msgs_s__rosidl_typesupport_c.dir/rosidl_generator_py/fsd_common_msgs/_fsd_common_msgs_s.ep.rosidl_typesupport_c.c.o[0m
[20.597s] [ 99%] [32mBuilding C object CMakeFiles/fsd_common_msgs_s__rosidl_typesupport_fastrtps_c.dir/rosidl_generator_py/fsd_common_msgs/_fsd_common_msgs_s.ep.rosidl_typesupport_fastrtps_c.c.o[0m
[20.770s] [100%] [32m[1mLinking C shared module rosidl_generator_py/fsd_common_msgs/fsd_common_msgs_s__rosidl_typesupport_fastrtps_c.so[0m
[20.770s] [100%] [32m[1mLinking C shared module rosidl_generator_py/fsd_common_msgs/fsd_common_msgs_s__rosidl_typesupport_introspection_c.so[0m
[20.779s] [100%] [32m[1mLinking C shared module rosidl_generator_py/fsd_common_msgs/fsd_common_msgs_s__rosidl_typesupport_c.so[0m
[20.808s] [100%] Built target fsd_common_msgs_s__rosidl_typesupport_fastrtps_c
[20.809s] [100%] Built target fsd_common_msgs_s__rosidl_typesupport_introspection_c
[20.816s] [100%] Built target fsd_common_msgs_s__rosidl_typesupport_c
[20.834s] Invoked command in '/home/c/Formax_wuren_shixi/ros2_learning-main/ros2_advanced/ros2_homework_advanced_ws/build/fsd_common_msgs' returned '0': CMAKE_PREFIX_PATH=${CMAKE_PREFIX_PATH}:/home/c/dev_ws/install/learning_urdf:/home/c/dev_ws/install/learning_topic:/home/c/dev_ws/install/learning_tf:/home/c/dev_ws/install/learning_service:/home/c/dev_ws/install/learning_qos:/home/c/dev_ws/install/learning_pkg_python:/home/c/dev_ws/install/learning_parameter:/home/c/dev_ws/install/learning_node:/home/c/dev_ws/install/learning_launch:/home/c/dev_ws/install/learning_action:/home/c/dev_ws/install/learning_gazebo_harmonic:/home/c/dev_ws/install/learning_gazebo:/home/c/dev_ws/install/learning_cv:/opt/ros/jazzy DEBUGINFOD_URLS=https://debuginfod.ubuntu.com PS1=\n(TraeAI-1) \w [$?] $ __trae_PS1=\n(TraeAI-1) \w [$?] $ /usr/bin/cmake --build /home/c/Formax_wuren_shixi/ros2_learning-main/ros2_advanced/ros2_homework_advanced_ws/build/fsd_common_msgs -- -j16 -l16
[20.847s] Invoking command in '/home/c/Formax_wuren_shixi/ros2_learning-main/ros2_advanced/ros2_homework_advanced_ws/build/fsd_common_msgs': CMAKE_PREFIX_PATH=${CMAKE_PREFIX_PATH}:/home/c/dev_ws/install/learning_urdf:/home/c/dev_ws/install/learning_topic:/home/c/dev_ws/install/learning_tf:/home/c/dev_ws/install/learning_service:/home/c/dev_ws/install/learning_qos:/home/c/dev_ws/install/learning_pkg_python:/home/c/dev_ws/install/learning_parameter:/home/c/dev_ws/install/learning_node:/home/c/dev_ws/install/learning_launch:/home/c/dev_ws/install/learning_action:/home/c/dev_ws/install/learning_gazebo_harmonic:/home/c/dev_ws/install/learning_gazebo:/home/c/dev_ws/install/learning_cv:/opt/ros/jazzy DEBUGINFOD_URLS=https://debuginfod.ubuntu.com PS1=\n(TraeAI-1) \w [$?] $ __trae_PS1=\n(TraeAI-1) \w [$?] $ /usr/bin/cmake --install /home/c/Formax_wuren_shixi/ros2_learning-main/ros2_advanced/ros2_homework_advanced_ws/build/fsd_common_msgs
[20.857s] -- Install configuration: ""
[20.857s] -- Installing: /home/c/Formax_wuren_shixi/ros2_learning-main/ros2_advanced/ros2_homework_advanced_ws/install/fsd_common_msgs/share/ament_index/resource_index/rosidl_interfaces/fsd_common_msgs
[20.857s] -- Installing: /home/c/Formax_wuren_shixi/ros2_learning-main/ros2_advanced/ros2_homework_advanced_ws/install/fsd_common_msgs/share/fsd_common_msgs/msg/AsState.json
[20.857s] -- Installing: /home/c/Formax_wuren_shixi/ros2_learning-main/ros2_advanced/ros2_homework_advanced_ws/install/fsd_common_msgs/share/fsd_common_msgs/msg/AsensingMessage.json
[20.857s] -- Installing: /home/c/Formax_wuren_shixi/ros2_learning-main/ros2_advanced/ros2_homework_advanced_ws/install/fsd_common_msgs/share/fsd_common_msgs/msg/CanFrames.json
[20.857s] -- Installing: /home/c/Formax_wuren_shixi/ros2_learning-main/ros2_advanced/ros2_homework_advanced_ws/install/fsd_common_msgs/share/fsd_common_msgs/msg/CarState.json
[20.858s] -- Installing: /home/c/Formax_wuren_shixi/ros2_learning-main/ros2_advanced/ros2_homework_advanced_ws/install/fsd_common_msgs/share/fsd_common_msgs/msg/CarStateDt.json
[20.858s] -- Installing: /home/c/Formax_wuren_shixi/ros2_learning-main/ros2_advanced/ros2_homework_advanced_ws/install/fsd_common_msgs/share/fsd_common_msgs/msg/Cone.json
[20.858s] -- Installing: /home/c/Formax_wuren_shixi/ros2_learning-main/ros2_advanced/ros2_homework_advanced_ws/install/fsd_common_msgs/share/fsd_common_msgs/msg/ConeDbscan.json
[20.858s] -- Installing: /home/c/Formax_wuren_shixi/ros2_learning-main/ros2_advanced/ros2_homework_advanced_ws/install/fsd_common_msgs/share/fsd_common_msgs/msg/ConeDetections.json
[20.858s] -- Installing: /home/c/Formax_wuren_shixi/ros2_learning-main/ros2_advanced/ros2_homework_advanced_ws/install/fsd_common_msgs/share/fsd_common_msgs/msg/ConeDetectionsDbscan.json
[20.858s] -- Installing: /home/c/Formax_wuren_shixi/ros2_learning-main/ros2_advanced/ros2_homework_advanced_ws/install/fsd_common_msgs/share/fsd_common_msgs/msg/ControlCommand.json
[20.858s] -- Installing: /home/c/Formax_wuren_shixi/ros2_learning-main/ros2_advanced/ros2_homework_advanced_ws/install/fsd_common_msgs/share/fsd_common_msgs/msg/DecisionFlag.json
[20.859s] -- Installing: /home/c/Formax_wuren_shixi/ros2_learning-main/ros2_advanced/ros2_homework_advanced_ws/install/fsd_common_msgs/share/fsd_common_msgs/msg/DrivingDynamics.json
[20.859s] -- Installing: /home/c/Formax_wuren_shixi/ros2_learning-main/ros2_advanced/ros2_homework_advanced_ws/install/fsd_common_msgs/share/fsd_common_msgs/msg/EchievMessage.json
[20.859s] -- Installing: /home/c/Formax_wuren_shixi/ros2_learning-main/ros2_advanced/ros2_homework_advanced_ws/install/fsd_common_msgs/share/fsd_common_msgs/msg/Feedback.json
[20.859s] -- Installing: /home/c/Formax_wuren_shixi/ros2_learning-main/ros2_advanced/ros2_homework_advanced_ws/install/fsd_common_msgs/share/fsd_common_msgs/msg/InsDelta.json
[20.859s] -- Installing: /home/c/Formax_wuren_shixi/ros2_learning-main/ros2_advanced/ros2_homework_advanced_ws/install/fsd_common_msgs/share/fsd_common_msgs/msg/Map.json
[20.859s] -- Installing: /home/c/Formax_wuren_shixi/ros2_learning-main/ros2_advanced/ros2_homework_advanced_ws/install/fsd_common_msgs/share/fsd_common_msgs/msg/Mission.json
[20.859s] -- Installing: /home/c/Formax_wuren_shixi/ros2_learning-main/ros2_advanced/ros2_homework_advanced_ws/install/fsd_common_msgs/share/fsd_common_msgs/msg/RemoteControlCommand.json
[20.860s] -- Installing: /home/c/Formax_wuren_shixi/ros2_learning-main/ros2_advanced/ros2_homework_advanced_ws/install/fsd_common_msgs/share/fsd_common_msgs/msg/ResAndAmi.json
[20.860s] -- Installing: /home/c/Formax_wuren_shixi/ros2_learning-main/ros2_advanced/ros2_homework_advanced_ws/install/fsd_common_msgs/share/fsd_common_msgs/msg/SkidpadGlobalCenterLine.json
[20.860s] -- Installing: /home/c/Formax_wuren_shixi/ros2_learning-main/ros2_advanced/ros2_homework_advanced_ws/install/fsd_common_msgs/share/fsd_common_msgs/msg/Time.json
[20.860s] -- Installing: /home/c/Formax_wuren_shixi/ros2_learning-main/ros2_advanced/ros2_homework_advanced_ws/install/fsd_common_msgs/share/fsd_common_msgs/msg/Track.json
[20.860s] -- Installing: /home/c/Formax_wuren_shixi/ros2_learning-main/ros2_advanced/ros2_homework_advanced_ws/install/fsd_common_msgs/share/fsd_common_msgs/msg/TrajectoryPoint.json
[20.860s] -- Installing: /home/c/Formax_wuren_shixi/ros2_learning-main/ros2_advanced/ros2_homework_advanced_ws/install/fsd_common_msgs/share/fsd_common_msgs/msg/Visualization.json
[20.860s] -- Installing: /home/c/Formax_wuren_shixi/ros2_learning-main/ros2_advanced/ros2_homework_advanced_ws/install/fsd_common_msgs/share/fsd_common_msgs/msg/YoloCone.json
[20.861s] -- Installing: /home/c/Formax_wuren_shixi/ros2_learning-main/ros2_advanced/ros2_homework_advanced_ws/install/fsd_common_msgs/share/fsd_common_msgs/msg/YoloConeDetections.json
[20.861s] -- Installing: /home/c/Formax_wuren_shixi/ros2_learning-main/ros2_advanced/ros2_homework_advanced_ws/install/fsd_common_msgs/share/fsd_common_msgs/msg/YoloConeDetectionsTrack.json
[20.861s] -- Installing: /home/c/Formax_wuren_shixi/ros2_learning-main/ros2_advanced/ros2_homework_advanced_ws/install/fsd_common_msgs/share/fsd_common_msgs/msg/YoloConeTrack.json
[20.862s] -- Installing: /home/c/Formax_wuren_shixi/ros2_learning-main/ros2_advanced/ros2_homework_advanced_ws/install/fsd_common_msgs/include/fsd_common_msgs/fsd_common_msgs
[20.862s] -- Installing: /home/c/Formax_wuren_shixi/ros2_learning-main/ros2_advanced/ros2_homework_advanced_ws/install/fsd_common_msgs/include/fsd_common_msgs/fsd_common_msgs/msg
[20.863s] -- Installing: /home/c/Formax_wuren_shixi/ros2_learning-main/ros2_advanced/ros2_homework_advanced_ws/install/fsd_common_msgs/include/fsd_common_msgs/fsd_common_msgs/msg/can_frames.h
[20.863s] -- Installing: /home/c/Formax_wuren_shixi/ros2_learning-main/ros2_advanced/ros2_homework_advanced_ws/install/fsd_common_msgs/include/fsd_common_msgs/fsd_common_msgs/msg/as_state.h
[20.863s] -- Installing: /home/c/Formax_wuren_shixi/ros2_learning-main/ros2_advanced/ros2_homework_advanced_ws/install/fsd_common_msgs/include/fsd_common_msgs/fsd_common_msgs/msg/trajectory_point.h
[20.863s] -- Installing: /home/c/Formax_wuren_shixi/ros2_learning-main/ros2_advanced/ros2_homework_advanced_ws/install/fsd_common_msgs/include/fsd_common_msgs/fsd_common_msgs/msg/skidpad_global_center_line.h
[20.863s] -- Installing: /home/c/Formax_wuren_shixi/ros2_learning-main/ros2_advanced/ros2_homework_advanced_ws/install/fsd_common_msgs/include/fsd_common_msgs/fsd_common_msgs/msg/cone_detections.h
[20.863s] -- Installing: /home/c/Formax_wuren_shixi/ros2_learning-main/ros2_advanced/ros2_homework_advanced_ws/install/fsd_common_msgs/include/fsd_common_msgs/fsd_common_msgs/msg/visualization.h
[20.863s] -- Installing: /home/c/Formax_wuren_shixi/ros2_learning-main/ros2_advanced/ros2_homework_advanced_ws/install/fsd_common_msgs/include/fsd_common_msgs/fsd_common_msgs/msg/echiev_message.h
[20.864s] -- Installing: /home/c/Formax_wuren_shixi/ros2_learning-main/ros2_advanced/ros2_homework_advanced_ws/install/fsd_common_msgs/include/fsd_common_msgs/fsd_common_msgs/msg/detail
[20.864s] -- Installing: /home/c/Formax_wuren_shixi/ros2_learning-main/ros2_advanced/ros2_homework_advanced_ws/install/fsd_common_msgs/include/fsd_common_msgs/fsd_common_msgs/msg/detail/cone_detections__description.c
[20.864s] -- Installing: /home/c/Formax_wuren_shixi/ros2_learning-main/ros2_advanced/ros2_homework_advanced_ws/install/fsd_common_msgs/include/fsd_common_msgs/fsd_common_msgs/msg/detail/car_state__functions.h
[20.864s] -- Installing: /home/c/Formax_wuren_shixi/ros2_learning-main/ros2_advanced/ros2_homework_advanced_ws/install/fsd_common_msgs/include/fsd_common_msgs/fsd_common_msgs/msg/detail/as_state__functions.c
[20.864s] -- Installing: /home/c/Formax_wuren_shixi/ros2_learning-main/ros2_advanced/ros2_homework_advanced_ws/install/fsd_common_msgs/include/fsd_common_msgs/fsd_common_msgs/msg/detail/as_state__description.c
[20.865s] -- Installing: /home/c/Formax_wuren_shixi/ros2_learning-main/ros2_advanced/ros2_homework_advanced_ws/install/fsd_common_msgs/include/fsd_common_msgs/fsd_common_msgs/msg/detail/remote_control_command__struct.h
[20.865s] -- Installing: /home/c/Formax_wuren_shixi/ros2_learning-main/ros2_advanced/ros2_homework_advanced_ws/install/fsd_common_msgs/include/fsd_common_msgs/fsd_common_msgs/msg/detail/res_and_ami__functions.h
[20.865s] -- Installing: /home/c/Formax_wuren_shixi/ros2_learning-main/ros2_advanced/ros2_homework_advanced_ws/install/fsd_common_msgs/include/fsd_common_msgs/fsd_common_msgs/msg/detail/trajectory_point__type_support.c
[20.865s] -- Installing: /home/c/Formax_wuren_shixi/ros2_learning-main/ros2_advanced/ros2_homework_advanced_ws/install/fsd_common_msgs/include/fsd_common_msgs/fsd_common_msgs/msg/detail/yolo_cone__functions.h
[20.865s] -- Installing: /home/c/Formax_wuren_shixi/ros2_learning-main/ros2_advanced/ros2_homework_advanced_ws/install/fsd_common_msgs/include/fsd_common_msgs/fsd_common_msgs/msg/detail/yolo_cone_detections_track__struct.h
[20.865s] -- Installing: /home/c/Formax_wuren_shixi/ros2_learning-main/ros2_advanced/ros2_homework_advanced_ws/install/fsd_common_msgs/include/fsd_common_msgs/fsd_common_msgs/msg/detail/track__functions.h
[20.865s] -- Installing: /home/c/Formax_wuren_shixi/ros2_learning-main/ros2_advanced/ros2_homework_advanced_ws/install/fsd_common_msgs/include/fsd_common_msgs/fsd_common_msgs/msg/detail/can_frames__functions.h
[20.865s] -- Installing: /home/c/Formax_wuren_shixi/ros2_learning-main/ros2_advanced/ros2_homework_advanced_ws/install/fsd_common_msgs/include/fsd_common_msgs/fsd_common_msgs/msg/detail/yolo_cone_track__type_support.h
[20.866s] -- Installing: /home/c/Formax_wuren_shixi/ros2_learning-main/ros2_advanced/ros2_homework_advanced_ws/install/fsd_common_msgs/include/fsd_common_msgs/fsd_common_msgs/msg/detail/trajectory_point__functions.h
[20.866s] -- Installing: /home/c/Formax_wuren_shixi/ros2_learning-main/ros2_advanced/ros2_homework_advanced_ws/install/fsd_common_msgs/include/fsd_common_msgs/fsd_common_msgs/msg/detail/yolo_cone_detections_track__functions.c
[20.866s] -- Installing: /home/c/Formax_wuren_shixi/ros2_learning-main/ros2_advanced/ros2_homework_advanced_ws/install/fsd_common_msgs/include/fsd_common_msgs/fsd_common_msgs/msg/detail/map__type_support.h
[20.866s] -- Installing: /home/c/Formax_wuren_shixi/ros2_learning-main/ros2_advanced/ros2_homework_advanced_ws/install/fsd_common_msgs/include/fsd_common_msgs/fsd_common_msgs/msg/detail/decision_flag__type_support.h
[20.866s] -- Installing: /home/c/Formax_wuren_shixi/ros2_learning-main/ros2_advanced/ros2_homework_advanced_ws/install/fsd_common_msgs/include/fsd_common_msgs/fsd_common_msgs/msg/detail/remote_control_command__functions.h
[20.866s] -- Installing: /home/c/Formax_wuren_shixi/ros2_learning-main/ros2_advanced/ros2_homework_advanced_ws/install/fsd_common_msgs/include/fsd_common_msgs/fsd_common_msgs/msg/detail/yolo_cone_detections__description.c
[20.866s] -- Installing: /home/c/Formax_wuren_shixi/ros2_learning-main/ros2_advanced/ros2_homework_advanced_ws/install/fsd_common_msgs/include/fsd_common_msgs/fsd_common_msgs/msg/detail/can_frames__type_support.h
[20.866s] -- Installing: /home/c/Formax_wuren_shixi/ros2_learning-main/ros2_advanced/ros2_homework_advanced_ws/install/fsd_common_msgs/include/fsd_common_msgs/fsd_common_msgs/msg/detail/res_and_ami__functions.c
[20.867s] -- Installing: /home/c/Formax_wuren_shixi/ros2_learning-main/ros2_advanced/ros2_homework_advanced_ws/install/fsd_common_msgs/include/fsd_common_msgs/fsd_common_msgs/msg/detail/map__description.c
[20.867s] -- Installing: /home/c/Formax_wuren_shixi/ros2_learning-main/ros2_advanced/ros2_homework_advanced_ws/install/fsd_common_msgs/include/fsd_common_msgs/fsd_common_msgs/msg/detail/map__functions.c
[20.867s] -- Installing: /home/c/Formax_wuren_shixi/ros2_learning-main/ros2_advanced/ros2_homework_advanced_ws/install/fsd_common_msgs/include/fsd_common_msgs/fsd_common_msgs/msg/detail/car_state_dt__struct.h
[20.867s] -- Installing: /home/c/Formax_wuren_shixi/ros2_learning-main/ros2_advanced/ros2_homework_advanced_ws/install/fsd_common_msgs/include/fsd_common_msgs/fsd_common_msgs/msg/detail/yolo_cone_detections_track__description.c
[20.867s] -- Installing: /home/c/Formax_wuren_shixi/ros2_learning-main/ros2_advanced/ros2_homework_advanced_ws/install/fsd_common_msgs/include/fsd_common_msgs/fsd_common_msgs/msg/detail/time__description.c
[20.868s] -- Installing: /home/c/Formax_wuren_shixi/ros2_learning-main/ros2_advanced/ros2_homework_advanced_ws/install/fsd_common_msgs/include/fsd_common_msgs/fsd_common_msgs/msg/detail/driving_dynamics__functions.h
[20.868s] -- Installing: /home/c/Formax_wuren_shixi/ros2_learning-main/ros2_advanced/ros2_homework_advanced_ws/install/fsd_common_msgs/include/fsd_common_msgs/fsd_common_msgs/msg/detail/track__type_support.c
[20.868s] -- Installing: /home/c/Formax_wuren_shixi/ros2_learning-main/ros2_advanced/ros2_homework_advanced_ws/install/fsd_common_msgs/include/fsd_common_msgs/fsd_common_msgs/msg/detail/yolo_cone_detections__functions.c
[20.868s] -- Installing: /home/c/Formax_wuren_shixi/ros2_learning-main/ros2_advanced/ros2_homework_advanced_ws/install/fsd_common_msgs/include/fsd_common_msgs/fsd_common_msgs/msg/detail/decision_flag__description.c
[20.868s] -- Installing: /home/c/Formax_wuren_shixi/ros2_learning-main/ros2_advanced/ros2_homework_advanced_ws/install/fsd_common_msgs/include/fsd_common_msgs/fsd_common_msgs/msg/detail/trajectory_point__struct.h
[20.868s] -- Installing: /home/c/Formax_wuren_shixi/ros2_learning-main/ros2_advanced/ros2_homework_advanced_ws/install/fsd_common_msgs/include/fsd_common_msgs/fsd_common_msgs/msg/detail/yolo_cone_detections__type_support.h
[20.869s] -- Installing: /home/c/Formax_wuren_shixi/ros2_learning-main/ros2_advanced/ros2_homework_advanced_ws/install/fsd_common_msgs/include/fsd_common_msgs/fsd_common_msgs/msg/detail/control_command__struct.h
[20.869s] -- Installing: /home/c/Formax_wuren_shixi/ros2_learning-main/ros2_advanced/ros2_homework_advanced_ws/install/fsd_common_msgs/include/fsd_common_msgs/fsd_common_msgs/msg/detail/driving_dynamics__type_support.c
[20.869s] -- Installing: /home/c/Formax_wuren_shixi/ros2_learning-main/ros2_advanced/ros2_homework_advanced_ws/install/fsd_common_msgs/include/fsd_common_msgs/fsd_common_msgs/msg/detail/remote_control_command__type_support.c
[20.869s] -- Installing: /home/c/Formax_wuren_shixi/ros2_learning-main/ros2_advanced/ros2_homework_advanced_ws/install/fsd_common_msgs/include/fsd_common_msgs/fsd_common_msgs/msg/detail/cone_detections_dbscan__functions.h
[20.869s] -- Installing: /home/c/Formax_wuren_shixi/ros2_learning-main/ros2_advanced/ros2_homework_advanced_ws/install/fsd_common_msgs/include/fsd_common_msgs/fsd_common_msgs/msg/detail/car_state_dt__type_support.c
[20.869s] -- Installing: /home/c/Formax_wuren_shixi/ros2_learning-main/ros2_advanced/ros2_homework_advanced_ws/install/fsd_common_msgs/include/fsd_common_msgs/fsd_common_msgs/msg/detail/cone_dbscan__type_support.h
[20.869s] -- Installing: /home/c/Formax_wuren_shixi/ros2_learning-main/ros2_advanced/ros2_homework_advanced_ws/install/fsd_common_msgs/include/fsd_common_msgs/fsd_common_msgs/msg/detail/as_state__type_support.h
[20.870s] -- Installing: /home/c/Formax_wuren_shixi/ros2_learning-main/ros2_advanced/ros2_homework_advanced_ws/install/fsd_common_msgs/include/fsd_common_msgs/fsd_common_msgs/msg/detail/echiev_message__type_support.c
[20.870s] -- Installing: /home/c/Formax_wuren_shixi/ros2_learning-main/ros2_advanced/ros2_homework_advanced_ws/install/fsd_common_msgs/include/fsd_common_msgs/fsd_common_msgs/msg/detail/cone__functions.h
[20.870s] -- Installing: /home/c/Formax_wuren_shixi/ros2_learning-main/ros2_advanced/ros2_homework_advanced_ws/install/fsd_common_msgs/include/fsd_common_msgs/fsd_common_msgs/msg/detail/mission__description.c
[20.870s] -- Installing: /home/c/Formax_wuren_shixi/ros2_learning-main/ros2_advanced/ros2_homework_advanced_ws/install/fsd_common_msgs/include/fsd_common_msgs/fsd_common_msgs/msg/detail/cone_detections_dbscan__struct.h
[20.870s] -- Installing: /home/c/Formax_wuren_shixi/ros2_learning-main/ros2_advanced/ros2_homework_advanced_ws/install/fsd_common_msgs/include/fsd_common_msgs/fsd_common_msgs/msg/detail/yolo_cone__type_support.c
[20.870s] -- Installing: /home/c/Formax_wuren_shixi/ros2_learning-main/ros2_advanced/ros2_homework_advanced_ws/install/fsd_common_msgs/include/fsd_common_msgs/fsd_common_msgs/msg/detail/time__functions.h
[20.870s] -- Installing: /home/c/Formax_wuren_shixi/ros2_learning-main/ros2_advanced/ros2_homework_advanced_ws/install/fsd_common_msgs/include/fsd_common_msgs/fsd_common_msgs/msg/detail/car_state__type_support.c
[20.870s] -- Installing: /home/c/Formax_wuren_shixi/ros2_learning-main/ros2_advanced/ros2_homework_advanced_ws/install/fsd_common_msgs/include/fsd_common_msgs/fsd_common_msgs/msg/detail/ins_delta__type_support.c
[20.870s] -- Installing: /home/c/Formax_wuren_shixi/ros2_learning-main/ros2_advanced/ros2_homework_advanced_ws/install/fsd_common_msgs/include/fsd_common_msgs/fsd_common_msgs/msg/detail/yolo_cone_track__functions.h
[20.870s] -- Installing: /home/c/Formax_wuren_shixi/ros2_learning-main/ros2_advanced/ros2_homework_advanced_ws/install/fsd_common_msgs/include/fsd_common_msgs/fsd_common_msgs/msg/detail/car_state_dt__functions.c
[20.870s] -- Installing: /home/c/Formax_wuren_shixi/ros2_learning-main/ros2_advanced/ros2_homework_advanced_ws/install/fsd_common_msgs/include/fsd_common_msgs/fsd_common_msgs/msg/detail/cone_detections__type_support.h
[20.870s] -- Installing: /home/c/Formax_wuren_shixi/ros2_learning-main/ros2_advanced/ros2_homework_advanced_ws/install/fsd_common_msgs/include/fsd_common_msgs/fsd_common_msgs/msg/detail/can_frames__description.c
[20.870s] -- Installing: /home/c/Formax_wuren_shixi/ros2_learning-main/ros2_advanced/ros2_homework_advanced_ws/install/fsd_common_msgs/include/fsd_common_msgs/fsd_common_msgs/msg/detail/car_state_dt__functions.h
[20.871s] -- Installing: /home/c/Formax_wuren_shixi/ros2_learning-main/ros2_advanced/ros2_homework_advanced_ws/install/fsd_common_msgs/include/fsd_common_msgs/fsd_common_msgs/msg/detail/control_command__type_support.c
[20.871s] -- Installing: /home/c/Formax_wuren_shixi/ros2_learning-main/ros2_advanced/ros2_homework_advanced_ws/install/fsd_common_msgs/include/fsd_common_msgs/fsd_common_msgs/msg/detail/cone_dbscan__struct.h
[20.871s] -- Installing: /home/c/Formax_wuren_shixi/ros2_learning-main/ros2_advanced/ros2_homework_advanced_ws/install/fsd_common_msgs/include/fsd_common_msgs/fsd_common_msgs/msg/detail/control_command__functions.h
[20.871s] -- Installing: /home/c/Formax_wuren_shixi/ros2_learning-main/ros2_advanced/ros2_homework_advanced_ws/install/fsd_common_msgs/include/fsd_common_msgs/fsd_common_msgs/msg/detail/feedback__functions.h
[20.871s] -- Installing: /home/c/Formax_wuren_shixi/ros2_learning-main/ros2_advanced/ros2_homework_advanced_ws/install/fsd_common_msgs/include/fsd_common_msgs/fsd_common_msgs/msg/detail/asensing_message__description.c
[20.871s] -- Installing: /home/c/Formax_wuren_shixi/ros2_learning-main/ros2_advanced/ros2_homework_advanced_ws/install/fsd_common_msgs/include/fsd_common_msgs/fsd_common_msgs/msg/detail/skidpad_global_center_line__functions.h
[20.871s] -- Installing: /home/c/Formax_wuren_shixi/ros2_learning-main/ros2_advanced/ros2_homework_advanced_ws/install/fsd_common_msgs/include/fsd_common_msgs/fsd_common_msgs/msg/detail/cone_dbscan__functions.h
[20.871s] -- Installing: /home/c/Formax_wuren_shixi/ros2_learning-main/ros2_advanced/ros2_homework_advanced_ws/install/fsd_common_msgs/include/fsd_common_msgs/fsd_common_msgs/msg/detail/echiev_message__functions.c
[20.871s] -- Installing: /home/c/Formax_wuren_shixi/ros2_learning-main/ros2_advanced/ros2_homework_advanced_ws/install/fsd_common_msgs/include/fsd_common_msgs/fsd_common_msgs/msg/detail/driving_dynamics__type_support.h
[20.871s] -- Installing: /home/c/Formax_wuren_shixi/ros2_learning-main/ros2_advanced/ros2_homework_advanced_ws/install/fsd_common_msgs/include/fsd_common_msgs/fsd_common_msgs/msg/detail/trajectory_point__type_support.h
[20.872s] -- Installing: /home/c/Formax_wuren_shixi/ros2_learning-main/ros2_advanced/ros2_homework_advanced_ws/install/fsd_common_msgs/include/fsd_common_msgs/fsd_common_msgs/msg/detail/mission__struct.h
[20.872s] -- Installing: /home/c/Formax_wuren_shixi/ros2_learning-main/ros2_advanced/ros2_homework_advanced_ws/install/fsd_common_msgs/include/fsd_common_msgs/fsd_common_msgs/msg/detail/yolo_cone_track__type_support.c
[20.872s] -- Installing: /home/c/Formax_wuren_shixi/ros2_learning-main/ros2_advanced/ros2_homework_advanced_ws/install/fsd_common_msgs/include/fsd_common_msgs/fsd_common_msgs/msg/detail/yolo_cone__description.c
[20.872s] -- Installing: /home/c/Formax_wuren_shixi/ros2_learning-main/ros2_advanced/ros2_homework_advanced_ws/install/fsd_common_msgs/include/fsd_common_msgs/fsd_common_msgs/msg/detail/feedback__struct.h
[20.872s] -- Installing: /home/c/Formax_wuren_shixi/ros2_learning-main/ros2_advanced/ros2_homework_advanced_ws/install/fsd_common_msgs/include/fsd_common_msgs/fsd_common_msgs/msg/detail/car_state_dt__type_support.h
[20.872s] -- Installing: /home/c/Formax_wuren_shixi/ros2_learning-main/ros2_advanced/ros2_homework_advanced_ws/install/fsd_common_msgs/include/fsd_common_msgs/fsd_common_msgs/msg/detail/asensing_message__type_support.h
[20.872s] -- Installing: /home/c/Formax_wuren_shixi/ros2_learning-main/ros2_advanced/ros2_homework_advanced_ws/install/fsd_common_msgs/include/fsd_common_msgs/fsd_common_msgs/msg/detail/visualization__type_support.h
[20.873s] -- Installing: /home/c/Formax_wuren_shixi/ros2_learning-main/ros2_advanced/ros2_homework_advanced_ws/install/fsd_common_msgs/include/fsd_common_msgs/fsd_common_msgs/msg/detail/ins_delta__struct.h
[20.873s] -- Installing: /home/c/Formax_wuren_shixi/ros2_learning-main/ros2_advanced/ros2_homework_advanced_ws/install/fsd_common_msgs/include/fsd_common_msgs/fsd_common_msgs/msg/detail/time__type_support.h
[20.873s] -- Installing: /home/c/Formax_wuren_shixi/ros2_learning-main/ros2_advanced/ros2_homework_advanced_ws/install/fsd_common_msgs/include/fsd_common_msgs/fsd_common_msgs/msg/detail/skidpad_global_center_line__type_support.c
[20.873s] -- Installing: /home/c/Formax_wuren_shixi/ros2_learning-main/ros2_advanced/ros2_homework_advanced_ws/install/fsd_common_msgs/include/fsd_common_msgs/fsd_common_msgs/msg/detail/map__functions.h
[20.873s] -- Installing: /home/c/Formax_wuren_shixi/ros2_learning-main/ros2_advanced/ros2_homework_advanced_ws/install/fsd_common_msgs/include/fsd_common_msgs/fsd_common_msgs/msg/detail/yolo_cone_detections_track__functions.h
[20.873s] -- Installing: /home/c/Formax_wuren_shixi/ros2_learning-main/ros2_advanced/ros2_homework_advanced_ws/install/fsd_common_msgs/include/fsd_common_msgs/fsd_common_msgs/msg/detail/ins_delta__functions.h
[20.873s] -- Installing: /home/c/Formax_wuren_shixi/ros2_learning-main/ros2_advanced/ros2_homework_advanced_ws/install/fsd_common_msgs/include/fsd_common_msgs/fsd_common_msgs/msg/detail/remote_control_command__description.c
[20.873s] -- Installing: /home/c/Formax_wuren_shixi/ros2_learning-main/ros2_advanced/ros2_homework_advanced_ws/install/fsd_common_msgs/include/fsd_common_msgs/fsd_common_msgs/msg/detail/echiev_message__type_support.h
[20.874s] -- Installing: /home/c/Formax_wuren_shixi/ros2_learning-main/ros2_advanced/ros2_homework_advanced_ws/install/fsd_common_msgs/include/fsd_common_msgs/fsd_common_msgs/msg/detail/car_state__type_support.h
[20.874s] -- Installing: /home/c/Formax_wuren_shixi/ros2_learning-main/ros2_advanced/ros2_homework_advanced_ws/install/fsd_common_msgs/include/fsd_common_msgs/fsd_common_msgs/msg/detail/skidpad_global_center_line__description.c
[20.874s] -- Installing: /home/c/Formax_wuren_shixi/ros2_learning-main/ros2_advanced/ros2_homework_advanced_ws/install/fsd_common_msgs/include/fsd_common_msgs/fsd_common_msgs/msg/detail/control_command__functions.c
[20.874s] -- Installing: /home/c/Formax_wuren_shixi/ros2_learning-main/ros2_advanced/ros2_homework_advanced_ws/install/fsd_common_msgs/include/fsd_common_msgs/fsd_common_msgs/msg/detail/yolo_cone__type_support.h
[20.874s] -- Installing: /home/c/Formax_wuren_shixi/ros2_learning-main/ros2_advanced/ros2_homework_advanced_ws/install/fsd_common_msgs/include/fsd_common_msgs/fsd_common_msgs/msg/detail/feedback__functions.c
[20.874s] -- Installing: /home/c/Formax_wuren_shixi/ros2_learning-main/ros2_advanced/ros2_homework_advanced_ws/install/fsd_common_msgs/include/fsd_common_msgs/fsd_common_msgs/msg/detail/track__functions.c
[20.874s] -- Installing: /home/c/Formax_wuren_shixi/ros2_learning-main/ros2_advanced/ros2_homework_advanced_ws/install/fsd_common_msgs/include/fsd_common_msgs/fsd_common_msgs/msg/detail/car_state_dt__description.c
[20.874s] -- Installing: /home/c/Formax_wuren_shixi/ros2_learning-main/ros2_advanced/ros2_homework_advanced_ws/install/fsd_common_msgs/include/fsd_common_msgs/fsd_common_msgs/msg/detail/can_frames__type_support.c
[20.875s] -- Installing: /home/c/Formax_wuren_shixi/ros2_learning-main/ros2_advanced/ros2_homework_advanced_ws/install/fsd_common_msgs/include/fsd_common_msgs/fsd_common_msgs/msg/detail/yolo_cone_track__functions.c
[20.875s] -- Installing: /home/c/Formax_wuren_shixi/ros2_learning-main/ros2_advanced/ros2_homework_advanced_ws/install/fsd_common_msgs/include/fsd_common_msgs/fsd_common_msgs/msg/detail/skidpad_global_center_line__struct.h
[20.875s] -- Installing: /home/c/Formax_wuren_shixi/ros2_learning-main/ros2_advanced/ros2_homework_advanced_ws/install/fsd_common_msgs/include/fsd_common_msgs/fsd_common_msgs/msg/detail/car_state__description.c
[20.875s] -- Installing: /home/c/Formax_wuren_shixi/ros2_learning-main/ros2_advanced/ros2_homework_advanced_ws/install/fsd_common_msgs/include/fsd_common_msgs/fsd_common_msgs/msg/detail/visualization__struct.h
[20.875s] -- Installing: /home/c/Formax_wuren_shixi/ros2_learning-main/ros2_advanced/ros2_homework_advanced_ws/install/fsd_common_msgs/include/fsd_common_msgs/fsd_common_msgs/msg/detail/trajectory_point__functions.c
[20.875s] -- Installing: /home/c/Formax_wuren_shixi/ros2_learning-main/ros2_advanced/ros2_homework_advanced_ws/install/fsd_common_msgs/include/fsd_common_msgs/fsd_common_msgs/msg/detail/as_state__type_support.c
[20.875s] -- Installing: /home/c/Formax_wuren_shixi/ros2_learning-main/ros2_advanced/ros2_homework_advanced_ws/install/fsd_common_msgs/include/fsd_common_msgs/fsd_common_msgs/msg/detail/cone_detections__type_support.c
[20.875s] -- Installing: /home/c/Formax_wuren_shixi/ros2_learning-main/ros2_advanced/ros2_homework_advanced_ws/install/fsd_common_msgs/include/fsd_common_msgs/fsd_common_msgs/msg/detail/ins_delta__type_support.h
[20.875s] -- Installing: /home/c/Formax_wuren_shixi/ros2_learning-main/ros2_advanced/ros2_homework_advanced_ws/install/fsd_common_msgs/include/fsd_common_msgs/fsd_common_msgs/msg/detail/yolo_cone__functions.c
[20.876s] -- Installing: /home/c/Formax_wuren_shixi/ros2_learning-main/ros2_advanced/ros2_homework_advanced_ws/install/fsd_common_msgs/include/fsd_common_msgs/fsd_common_msgs/msg/detail/car_state__functions.c
[20.876s] -- Installing: /home/c/Formax_wuren_shixi/ros2_learning-main/ros2_advanced/ros2_homework_advanced_ws/install/fsd_common_msgs/include/fsd_common_msgs/fsd_common_msgs/msg/detail/asensing_message__functions.c
[20.876s] -- Installing: /home/c/Formax_wuren_shixi/ros2_learning-main/ros2_advanced/ros2_homework_advanced_ws/install/fsd_common_msgs/include/fsd_common_msgs/fsd_common_msgs/msg/detail/track__type_support.h
[20.876s] -- Installing: /home/c/Formax_wuren_shixi/ros2_learning-main/ros2_advanced/ros2_homework_advanced_ws/install/fsd_common_msgs/include/fsd_common_msgs/fsd_common_msgs/msg/detail/cone_detections_dbscan__type_support.h
[20.876s] -- Installing: /home/c/Formax_wuren_shixi/ros2_learning-main/ros2_advanced/ros2_homework_advanced_ws/install/fsd_common_msgs/include/fsd_common_msgs/fsd_common_msgs/msg/detail/res_and_ami__type_support.h
[20.876s] -- Installing: /home/c/Formax_wuren_shixi/ros2_learning-main/ros2_advanced/ros2_homework_advanced_ws/install/fsd_common_msgs/include/fsd_common_msgs/fsd_common_msgs/msg/detail/asensing_message__struct.h
[20.876s] -- Installing: /home/c/Formax_wuren_shixi/ros2_learning-main/ros2_advanced/ros2_homework_advanced_ws/install/fsd_common_msgs/include/fsd_common_msgs/fsd_common_msgs/msg/detail/cone_detections_dbscan__functions.c
[20.877s] -- Installing: /home/c/Formax_wuren_shixi/ros2_learning-main/ros2_advanced/ros2_homework_advanced_ws/install/fsd_common_msgs/include/fsd_common_msgs/fsd_common_msgs/msg/detail/yolo_cone_detections__type_support.c
[20.877s] -- Installing: /home/c/Formax_wuren_shixi/ros2_learning-main/ros2_advanced/ros2_homework_advanced_ws/install/fsd_common_msgs/include/fsd_common_msgs/fsd_common_msgs/msg/detail/driving_dynamics__description.c
[20.877s] -- Installing: /home/c/Formax_wuren_shixi/ros2_learning-main/ros2_advanced/ros2_homework_advanced_ws/install/fsd_common_msgs/include/fsd_common_msgs/fsd_common_msgs/msg/detail/visualization__functions.c
[20.877s] -- Installing: /home/c/Formax_wuren_shixi/ros2_learning-main/ros2_advanced/ros2_homework_advanced_ws/install/fsd_common_msgs/include/fsd_common_msgs/fsd_common_msgs/msg/detail/yolo_cone_detections_track__type_support.h
[20.877s] -- Installing: /home/c/Formax_wuren_shixi/ros2_learning-main/ros2_advanced/ros2_homework_advanced_ws/install/fsd_common_msgs/include/fsd_common_msgs/fsd_common_msgs/msg/detail/driving_dynamics__functions.c
[20.878s] -- Installing: /home/c/Formax_wuren_shixi/ros2_learning-main/ros2_advanced/ros2_homework_advanced_ws/install/fsd_common_msgs/include/fsd_common_msgs/fsd_common_msgs/msg/detail/as_state__functions.h
[20.878s] -- Installing: /home/c/Formax_wuren_shixi/ros2_learning-main/ros2_advanced/ros2_homework_advanced_ws/install/fsd_common_msgs/include/fsd_common_msgs/fsd_common_msgs/msg/detail/decision_flag__functions.c
[20.878s] -- Installing: /home/c/Formax_wuren_shixi/ros2_learning-main/ros2_advanced/ros2_homework_advanced_ws/install/fsd_common_msgs/include/fsd_common_msgs/fsd_common_msgs/msg/detail/asensing_message__type_support.c
[20.878s] -- Installing: /home/c/Formax_wuren_shixi/ros2_learning-main/ros2_advanced/ros2_homework_advanced_ws/install/fsd_common_msgs/include/fsd_common_msgs/fsd_common_msgs/msg/detail/can_frames__struct.h
[20.878s] -- Installing: /home/c/Formax_wuren_shixi/ros2_learning-main/ros2_advanced/ros2_homework_advanced_ws/install/fsd_common_msgs/include/fsd_common_msgs/fsd_common_msgs/msg/detail/time__type_support.c
[20.878s] -- Installing: /home/c/Formax_wuren_shixi/ros2_learning-main/ros2_advanced/ros2_homework_advanced_ws/install/fsd_common_msgs/include/fsd_common_msgs/fsd_common_msgs/msg/detail/cone__type_support.c
[20.878s] -- Installing: /home/c/Formax_wuren_shixi/ros2_learning-main/ros2_advanced/ros2_homework_advanced_ws/install/fsd_common_msgs/include/fsd_common_msgs/fsd_common_msgs/msg/detail/decision_flag__type_support.c
[20.878s] -- Installing: /home/c/Formax_wuren_shixi/ros2_learning-main/ros2_advanced/ros2_homework_advanced_ws/install/fsd_common_msgs/include/fsd_common_msgs/fsd_common_msgs/msg/detail/mission__type_support.h
[20.879s] -- Installing: /home/c/Formax_wuren_shixi/ros2_learning-main/ros2_advanced/ros2_homework_advanced_ws/install/fsd_common_msgs/include/fsd_common_msgs/fsd_common_msgs/msg/detail/remote_control_command__functions.c
[20.879s] -- Installing: /home/c/Formax_wuren_shixi/ros2_learning-main/ros2_advanced/ros2_homework_advanced_ws/install/fsd_common_msgs/include/fsd_common_msgs/fsd_common_msgs/msg/detail/cone_dbscan__functions.c
[20.879s] -- Installing: /home/c/Formax_wuren_shixi/ros2_learning-main/ros2_advanced/ros2_homework_advanced_ws/install/fsd_common_msgs/include/fsd_common_msgs/fsd_common_msgs/msg/detail/visualization__type_support.c
[20.879s] -- Installing: /home/c/Formax_wuren_shixi/ros2_learning-main/ros2_advanced/ros2_homework_advanced_ws/install/fsd_common_msgs/include/fsd_common_msgs/fsd_common_msgs/msg/detail/decision_flag__struct.h
[20.879s] -- Installing: /home/c/Formax_wuren_shixi/ros2_learning-main/ros2_advanced/ros2_homework_advanced_ws/install/fsd_common_msgs/include/fsd_common_msgs/fsd_common_msgs/msg/detail/cone_dbscan__description.c
[20.879s] -- Installing: /home/c/Formax_wuren_shixi/ros2_learning-main/ros2_advanced/ros2_homework_advanced_ws/install/fsd_common_msgs/include/fsd_common_msgs/fsd_common_msgs/msg/detail/feedback__type_support.h
[20.879s] -- Installing: /home/c/Formax_wuren_shixi/ros2_learning-main/ros2_advanced/ros2_homework_advanced_ws/install/fsd_common_msgs/include/fsd_common_msgs/fsd_common_msgs/msg/detail/trajectory_point__description.c
[20.879s] -- Installing: /home/c/Formax_wuren_shixi/ros2_learning-main/ros2_advanced/ros2_homework_advanced_ws/install/fsd_common_msgs/include/fsd_common_msgs/fsd_common_msgs/msg/detail/time__functions.c
[20.879s] -- Installing: /home/c/Formax_wuren_shixi/ros2_learning-main/ros2_advanced/ros2_homework_advanced_ws/install/fsd_common_msgs/include/fsd_common_msgs/fsd_common_msgs/msg/detail/res_and_ami__description.c
[20.880s] -- Installing: /home/c/Formax_wuren_shixi/ros2_learning-main/ros2_advanced/ros2_homework_advanced_ws/install/fsd_common_msgs/include/fsd_common_msgs/fsd_common_msgs/msg/detail/cone__functions.c
[20.880s] -- Installing: /home/c/Formax_wuren_shixi/ros2_learning-main/ros2_advanced/ros2_homework_advanced_ws/install/fsd_common_msgs/include/fsd_common_msgs/fsd_common_msgs/msg/detail/cone_detections__functions.c
[20.880s] -- Installing: /home/c/Formax_wuren_shixi/ros2_learning-main/ros2_advanced/ros2_homework_advanced_ws/install/fsd_common_msgs/include/fsd_common_msgs/fsd_common_msgs/msg/detail/asensing_message__functions.h
[20.880s] -- Installing: /home/c/Formax_wuren_shixi/ros2_learning-main/ros2_advanced/ros2_homework_advanced_ws/install/fsd_common_msgs/include/fsd_common_msgs/fsd_common_msgs/msg/detail/yolo_cone_detections__struct.h
[20.881s] -- Installing: /home/c/Formax_wuren_shixi/ros2_learning-main/ros2_advanced/ros2_homework_advanced_ws/install/fsd_common_msgs/include/fsd_common_msgs/fsd_common_msgs/msg/detail/cone__description.c
[20.881s] -- Installing: /home/c/Formax_wuren_shixi/ros2_learning-main/ros2_advanced/ros2_homework_advanced_ws/install/fsd_common_msgs/include/fsd_common_msgs/fsd_common_msgs/msg/detail/control_command__type_support.h
[20.881s] -- Installing: /home/c/Formax_wuren_shixi/ros2_learning-main/ros2_advanced/ros2_homework_advanced_ws/install/fsd_common_msgs/include/fsd_common_msgs/fsd_common_msgs/msg/detail/cone_detections_dbscan__type_support.c
[20.881s] -- Installing: /home/c/Formax_wuren_shixi/ros2_learning-main/ros2_advanced/ros2_homework_advanced_ws/install/fsd_common_msgs/include/fsd_common_msgs/fsd_common_msgs/msg/detail/feedback__description.c
[20.881s] -- Installing: /home/c/Formax_wuren_shixi/ros2_learning-main/ros2_advanced/ros2_homework_advanced_ws/install/fsd_common_msgs/include/fsd_common_msgs/fsd_common_msgs/msg/detail/yolo_cone_track__struct.h
[20.881s] -- Installing: /home/c/Formax_wuren_shixi/ros2_learning-main/ros2_advanced/ros2_homework_advanced_ws/install/fsd_common_msgs/include/fsd_common_msgs/fsd_common_msgs/msg/detail/control_command__description.c
[20.881s] -- Installing: /home/c/Formax_wuren_shixi/ros2_learning-main/ros2_advanced/ros2_homework_advanced_ws/install/fsd_common_msgs/include/fsd_common_msgs/fsd_common_msgs/msg/detail/remote_control_command__type_support.h
[20.881s] -- Installing: /home/c/Formax_wuren_shixi/ros2_learning-main/ros2_advanced/ros2_homework_advanced_ws/install/fsd_common_msgs/include/fsd_common_msgs/fsd_common_msgs/msg/detail/car_state__struct.h
[20.882s] -- Installing: /home/c/Formax_wuren_shixi/ros2_learning-main/ros2_advanced/ros2_homework_advanced_ws/install/fsd_common_msgs/include/fsd_common_msgs/fsd_common_msgs/msg/detail/mission__type_support.c
[20.882s] -- Installing: /home/c/Formax_wuren_shixi/ros2_learning-main/ros2_advanced/ros2_homework_advanced_ws/install/fsd_common_msgs/include/fsd_common_msgs/fsd_common_msgs/msg/detail/cone__type_support.h
[20.882s] -- Installing: /home/c/Formax_wuren_shixi/ros2_learning-main/ros2_advanced/ros2_homework_advanced_ws/install/fsd_common_msgs/include/fsd_common_msgs/fsd_common_msgs/msg/detail/track__description.c
[20.882s] -- Installing: /home/c/Formax_wuren_shixi/ros2_learning-main/ros2_advanced/ros2_homework_advanced_ws/install/fsd_common_msgs/include/fsd_common_msgs/fsd_common_msgs/msg/detail/cone_detections__functions.h
[20.882s] -- Installing: /home/c/Formax_wuren_shixi/ros2_learning-main/ros2_advanced/ros2_homework_advanced_ws/install/fsd_common_msgs/include/fsd_common_msgs/fsd_common_msgs/msg/detail/as_state__struct.h
[20.882s] -- Installing: /home/c/Formax_wuren_shixi/ros2_learning-main/ros2_advanced/ros2_homework_advanced_ws/install/fsd_common_msgs/include/fsd_common_msgs/fsd_common_msgs/msg/detail/echiev_message__functions.h
[20.882s] -- Installing: /home/c/Formax_wuren_shixi/ros2_learning-main/ros2_advanced/ros2_homework_advanced_ws/install/fsd_common_msgs/include/fsd_common_msgs/fsd_common_msgs/msg/detail/visualization__description.c
[20.882s] -- Installing: /home/c/Formax_wuren_shixi/ros2_learning-main/ros2_advanced/ros2_homework_advanced_ws/install/fsd_common_msgs/include/fsd_common_msgs/fsd_common_msgs/msg/detail/cone_detections_dbscan__description.c
[20.883s] -- Installing: /home/c/Formax_wuren_shixi/ros2_learning-main/ros2_advanced/ros2_homework_advanced_ws/install/fsd_common_msgs/include/fsd_common_msgs/fsd_common_msgs/msg/detail/echiev_message__description.c
[20.883s] -- Installing: /home/c/Formax_wuren_shixi/ros2_learning-main/ros2_advanced/ros2_homework_advanced_ws/install/fsd_common_msgs/include/fsd_common_msgs/fsd_common_msgs/msg/detail/decision_flag__functions.h
[20.883s] -- Installing: /home/c/Formax_wuren_shixi/ros2_learning-main/ros2_advanced/ros2_homework_advanced_ws/install/fsd_common_msgs/include/fsd_common_msgs/fsd_common_msgs/msg/detail/feedback__type_support.c
[20.883s] -- Installing: /home/c/Formax_wuren_shixi/ros2_learning-main/ros2_advanced/ros2_homework_advanced_ws/install/fsd_common_msgs/include/fsd_common_msgs/fsd_common_msgs/msg/detail/ins_delta__functions.c
[20.883s] -- Installing: /home/c/Formax_wuren_shixi/ros2_learning-main/ros2_advanced/ros2_homework_advanced_ws/install/fsd_common_msgs/include/fsd_common_msgs/fsd_common_msgs/msg/detail/driving_dynamics__struct.h
[20.883s] -- Installing: /home/c/Formax_wuren_shixi/ros2_learning-main/ros2_advanced/ros2_homework_advanced_ws/install/fsd_common_msgs/include/fsd_common_msgs/fsd_common_msgs/msg/detail/res_and_ami__type_support.c
[20.884s] -- Installing: /home/c/Formax_wuren_shixi/ros2_learning-main/ros2_advanced/ros2_homework_advanced_ws/install/fsd_common_msgs/include/fsd_common_msgs/fsd_common_msgs/msg/detail/echiev_message__struct.h
[20.884s] -- Installing: /home/c/Formax_wuren_shixi/ros2_learning-main/ros2_advanced/ros2_homework_advanced_ws/install/fsd_common_msgs/include/fsd_common_msgs/fsd_common_msgs/msg/detail/map__type_support.c
[20.884s] -- Installing: /home/c/Formax_wuren_shixi/ros2_learning-main/ros2_advanced/ros2_homework_advanced_ws/install/fsd_common_msgs/include/fsd_common_msgs/fsd_common_msgs/msg/detail/map__struct.h
[20.884s] -- Installing: /home/c/Formax_wuren_shixi/ros2_learning-main/ros2_advanced/ros2_homework_advanced_ws/install/fsd_common_msgs/include/fsd_common_msgs/fsd_common_msgs/msg/detail/mission__functions.h
[20.884s] -- Installing: /home/c/Formax_wuren_shixi/ros2_learning-main/ros2_advanced/ros2_homework_advanced_ws/install/fsd_common_msgs/include/fsd_common_msgs/fsd_common_msgs/msg/detail/can_frames__functions.c
[20.884s] -- Installing: /home/c/Formax_wuren_shixi/ros2_learning-main/ros2_advanced/ros2_homework_advanced_ws/install/fsd_common_msgs/include/fsd_common_msgs/fsd_common_msgs/msg/detail/ins_delta__description.c
[20.884s] -- Installing: /home/c/Formax_wuren_shixi/ros2_learning-main/ros2_advanced/ros2_homework_advanced_ws/install/fsd_common_msgs/include/fsd_common_msgs/fsd_common_msgs/msg/detail/mission__functions.c
[20.885s] -- Installing: /home/c/Formax_wuren_shixi/ros2_learning-main/ros2_advanced/ros2_homework_advanced_ws/install/fsd_common_msgs/include/fsd_common_msgs/fsd_common_msgs/msg/detail/time__struct.h
[20.885s] -- Installing: /home/c/Formax_wuren_shixi/ros2_learning-main/ros2_advanced/ros2_homework_advanced_ws/install/fsd_common_msgs/include/fsd_common_msgs/fsd_common_msgs/msg/detail/yolo_cone__struct.h
[20.885s] -- Installing: /home/c/Formax_wuren_shixi/ros2_learning-main/ros2_advanced/ros2_homework_advanced_ws/install/fsd_common_msgs/include/fsd_common_msgs/fsd_common_msgs/msg/detail/skidpad_global_center_line__functions.c
[20.885s] -- Installing: /home/c/Formax_wuren_shixi/ros2_learning-main/ros2_advanced/ros2_homework_advanced_ws/install/fsd_common_msgs/include/fsd_common_msgs/fsd_common_msgs/msg/detail/track__struct.h
[20.885s] -- Installing: /home/c/Formax_wuren_shixi/ros2_learning-main/ros2_advanced/ros2_homework_advanced_ws/install/fsd_common_msgs/include/fsd_common_msgs/fsd_common_msgs/msg/detail/yolo_cone_detections__functions.h
[20.885s] -- Installing: /home/c/Formax_wuren_shixi/ros2_learning-main/ros2_advanced/ros2_homework_advanced_ws/install/fsd_common_msgs/include/fsd_common_msgs/fsd_common_msgs/msg/detail/res_and_ami__struct.h
[20.885s] -- Installing: /home/c/Formax_wuren_shixi/ros2_learning-main/ros2_advanced/ros2_homework_advanced_ws/install/fsd_common_msgs/include/fsd_common_msgs/fsd_common_msgs/msg/detail/yolo_cone_detections_track__type_support.c
[20.885s] -- Installing: /home/c/Formax_wuren_shixi/ros2_learning-main/ros2_advanced/ros2_homework_advanced_ws/install/fsd_common_msgs/include/fsd_common_msgs/fsd_common_msgs/msg/detail/cone__struct.h
[20.885s] -- Installing: /home/c/Formax_wuren_shixi/ros2_learning-main/ros2_advanced/ros2_homework_advanced_ws/install/fsd_common_msgs/include/fsd_common_msgs/fsd_common_msgs/msg/detail/skidpad_global_center_line__type_support.h
[20.886s] -- Installing: /home/c/Formax_wuren_shixi/ros2_learning-main/ros2_advanced/ros2_homework_advanced_ws/install/fsd_common_msgs/include/fsd_common_msgs/fsd_common_msgs/msg/detail/cone_detections__struct.h
[20.886s] -- Installing: /home/c/Formax_wuren_shixi/ros2_learning-main/ros2_advanced/ros2_homework_advanced_ws/install/fsd_common_msgs/include/fsd_common_msgs/fsd_common_msgs/msg/detail/yolo_cone_track__description.c
[20.886s] -- Installing: /home/c/Formax_wuren_shixi/ros2_learning-main/ros2_advanced/ros2_homework_advanced_ws/install/fsd_common_msgs/include/fsd_common_msgs/fsd_common_msgs/msg/detail/cone_dbscan__type_support.c
[20.886s] -- Installing: /home/c/Formax_wuren_shixi/ros2_learning-main/ros2_advanced/ros2_homework_advanced_ws/install/fsd_common_msgs/include/fsd_common_msgs/fsd_common_msgs/msg/detail/visualization__functions.h
[20.886s] -- Installing: /home/c/Formax_wuren_shixi/ros2_learning-main/ros2_advanced/ros2_homework_advanced_ws/install/fsd_common_msgs/include/fsd_common_msgs/fsd_common_msgs/msg/yolo_cone_detections_track.h
[20.886s] -- Installing: /home/c/Formax_wuren_shixi/ros2_learning-main/ros2_advanced/ros2_homework_advanced_ws/install/fsd_common_msgs/include/fsd_common_msgs/fsd_common_msgs/msg/yolo_cone_track.h
[20.886s] -- Installing: /home/c/Formax_wuren_shixi/ros2_learning-main/ros2_advanced/ros2_homework_advanced_ws/install/fsd_common_msgs/include/fsd_common_msgs/fsd_common_msgs/msg/remote_control_command.h
[20.886s] -- Installing: /home/c/Formax_wuren_shixi/ros2_learning-main/ros2_advanced/ros2_homework_advanced_ws/install/fsd_common_msgs/include/fsd_common_msgs/fsd_common_msgs/msg/track.h
[20.887s] -- Installing: /home/c/Formax_wuren_shixi/ros2_learning-main/ros2_advanced/ros2_homework_advanced_ws/install/fsd_common_msgs/include/fsd_common_msgs/fsd_common_msgs/msg/driving_dynamics.h
[20.887s] -- Installing: /home/c/Formax_wuren_shixi/ros2_learning-main/ros2_advanced/ros2_homework_advanced_ws/install/fsd_common_msgs/include/fsd_common_msgs/fsd_common_msgs/msg/decision_flag.h
[20.887s] -- Installing: /home/c/Formax_wuren_shixi/ros2_learning-main/ros2_advanced/ros2_homework_advanced_ws/install/fsd_common_msgs/include/fsd_common_msgs/fsd_common_msgs/msg/cone_dbscan.h
[20.887s] -- Installing: /home/c/Formax_wuren_shixi/ros2_learning-main/ros2_advanced/ros2_homework_advanced_ws/install/fsd_common_msgs/include/fsd_common_msgs/fsd_common_msgs/msg/map.h
[20.887s] -- Installing: /home/c/Formax_wuren_shixi/ros2_learning-main/ros2_advanced/ros2_homework_advanced_ws/install/fsd_common_msgs/include/fsd_common_msgs/fsd_common_msgs/msg/cone_detections_dbscan.h
[20.887s] -- Installing: /home/c/Formax_wuren_shixi/ros2_learning-main/ros2_advanced/ros2_homework_advanced_ws/install/fsd_common_msgs/include/fsd_common_msgs/fsd_common_msgs/msg/yolo_cone_detections.h
[20.887s] -- Installing: /home/c/Formax_wuren_shixi/ros2_learning-main/ros2_advanced/ros2_homework_advanced_ws/install/fsd_common_msgs/include/fsd_common_msgs/fsd_common_msgs/msg/time.h
[20.887s] -- Installing: /home/c/Formax_wuren_shixi/ros2_learning-main/ros2_advanced/ros2_homework_advanced_ws/install/fsd_common_msgs/include/fsd_common_msgs/fsd_common_msgs/msg/car_state.h
[20.887s] -- Installing: /home/c/Formax_wuren_shixi/ros2_learning-main/ros2_advanced/ros2_homework_advanced_ws/install/fsd_common_msgs/include/fsd_common_msgs/fsd_common_msgs/msg/mission.h
[20.887s] -- Installing: /home/c/Formax_wuren_shixi/ros2_learning-main/ros2_advanced/ros2_homework_advanced_ws/install/fsd_common_msgs/include/fsd_common_msgs/fsd_common_msgs/msg/car_state_dt.h
[20.888s] -- Installing: /home/c/Formax_wuren_shixi/ros2_learning-main/ros2_advanced/ros2_homework_advanced_ws/install/fsd_common_msgs/include/fsd_common_msgs/fsd_common_msgs/msg/yolo_cone.h
[20.888s] -- Installing: /home/c/Formax_wuren_shixi/ros2_learning-main/ros2_advanced/ros2_homework_advanced_ws/install/fsd_common_msgs/include/fsd_common_msgs/fsd_common_msgs/msg/control_command.h
[20.888s] -- Installing: /home/c/Formax_wuren_shixi/ros2_learning-main/ros2_advanced/ros2_homework_advanced_ws/install/fsd_common_msgs/include/fsd_common_msgs/fsd_common_msgs/msg/res_and_ami.h
[20.888s] -- Installing: /home/c/Formax_wuren_shixi/ros2_learning-main/ros2_advanced/ros2_homework_advanced_ws/install/fsd_common_msgs/include/fsd_common_msgs/fsd_common_msgs/msg/cone.h
[20.888s] -- Installing: /home/c/Formax_wuren_shixi/ros2_learning-main/ros2_advanced/ros2_homework_advanced_ws/install/fsd_common_msgs/include/fsd_common_msgs/fsd_common_msgs/msg/feedback.h
[20.888s] -- Installing: /home/c/Formax_wuren_shixi/ros2_learning-main/ros2_advanced/ros2_homework_advanced_ws/install/fsd_common_msgs/include/fsd_common_msgs/fsd_common_msgs/msg/ins_delta.h
[20.888s] -- Installing: /home/c/Formax_wuren_shixi/ros2_learning-main/ros2_advanced/ros2_homework_advanced_ws/install/fsd_common_msgs/include/fsd_common_msgs/fsd_common_msgs/msg/asensing_message.h
[20.888s] -- Installing: /home/c/Formax_wuren_shixi/ros2_learning-main/ros2_advanced/ros2_homework_advanced_ws/install/fsd_common_msgs/include/fsd_common_msgs/fsd_common_msgs/msg/rosidl_generator_c__visibility_control.h
[20.889s] -- Installing: /home/c/Formax_wuren_shixi/ros2_learning-main/ros2_advanced/ros2_homework_advanced_ws/install/fsd_common_msgs/share/fsd_common_msgs/environment/library_path.sh
[20.889s] -- Installing: /home/c/Formax_wuren_shixi/ros2_learning-main/ros2_advanced/ros2_homework_advanced_ws/install/fsd_common_msgs/share/fsd_common_msgs/environment/library_path.dsv
[20.889s] -- Installing: /home/c/Formax_wuren_shixi/ros2_learning-main/ros2_advanced/ros2_homework_advanced_ws/install/fsd_common_msgs/lib/libfsd_common_msgs__rosidl_generator_c.so
[20.891s] -- Set non-toolchain portion of runtime path of "/home/c/Formax_wuren_shixi/ros2_learning-main/ros2_advanced/ros2_homework_advanced_ws/install/fsd_common_msgs/lib/libfsd_common_msgs__rosidl_generator_c.so" to ""
[20.891s] -- Up-to-date: /home/c/Formax_wuren_shixi/ros2_learning-main/ros2_advanced/ros2_homework_advanced_ws/install/fsd_common_msgs/include/fsd_common_msgs/fsd_common_msgs
[20.891s] -- Up-to-date: /home/c/Formax_wuren_shixi/ros2_learning-main/ros2_advanced/ros2_homework_advanced_ws/install/fsd_common_msgs/include/fsd_common_msgs/fsd_common_msgs/msg
[20.891s] -- Up-to-date: /home/c/Formax_wuren_shixi/ros2_learning-main/ros2_advanced/ros2_homework_advanced_ws/install/fsd_common_msgs/include/fsd_common_msgs/fsd_common_msgs/msg/detail
[20.891s] -- Installing: /home/c/Formax_wuren_shixi/ros2_learning-main/ros2_advanced/ros2_homework_advanced_ws/install/fsd_common_msgs/include/fsd_common_msgs/fsd_common_msgs/msg/detail/time__rosidl_typesupport_fastrtps_c.h
[20.891s] -- Installing: /home/c/Formax_wuren_shixi/ros2_learning-main/ros2_advanced/ros2_homework_advanced_ws/install/fsd_common_msgs/include/fsd_common_msgs/fsd_common_msgs/msg/detail/remote_control_command__rosidl_typesupport_fastrtps_c.h
[20.891s] -- Installing: /home/c/Formax_wuren_shixi/ros2_learning-main/ros2_advanced/ros2_homework_advanced_ws/install/fsd_common_msgs/include/fsd_common_msgs/fsd_common_msgs/msg/detail/yolo_cone_detections_track__rosidl_typesupport_fastrtps_c.h
[20.891s] -- Installing: /home/c/Formax_wuren_shixi/ros2_learning-main/ros2_advanced/ros2_homework_advanced_ws/install/fsd_common_msgs/include/fsd_common_msgs/fsd_common_msgs/msg/detail/driving_dynamics__rosidl_typesupport_fastrtps_c.h
[20.892s] -- Installing: /home/c/Formax_wuren_shixi/ros2_learning-main/ros2_advanced/ros2_homework_advanced_ws/install/fsd_common_msgs/include/fsd_common_msgs/fsd_common_msgs/msg/detail/asensing_message__rosidl_typesupport_fastrtps_c.h
[20.892s] -- Installing: /home/c/Formax_wuren_shixi/ros2_learning-main/ros2_advanced/ros2_homework_advanced_ws/install/fsd_common_msgs/include/fsd_common_msgs/fsd_common_msgs/msg/detail/ins_delta__rosidl_typesupport_fastrtps_c.h
[20.892s] -- Installing: /home/c/Formax_wuren_shixi/ros2_learning-main/ros2_advanced/ros2_homework_advanced_ws/install/fsd_common_msgs/include/fsd_common_msgs/fsd_common_msgs/msg/detail/skidpad_global_center_line__rosidl_typesupport_fastrtps_c.h
[20.892s] -- Installing: /home/c/Formax_wuren_shixi/ros2_learning-main/ros2_advanced/ros2_homework_advanced_ws/install/fsd_common_msgs/include/fsd_common_msgs/fsd_common_msgs/msg/detail/car_state__rosidl_typesupport_fastrtps_c.h
[20.892s] -- Installing: /home/c/Formax_wuren_shixi/ros2_learning-main/ros2_advanced/ros2_homework_advanced_ws/install/fsd_common_msgs/include/fsd_common_msgs/fsd_common_msgs/msg/detail/control_command__rosidl_typesupport_fastrtps_c.h
[20.892s] -- Installing: /home/c/Formax_wuren_shixi/ros2_learning-main/ros2_advanced/ros2_homework_advanced_ws/install/fsd_common_msgs/include/fsd_common_msgs/fsd_common_msgs/msg/detail/trajectory_point__rosidl_typesupport_fastrtps_c.h
[20.892s] -- Installing: /home/c/Formax_wuren_shixi/ros2_learning-main/ros2_advanced/ros2_homework_advanced_ws/install/fsd_common_msgs/include/fsd_common_msgs/fsd_common_msgs/msg/detail/res_and_ami__rosidl_typesupport_fastrtps_c.h
[20.892s] -- Installing: /home/c/Formax_wuren_shixi/ros2_learning-main/ros2_advanced/ros2_homework_advanced_ws/install/fsd_common_msgs/include/fsd_common_msgs/fsd_common_msgs/msg/detail/cone_dbscan__rosidl_typesupport_fastrtps_c.h
[20.892s] -- Installing: /home/c/Formax_wuren_shixi/ros2_learning-main/ros2_advanced/ros2_homework_advanced_ws/install/fsd_common_msgs/include/fsd_common_msgs/fsd_common_msgs/msg/detail/cone_detections_dbscan__rosidl_typesupport_fastrtps_c.h
[20.892s] -- Installing: /home/c/Formax_wuren_shixi/ros2_learning-main/ros2_advanced/ros2_homework_advanced_ws/install/fsd_common_msgs/include/fsd_common_msgs/fsd_common_msgs/msg/detail/cone_detections__rosidl_typesupport_fastrtps_c.h
[20.893s] -- Installing: /home/c/Formax_wuren_shixi/ros2_learning-main/ros2_advanced/ros2_homework_advanced_ws/install/fsd_common_msgs/include/fsd_common_msgs/fsd_common_msgs/msg/detail/track__rosidl_typesupport_fastrtps_c.h
[20.893s] -- Installing: /home/c/Formax_wuren_shixi/ros2_learning-main/ros2_advanced/ros2_homework_advanced_ws/install/fsd_common_msgs/include/fsd_common_msgs/fsd_common_msgs/msg/detail/echiev_message__rosidl_typesupport_fastrtps_c.h
[20.893s] -- Installing: /home/c/Formax_wuren_shixi/ros2_learning-main/ros2_advanced/ros2_homework_advanced_ws/install/fsd_common_msgs/include/fsd_common_msgs/fsd_common_msgs/msg/detail/yolo_cone_track__rosidl_typesupport_fastrtps_c.h
[20.893s] -- Installing: /home/c/Formax_wuren_shixi/ros2_learning-main/ros2_advanced/ros2_homework_advanced_ws/install/fsd_common_msgs/include/fsd_common_msgs/fsd_common_msgs/msg/detail/can_frames__rosidl_typesupport_fastrtps_c.h
[20.893s] -- Installing: /home/c/Formax_wuren_shixi/ros2_learning-main/ros2_advanced/ros2_homework_advanced_ws/install/fsd_common_msgs/include/fsd_common_msgs/fsd_common_msgs/msg/detail/car_state_dt__rosidl_typesupport_fastrtps_c.h
[20.893s] -- Installing: /home/c/Formax_wuren_shixi/ros2_learning-main/ros2_advanced/ros2_homework_advanced_ws/install/fsd_common_msgs/include/fsd_common_msgs/fsd_common_msgs/msg/detail/decision_flag__rosidl_typesupport_fastrtps_c.h
[20.893s] -- Installing: /home/c/Formax_wuren_shixi/ros2_learning-main/ros2_advanced/ros2_homework_advanced_ws/install/fsd_common_msgs/include/fsd_common_msgs/fsd_common_msgs/msg/detail/map__rosidl_typesupport_fastrtps_c.h
[20.893s] -- Installing: /home/c/Formax_wuren_shixi/ros2_learning-main/ros2_advanced/ros2_homework_advanced_ws/install/fsd_common_msgs/include/fsd_common_msgs/fsd_common_msgs/msg/detail/cone__rosidl_typesupport_fastrtps_c.h
[20.894s] -- Installing: /home/c/Formax_wuren_shixi/ros2_learning-main/ros2_advanced/ros2_homework_advanced_ws/install/fsd_common_msgs/include/fsd_common_msgs/fsd_common_msgs/msg/detail/visualization__rosidl_typesupport_fastrtps_c.h
[20.894s] -- Installing: /home/c/Formax_wuren_shixi/ros2_learning-main/ros2_advanced/ros2_homework_advanced_ws/install/fsd_common_msgs/include/fsd_common_msgs/fsd_common_msgs/msg/detail/yolo_cone__rosidl_typesupport_fastrtps_c.h
[20.894s] -- Installing: /home/c/Formax_wuren_shixi/ros2_learning-main/ros2_advanced/ros2_homework_advanced_ws/install/fsd_common_msgs/include/fsd_common_msgs/fsd_common_msgs/msg/detail/as_state__rosidl_typesupport_fastrtps_c.h
[20.894s] -- Installing: /home/c/Formax_wuren_shixi/ros2_learning-main/ros2_advanced/ros2_homework_advanced_ws/install/fsd_common_msgs/include/fsd_common_msgs/fsd_common_msgs/msg/detail/feedback__rosidl_typesupport_fastrtps_c.h
[20.894s] -- Installing: /home/c/Formax_wuren_shixi/ros2_learning-main/ros2_advanced/ros2_homework_advanced_ws/install/fsd_common_msgs/include/fsd_common_msgs/fsd_common_msgs/msg/detail/mission__rosidl_typesupport_fastrtps_c.h
[20.894s] -- Installing: /home/c/Formax_wuren_shixi/ros2_learning-main/ros2_advanced/ros2_homework_advanced_ws/install/fsd_common_msgs/include/fsd_common_msgs/fsd_common_msgs/msg/detail/yolo_cone_detections__rosidl_typesupport_fastrtps_c.h
[20.894s] -- Installing: /home/c/Formax_wuren_shixi/ros2_learning-main/ros2_advanced/ros2_homework_advanced_ws/install/fsd_common_msgs/include/fsd_common_msgs/fsd_common_msgs/msg/rosidl_typesupport_fastrtps_c__visibility_control.h
[20.895s] -- Installing: /home/c/Formax_wuren_shixi/ros2_learning-main/ros2_advanced/ros2_homework_advanced_ws/install/fsd_common_msgs/lib/libfsd_common_msgs__rosidl_typesupport_fastrtps_c.so
[20.896s] -- Set non-toolchain portion of runtime path of "/home/c/Formax_wuren_shixi/ros2_learning-main/ros2_advanced/ros2_homework_advanced_ws/install/fsd_common_msgs/lib/libfsd_common_msgs__rosidl_typesupport_fastrtps_c.so" to ""
[20.896s] -- Up-to-date: /home/c/Formax_wuren_shixi/ros2_learning-main/ros2_advanced/ros2_homework_advanced_ws/install/fsd_common_msgs/include/fsd_common_msgs/fsd_common_msgs
[20.896s] -- Up-to-date: /home/c/Formax_wuren_shixi/ros2_learning-main/ros2_advanced/ros2_homework_advanced_ws/install/fsd_common_msgs/include/fsd_common_msgs/fsd_common_msgs/msg
[20.896s] -- Up-to-date: /home/c/Formax_wuren_shixi/ros2_learning-main/ros2_advanced/ros2_homework_advanced_ws/install/fsd_common_msgs/include/fsd_common_msgs/fsd_common_msgs/msg/detail
[20.896s] -- Installing: /home/c/Formax_wuren_shixi/ros2_learning-main/ros2_advanced/ros2_homework_advanced_ws/install/fsd_common_msgs/include/fsd_common_msgs/fsd_common_msgs/msg/detail/remote_control_command__rosidl_typesupport_introspection_c.h
[20.897s] -- Installing: /home/c/Formax_wuren_shixi/ros2_learning-main/ros2_advanced/ros2_homework_advanced_ws/install/fsd_common_msgs/include/fsd_common_msgs/fsd_common_msgs/msg/detail/feedback__rosidl_typesupport_introspection_c.h
[20.897s] -- Installing: /home/c/Formax_wuren_shixi/ros2_learning-main/ros2_advanced/ros2_homework_advanced_ws/install/fsd_common_msgs/include/fsd_common_msgs/fsd_common_msgs/msg/detail/trajectory_point__type_support.c
[20.897s] -- Installing: /home/c/Formax_wuren_shixi/ros2_learning-main/ros2_advanced/ros2_homework_advanced_ws/install/fsd_common_msgs/include/fsd_common_msgs/fsd_common_msgs/msg/detail/map__rosidl_typesupport_introspection_c.h
[20.897s] -- Installing: /home/c/Formax_wuren_shixi/ros2_learning-main/ros2_advanced/ros2_homework_advanced_ws/install/fsd_common_msgs/include/fsd_common_msgs/fsd_common_msgs/msg/detail/cone_detections__rosidl_typesupport_introspection_c.h
[20.898s] -- Installing: /home/c/Formax_wuren_shixi/ros2_learning-main/ros2_advanced/ros2_homework_advanced_ws/install/fsd_common_msgs/include/fsd_common_msgs/fsd_common_msgs/msg/detail/track__type_support.c
[20.898s] -- Installing: /home/c/Formax_wuren_shixi/ros2_learning-main/ros2_advanced/ros2_homework_advanced_ws/install/fsd_common_msgs/include/fsd_common_msgs/fsd_common_msgs/msg/detail/driving_dynamics__type_support.c
[20.898s] -- Installing: /home/c/Formax_wuren_shixi/ros2_learning-main/ros2_advanced/ros2_homework_advanced_ws/install/fsd_common_msgs/include/fsd_common_msgs/fsd_common_msgs/msg/detail/remote_control_command__type_support.c
[20.898s] -- Installing: /home/c/Formax_wuren_shixi/ros2_learning-main/ros2_advanced/ros2_homework_advanced_ws/install/fsd_common_msgs/include/fsd_common_msgs/fsd_common_msgs/msg/detail/car_state_dt__type_support.c
[20.898s] -- Installing: /home/c/Formax_wuren_shixi/ros2_learning-main/ros2_advanced/ros2_homework_advanced_ws/install/fsd_common_msgs/include/fsd_common_msgs/fsd_common_msgs/msg/detail/car_state__rosidl_typesupport_introspection_c.h
[20.898s] -- Installing: /home/c/Formax_wuren_shixi/ros2_learning-main/ros2_advanced/ros2_homework_advanced_ws/install/fsd_common_msgs/include/fsd_common_msgs/fsd_common_msgs/msg/detail/echiev_message__type_support.c
[20.898s] -- Installing: /home/c/Formax_wuren_shixi/ros2_learning-main/ros2_advanced/ros2_homework_advanced_ws/install/fsd_common_msgs/include/fsd_common_msgs/fsd_common_msgs/msg/detail/yolo_cone__type_support.c
[20.899s] -- Installing: /home/c/Formax_wuren_shixi/ros2_learning-main/ros2_advanced/ros2_homework_advanced_ws/install/fsd_common_msgs/include/fsd_common_msgs/fsd_common_msgs/msg/detail/car_state__type_support.c
[20.899s] -- Installing: /home/c/Formax_wuren_shixi/ros2_learning-main/ros2_advanced/ros2_homework_advanced_ws/install/fsd_common_msgs/include/fsd_common_msgs/fsd_common_msgs/msg/detail/ins_delta__type_support.c
[20.899s] -- Installing: /home/c/Formax_wuren_shixi/ros2_learning-main/ros2_advanced/ros2_homework_advanced_ws/install/fsd_common_msgs/include/fsd_common_msgs/fsd_common_msgs/msg/detail/track__rosidl_typesupport_introspection_c.h
[20.899s] -- Installing: /home/c/Formax_wuren_shixi/ros2_learning-main/ros2_advanced/ros2_homework_advanced_ws/install/fsd_common_msgs/include/fsd_common_msgs/fsd_common_msgs/msg/detail/yolo_cone_detections__rosidl_typesupport_introspection_c.h
[20.899s] -- Installing: /home/c/Formax_wuren_shixi/ros2_learning-main/ros2_advanced/ros2_homework_advanced_ws/install/fsd_common_msgs/include/fsd_common_msgs/fsd_common_msgs/msg/detail/control_command__type_support.c
[20.899s] -- Installing: /home/c/Formax_wuren_shixi/ros2_learning-main/ros2_advanced/ros2_homework_advanced_ws/install/fsd_common_msgs/include/fsd_common_msgs/fsd_common_msgs/msg/detail/yolo_cone_track__type_support.c
[20.900s] -- Installing: /home/c/Formax_wuren_shixi/ros2_learning-main/ros2_advanced/ros2_homework_advanced_ws/install/fsd_common_msgs/include/fsd_common_msgs/fsd_common_msgs/msg/detail/asensing_message__rosidl_typesupport_introspection_c.h
[20.900s] -- Installing: /home/c/Formax_wuren_shixi/ros2_learning-main/ros2_advanced/ros2_homework_advanced_ws/install/fsd_common_msgs/include/fsd_common_msgs/fsd_common_msgs/msg/detail/skidpad_global_center_line__type_support.c
[20.900s] -- Installing: /home/c/Formax_wuren_shixi/ros2_learning-main/ros2_advanced/ros2_homework_advanced_ws/install/fsd_common_msgs/include/fsd_common_msgs/fsd_common_msgs/msg/detail/control_command__rosidl_typesupport_introspection_c.h
[20.900s] -- Installing: /home/c/Formax_wuren_shixi/ros2_learning-main/ros2_advanced/ros2_homework_advanced_ws/install/fsd_common_msgs/include/fsd_common_msgs/fsd_common_msgs/msg/detail/can_frames__type_support.c
[20.900s] -- Installing: /home/c/Formax_wuren_shixi/ros2_learning-main/ros2_advanced/ros2_homework_advanced_ws/install/fsd_common_msgs/include/fsd_common_msgs/fsd_common_msgs/msg/detail/as_state__type_support.c
[20.900s] -- Installing: /home/c/Formax_wuren_shixi/ros2_learning-main/ros2_advanced/ros2_homework_advanced_ws/install/fsd_common_msgs/include/fsd_common_msgs/fsd_common_msgs/msg/detail/yolo_cone__rosidl_typesupport_introspection_c.h
[20.900s] -- Installing: /home/c/Formax_wuren_shixi/ros2_learning-main/ros2_advanced/ros2_homework_advanced_ws/install/fsd_common_msgs/include/fsd_common_msgs/fsd_common_msgs/msg/detail/can_frames__rosidl_typesupport_introspection_c.h
[20.901s] -- Installing: /home/c/Formax_wuren_shixi/ros2_learning-main/ros2_advanced/ros2_homework_advanced_ws/install/fsd_common_msgs/include/fsd_common_msgs/fsd_common_msgs/msg/detail/trajectory_point__rosidl_typesupport_introspection_c.h
[20.901s] -- Installing: /home/c/Formax_wuren_shixi/ros2_learning-main/ros2_advanced/ros2_homework_advanced_ws/install/fsd_common_msgs/include/fsd_common_msgs/fsd_common_msgs/msg/detail/cone_detections__type_support.c
[20.901s] -- Installing: /home/c/Formax_wuren_shixi/ros2_learning-main/ros2_advanced/ros2_homework_advanced_ws/install/fsd_common_msgs/include/fsd_common_msgs/fsd_common_msgs/msg/detail/yolo_cone_detections__type_support.c
[20.901s] -- Installing: /home/c/Formax_wuren_shixi/ros2_learning-main/ros2_advanced/ros2_homework_advanced_ws/install/fsd_common_msgs/include/fsd_common_msgs/fsd_common_msgs/msg/detail/car_state_dt__rosidl_typesupport_introspection_c.h
[20.901s] -- Installing: /home/c/Formax_wuren_shixi/ros2_learning-main/ros2_advanced/ros2_homework_advanced_ws/install/fsd_common_msgs/include/fsd_common_msgs/fsd_common_msgs/msg/detail/echiev_message__rosidl_typesupport_introspection_c.h
[20.901s] -- Installing: /home/c/Formax_wuren_shixi/ros2_learning-main/ros2_advanced/ros2_homework_advanced_ws/install/fsd_common_msgs/include/fsd_common_msgs/fsd_common_msgs/msg/detail/asensing_message__type_support.c
[20.901s] -- Installing: /home/c/Formax_wuren_shixi/ros2_learning-main/ros2_advanced/ros2_homework_advanced_ws/install/fsd_common_msgs/include/fsd_common_msgs/fsd_common_msgs/msg/detail/time__rosidl_typesupport_introspection_c.h
[20.902s] -- Installing: /home/c/Formax_wuren_shixi/ros2_learning-main/ros2_advanced/ros2_homework_advanced_ws/install/fsd_common_msgs/include/fsd_common_msgs/fsd_common_msgs/msg/detail/time__type_support.c
[20.902s] -- Installing: /home/c/Formax_wuren_shixi/ros2_learning-main/ros2_advanced/ros2_homework_advanced_ws/install/fsd_common_msgs/include/fsd_common_msgs/fsd_common_msgs/msg/detail/cone__type_support.c
[20.902s] -- Installing: /home/c/Formax_wuren_shixi/ros2_learning-main/ros2_advanced/ros2_homework_advanced_ws/install/fsd_common_msgs/include/fsd_common_msgs/fsd_common_msgs/msg/detail/decision_flag__rosidl_typesupport_introspection_c.h
[20.902s] -- Installing: /home/c/Formax_wuren_shixi/ros2_learning-main/ros2_advanced/ros2_homework_advanced_ws/install/fsd_common_msgs/include/fsd_common_msgs/fsd_common_msgs/msg/detail/as_state__rosidl_typesupport_introspection_c.h
[20.902s] -- Installing: /home/c/Formax_wuren_shixi/ros2_learning-main/ros2_advanced/ros2_homework_advanced_ws/install/fsd_common_msgs/include/fsd_common_msgs/fsd_common_msgs/msg/detail/decision_flag__type_support.c
[20.902s] -- Installing: /home/c/Formax_wuren_shixi/ros2_learning-main/ros2_advanced/ros2_homework_advanced_ws/install/fsd_common_msgs/include/fsd_common_msgs/fsd_common_msgs/msg/detail/driving_dynamics__rosidl_typesupport_introspection_c.h
[20.902s] -- Installing: /home/c/Formax_wuren_shixi/ros2_learning-main/ros2_advanced/ros2_homework_advanced_ws/install/fsd_common_msgs/include/fsd_common_msgs/fsd_common_msgs/msg/detail/visualization__type_support.c
[20.903s] -- Installing: /home/c/Formax_wuren_shixi/ros2_learning-main/ros2_advanced/ros2_homework_advanced_ws/install/fsd_common_msgs/include/fsd_common_msgs/fsd_common_msgs/msg/detail/skidpad_global_center_line__rosidl_typesupport_introspection_c.h
[20.903s] -- Installing: /home/c/Formax_wuren_shixi/ros2_learning-main/ros2_advanced/ros2_homework_advanced_ws/install/fsd_common_msgs/include/fsd_common_msgs/fsd_common_msgs/msg/detail/cone_detections_dbscan__type_support.c
[20.903s] -- Installing: /home/c/Formax_wuren_shixi/ros2_learning-main/ros2_advanced/ros2_homework_advanced_ws/install/fsd_common_msgs/include/fsd_common_msgs/fsd_common_msgs/msg/detail/cone_detections_dbscan__rosidl_typesupport_introspection_c.h
[20.903s] -- Installing: /home/c/Formax_wuren_shixi/ros2_learning-main/ros2_advanced/ros2_homework_advanced_ws/install/fsd_common_msgs/include/fsd_common_msgs/fsd_common_msgs/msg/detail/yolo_cone_detections_track__rosidl_typesupport_introspection_c.h
[20.903s] -- Installing: /home/c/Formax_wuren_shixi/ros2_learning-main/ros2_advanced/ros2_homework_advanced_ws/install/fsd_common_msgs/include/fsd_common_msgs/fsd_common_msgs/msg/detail/cone_dbscan__rosidl_typesupport_introspection_c.h
[20.903s] -- Installing: /home/c/Formax_wuren_shixi/ros2_learning-main/ros2_advanced/ros2_homework_advanced_ws/install/fsd_common_msgs/include/fsd_common_msgs/fsd_common_msgs/msg/detail/visualization__rosidl_typesupport_introspection_c.h
[20.903s] -- Installing: /home/c/Formax_wuren_shixi/ros2_learning-main/ros2_advanced/ros2_homework_advanced_ws/install/fsd_common_msgs/include/fsd_common_msgs/fsd_common_msgs/msg/detail/mission__rosidl_typesupport_introspection_c.h
[20.903s] -- Installing: /home/c/Formax_wuren_shixi/ros2_learning-main/ros2_advanced/ros2_homework_advanced_ws/install/fsd_common_msgs/include/fsd_common_msgs/fsd_common_msgs/msg/detail/mission__type_support.c
[20.904s] -- Installing: /home/c/Formax_wuren_shixi/ros2_learning-main/ros2_advanced/ros2_homework_advanced_ws/install/fsd_common_msgs/include/fsd_common_msgs/fsd_common_msgs/msg/detail/ins_delta__rosidl_typesupport_introspection_c.h
[20.904s] -- Installing: /home/c/Formax_wuren_shixi/ros2_learning-main/ros2_advanced/ros2_homework_advanced_ws/install/fsd_common_msgs/include/fsd_common_msgs/fsd_common_msgs/msg/detail/yolo_cone_track__rosidl_typesupport_introspection_c.h
[20.904s] -- Installing: /home/c/Formax_wuren_shixi/ros2_learning-main/ros2_advanced/ros2_homework_advanced_ws/install/fsd_common_msgs/include/fsd_common_msgs/fsd_common_msgs/msg/detail/feedback__type_support.c
[20.904s] -- Installing: /home/c/Formax_wuren_shixi/ros2_learning-main/ros2_advanced/ros2_homework_advanced_ws/install/fsd_common_msgs/include/fsd_common_msgs/fsd_common_msgs/msg/detail/res_and_ami__rosidl_typesupport_introspection_c.h
[20.904s] -- Installing: /home/c/Formax_wuren_shixi/ros2_learning-main/ros2_advanced/ros2_homework_advanced_ws/install/fsd_common_msgs/include/fsd_common_msgs/fsd_common_msgs/msg/detail/res_and_ami__type_support.c
[20.904s] -- Installing: /home/c/Formax_wuren_shixi/ros2_learning-main/ros2_advanced/ros2_homework_advanced_ws/install/fsd_common_msgs/include/fsd_common_msgs/fsd_common_msgs/msg/detail/map__type_support.c
[20.904s] -- Installing: /home/c/Formax_wuren_shixi/ros2_learning-main/ros2_advanced/ros2_homework_advanced_ws/install/fsd_common_msgs/include/fsd_common_msgs/fsd_common_msgs/msg/detail/yolo_cone_detections_track__type_support.c
[20.905s] -- Installing: /home/c/Formax_wuren_shixi/ros2_learning-main/ros2_advanced/ros2_homework_advanced_ws/install/fsd_common_msgs/include/fsd_common_msgs/fsd_common_msgs/msg/detail/cone__rosidl_typesupport_introspection_c.h
[20.905s] -- Installing: /home/c/Formax_wuren_shixi/ros2_learning-main/ros2_advanced/ros2_homework_advanced_ws/install/fsd_common_msgs/include/fsd_common_msgs/fsd_common_msgs/msg/detail/cone_dbscan__type_support.c
[20.905s] -- Installing: /home/c/Formax_wuren_shixi/ros2_learning-main/ros2_advanced/ros2_homework_advanced_ws/install/fsd_common_msgs/include/fsd_common_msgs/fsd_common_msgs/msg/rosidl_typesupport_introspection_c__visibility_control.h
[20.905s] -- Installing: /home/c/Formax_wuren_shixi/ros2_learning-main/ros2_advanced/ros2_homework_advanced_ws/install/fsd_common_msgs/lib/libfsd_common_msgs__rosidl_typesupport_introspection_c.so
[20.906s] -- Set non-toolchain portion of runtime path of "/home/c/Formax_wuren_shixi/ros2_learning-main/ros2_advanced/ros2_homework_advanced_ws/install/fsd_common_msgs/lib/libfsd_common_msgs__rosidl_typesupport_introspection_c.so" to ""
[20.906s] -- Installing: /home/c/Formax_wuren_shixi/ros2_learning-main/ros2_advanced/ros2_homework_advanced_ws/install/fsd_common_msgs/lib/libfsd_common_msgs__rosidl_typesupport_c.so
[20.906s] -- Set non-toolchain portion of runtime path of "/home/c/Formax_wuren_shixi/ros2_learning-main/ros2_advanced/ros2_homework_advanced_ws/install/fsd_common_msgs/lib/libfsd_common_msgs__rosidl_typesupport_c.so" to ""
[20.906s] -- Up-to-date: /home/c/Formax_wuren_shixi/ros2_learning-main/ros2_advanced/ros2_homework_advanced_ws/install/fsd_common_msgs/include/fsd_common_msgs/fsd_common_msgs
[20.907s] -- Up-to-date: /home/c/Formax_wuren_shixi/ros2_learning-main/ros2_advanced/ros2_homework_advanced_ws/install/fsd_common_msgs/include/fsd_common_msgs/fsd_common_msgs/msg
[20.907s] -- Installing: /home/c/Formax_wuren_shixi/ros2_learning-main/ros2_advanced/ros2_homework_advanced_ws/install/fsd_common_msgs/include/fsd_common_msgs/fsd_common_msgs/msg/cone_detections_dbscan.hpp
[20.907s] -- Installing: /home/c/Formax_wuren_shixi/ros2_learning-main/ros2_advanced/ros2_homework_advanced_ws/install/fsd_common_msgs/include/fsd_common_msgs/fsd_common_msgs/msg/skidpad_global_center_line.hpp
[20.907s] -- Installing: /home/c/Formax_wuren_shixi/ros2_learning-main/ros2_advanced/ros2_homework_advanced_ws/install/fsd_common_msgs/include/fsd_common_msgs/fsd_common_msgs/msg/yolo_cone_detections.hpp
[20.907s] -- Installing: /home/c/Formax_wuren_shixi/ros2_learning-main/ros2_advanced/ros2_homework_advanced_ws/install/fsd_common_msgs/include/fsd_common_msgs/fsd_common_msgs/msg/map.hpp
[20.907s] -- Installing: /home/c/Formax_wuren_shixi/ros2_learning-main/ros2_advanced/ros2_homework_advanced_ws/install/fsd_common_msgs/include/fsd_common_msgs/fsd_common_msgs/msg/car_state.hpp
[20.907s] -- Installing: /home/c/Formax_wuren_shixi/ros2_learning-main/ros2_advanced/ros2_homework_advanced_ws/install/fsd_common_msgs/include/fsd_common_msgs/fsd_common_msgs/msg/yolo_cone_track.hpp
[20.907s] -- Installing: /home/c/Formax_wuren_shixi/ros2_learning-main/ros2_advanced/ros2_homework_advanced_ws/install/fsd_common_msgs/include/fsd_common_msgs/fsd_common_msgs/msg/ins_delta.hpp
[20.907s] -- Up-to-date: /home/c/Formax_wuren_shixi/ros2_learning-main/ros2_advanced/ros2_homework_advanced_ws/install/fsd_common_msgs/include/fsd_common_msgs/fsd_common_msgs/msg/detail
[20.908s] -- Installing: /home/c/Formax_wuren_shixi/ros2_learning-main/ros2_advanced/ros2_homework_advanced_ws/install/fsd_common_msgs/include/fsd_common_msgs/fsd_common_msgs/msg/detail/yolo_cone_detections_track__type_support.hpp
[20.908s] -- Installing: /home/c/Formax_wuren_shixi/ros2_learning-main/ros2_advanced/ros2_homework_advanced_ws/install/fsd_common_msgs/include/fsd_common_msgs/fsd_common_msgs/msg/detail/map__traits.hpp
[20.908s] -- Installing: /home/c/Formax_wuren_shixi/ros2_learning-main/ros2_advanced/ros2_homework_advanced_ws/install/fsd_common_msgs/include/fsd_common_msgs/fsd_common_msgs/msg/detail/can_frames__type_support.hpp
[20.908s] -- Installing: /home/c/Formax_wuren_shixi/ros2_learning-main/ros2_advanced/ros2_homework_advanced_ws/install/fsd_common_msgs/include/fsd_common_msgs/fsd_common_msgs/msg/detail/asensing_message__type_support.hpp
[20.908s] -- Installing: /home/c/Formax_wuren_shixi/ros2_learning-main/ros2_advanced/ros2_homework_advanced_ws/install/fsd_common_msgs/include/fsd_common_msgs/fsd_common_msgs/msg/detail/control_command__traits.hpp
[20.908s] -- Installing: /home/c/Formax_wuren_shixi/ros2_learning-main/ros2_advanced/ros2_homework_advanced_ws/install/fsd_common_msgs/include/fsd_common_msgs/fsd_common_msgs/msg/detail/res_and_ami__traits.hpp
[20.908s] -- Installing: /home/c/Formax_wuren_shixi/ros2_learning-main/ros2_advanced/ros2_homework_advanced_ws/install/fsd_common_msgs/include/fsd_common_msgs/fsd_common_msgs/msg/detail/cone_detections_dbscan__type_support.hpp
[20.908s] -- Installing: /home/c/Formax_wuren_shixi/ros2_learning-main/ros2_advanced/ros2_homework_advanced_ws/install/fsd_common_msgs/include/fsd_common_msgs/fsd_common_msgs/msg/detail/res_and_ami__struct.hpp
[20.909s] -- Installing: /home/c/Formax_wuren_shixi/ros2_learning-main/ros2_advanced/ros2_homework_advanced_ws/install/fsd_common_msgs/include/fsd_common_msgs/fsd_common_msgs/msg/detail/decision_flag__type_support.hpp
[20.909s] -- Installing: /home/c/Formax_wuren_shixi/ros2_learning-main/ros2_advanced/ros2_homework_advanced_ws/install/fsd_common_msgs/include/fsd_common_msgs/fsd_common_msgs/msg/detail/mission__struct.hpp
[20.909s] -- Installing: /home/c/Formax_wuren_shixi/ros2_learning-main/ros2_advanced/ros2_homework_advanced_ws/install/fsd_common_msgs/include/fsd_common_msgs/fsd_common_msgs/msg/detail/yolo_cone_detections__struct.hpp
[20.909s] -- Installing: /home/c/Formax_wuren_shixi/ros2_learning-main/ros2_advanced/ros2_homework_advanced_ws/install/fsd_common_msgs/include/fsd_common_msgs/fsd_common_msgs/msg/detail/control_command__builder.hpp
[20.909s] -- Installing: /home/c/Formax_wuren_shixi/ros2_learning-main/ros2_advanced/ros2_homework_advanced_ws/install/fsd_common_msgs/include/fsd_common_msgs/fsd_common_msgs/msg/detail/car_state__builder.hpp
[20.909s] -- Installing: /home/c/Formax_wuren_shixi/ros2_learning-main/ros2_advanced/ros2_homework_advanced_ws/install/fsd_common_msgs/include/fsd_common_msgs/fsd_common_msgs/msg/detail/echiev_message__struct.hpp
[20.909s] -- Installing: /home/c/Formax_wuren_shixi/ros2_learning-main/ros2_advanced/ros2_homework_advanced_ws/install/fsd_common_msgs/include/fsd_common_msgs/fsd_common_msgs/msg/detail/mission__traits.hpp
[20.910s] -- Installing: /home/c/Formax_wuren_shixi/ros2_learning-main/ros2_advanced/ros2_homework_advanced_ws/install/fsd_common_msgs/include/fsd_common_msgs/fsd_common_msgs/msg/detail/can_frames__traits.hpp
[20.910s] -- Installing: /home/c/Formax_wuren_shixi/ros2_learning-main/ros2_advanced/ros2_homework_advanced_ws/install/fsd_common_msgs/include/fsd_common_msgs/fsd_common_msgs/msg/detail/yolo_cone__type_support.hpp
[20.910s] -- Installing: /home/c/Formax_wuren_shixi/ros2_learning-main/ros2_advanced/ros2_homework_advanced_ws/install/fsd_common_msgs/include/fsd_common_msgs/fsd_common_msgs/msg/detail/driving_dynamics__traits.hpp
[20.910s] -- Installing: /home/c/Formax_wuren_shixi/ros2_learning-main/ros2_advanced/ros2_homework_advanced_ws/install/fsd_common_msgs/include/fsd_common_msgs/fsd_common_msgs/msg/detail/car_state_dt__builder.hpp
[20.910s] -- Installing: /home/c/Formax_wuren_shixi/ros2_learning-main/ros2_advanced/ros2_homework_advanced_ws/install/fsd_common_msgs/include/fsd_common_msgs/fsd_common_msgs/msg/detail/yolo_cone__struct.hpp
[20.910s] -- Installing: /home/c/Formax_wuren_shixi/ros2_learning-main/ros2_advanced/ros2_homework_advanced_ws/install/fsd_common_msgs/include/fsd_common_msgs/fsd_common_msgs/msg/detail/cone_detections_dbscan__builder.hpp
[20.910s] -- Installing: /home/c/Formax_wuren_shixi/ros2_learning-main/ros2_advanced/ros2_homework_advanced_ws/install/fsd_common_msgs/include/fsd_common_msgs/fsd_common_msgs/msg/detail/ins_delta__traits.hpp
[20.911s] -- Installing: /home/c/Formax_wuren_shixi/ros2_learning-main/ros2_advanced/ros2_homework_advanced_ws/install/fsd_common_msgs/include/fsd_common_msgs/fsd_common_msgs/msg/detail/map__struct.hpp
[20.911s] -- Installing: /home/c/Formax_wuren_shixi/ros2_learning-main/ros2_advanced/ros2_homework_advanced_ws/install/fsd_common_msgs/include/fsd_common_msgs/fsd_common_msgs/msg/detail/asensing_message__struct.hpp
[20.911s] -- Installing: /home/c/Formax_wuren_shixi/ros2_learning-main/ros2_advanced/ros2_homework_advanced_ws/install/fsd_common_msgs/include/fsd_common_msgs/fsd_common_msgs/msg/detail/remote_control_command__builder.hpp
[20.911s] -- Installing: /home/c/Formax_wuren_shixi/ros2_learning-main/ros2_advanced/ros2_homework_advanced_ws/install/fsd_common_msgs/include/fsd_common_msgs/fsd_common_msgs/msg/detail/yolo_cone_detections_track__traits.hpp
[20.911s] -- Installing: /home/c/Formax_wuren_shixi/ros2_learning-main/ros2_advanced/ros2_homework_advanced_ws/install/fsd_common_msgs/include/fsd_common_msgs/fsd_common_msgs/msg/detail/driving_dynamics__builder.hpp
[20.911s] -- Installing: /home/c/Formax_wuren_shixi/ros2_learning-main/ros2_advanced/ros2_homework_advanced_ws/install/fsd_common_msgs/include/fsd_common_msgs/fsd_common_msgs/msg/detail/car_state_dt__struct.hpp
[20.911s] -- Installing: /home/c/Formax_wuren_shixi/ros2_learning-main/ros2_advanced/ros2_homework_advanced_ws/install/fsd_common_msgs/include/fsd_common_msgs/fsd_common_msgs/msg/detail/yolo_cone_detections__traits.hpp
[20.912s] -- Installing: /home/c/Formax_wuren_shixi/ros2_learning-main/ros2_advanced/ros2_homework_advanced_ws/install/fsd_common_msgs/include/fsd_common_msgs/fsd_common_msgs/msg/detail/car_state_dt__traits.hpp
[20.912s] -- Installing: /home/c/Formax_wuren_shixi/ros2_learning-main/ros2_advanced/ros2_homework_advanced_ws/install/fsd_common_msgs/include/fsd_common_msgs/fsd_common_msgs/msg/detail/ins_delta__type_support.hpp
[20.912s] -- Installing: /home/c/Formax_wuren_shixi/ros2_learning-main/ros2_advanced/ros2_homework_advanced_ws/install/fsd_common_msgs/include/fsd_common_msgs/fsd_common_msgs/msg/detail/trajectory_point__builder.hpp
[20.912s] -- Installing: /home/c/Formax_wuren_shixi/ros2_learning-main/ros2_advanced/ros2_homework_advanced_ws/install/fsd_common_msgs/include/fsd_common_msgs/fsd_common_msgs/msg/detail/res_and_ami__builder.hpp
[20.912s] -- Installing: /home/c/Formax_wuren_shixi/ros2_learning-main/ros2_advanced/ros2_homework_advanced_ws/install/fsd_common_msgs/include/fsd_common_msgs/fsd_common_msgs/msg/detail/asensing_message__traits.hpp
[20.912s] -- Installing: /home/c/Formax_wuren_shixi/ros2_learning-main/ros2_advanced/ros2_homework_advanced_ws/install/fsd_common_msgs/include/fsd_common_msgs/fsd_common_msgs/msg/detail/car_state__traits.hpp
[20.913s] -- Installing: /home/c/Formax_wuren_shixi/ros2_learning-main/ros2_advanced/ros2_homework_advanced_ws/install/fsd_common_msgs/include/fsd_common_msgs/fsd_common_msgs/msg/detail/res_and_ami__type_support.hpp
[20.913s] -- Installing: /home/c/Formax_wuren_shixi/ros2_learning-main/ros2_advanced/ros2_homework_advanced_ws/install/fsd_common_msgs/include/fsd_common_msgs/fsd_common_msgs/msg/detail/visualization__type_support.hpp
[20.913s] -- Installing: /home/c/Formax_wuren_shixi/ros2_learning-main/ros2_advanced/ros2_homework_advanced_ws/install/fsd_common_msgs/include/fsd_common_msgs/fsd_common_msgs/msg/detail/cone_detections__traits.hpp
[20.913s] -- Installing: /home/c/Formax_wuren_shixi/ros2_learning-main/ros2_advanced/ros2_homework_advanced_ws/install/fsd_common_msgs/include/fsd_common_msgs/fsd_common_msgs/msg/detail/skidpad_global_center_line__traits.hpp
[20.913s] -- Installing: /home/c/Formax_wuren_shixi/ros2_learning-main/ros2_advanced/ros2_homework_advanced_ws/install/fsd_common_msgs/include/fsd_common_msgs/fsd_common_msgs/msg/detail/time__traits.hpp
[20.913s] -- Installing: /home/c/Formax_wuren_shixi/ros2_learning-main/ros2_advanced/ros2_homework_advanced_ws/install/fsd_common_msgs/include/fsd_common_msgs/fsd_common_msgs/msg/detail/track__traits.hpp
[20.913s] -- Installing: /home/c/Formax_wuren_shixi/ros2_learning-main/ros2_advanced/ros2_homework_advanced_ws/install/fsd_common_msgs/include/fsd_common_msgs/fsd_common_msgs/msg/detail/yolo_cone_detections_track__builder.hpp
[20.913s] -- Installing: /home/c/Formax_wuren_shixi/ros2_learning-main/ros2_advanced/ros2_homework_advanced_ws/install/fsd_common_msgs/include/fsd_common_msgs/fsd_common_msgs/msg/detail/track__builder.hpp
[20.914s] -- Installing: /home/c/Formax_wuren_shixi/ros2_learning-main/ros2_advanced/ros2_homework_advanced_ws/install/fsd_common_msgs/include/fsd_common_msgs/fsd_common_msgs/msg/detail/cone_dbscan__type_support.hpp
[20.914s] -- Installing: /home/c/Formax_wuren_shixi/ros2_learning-main/ros2_advanced/ros2_homework_advanced_ws/install/fsd_common_msgs/include/fsd_common_msgs/fsd_common_msgs/msg/detail/map__type_support.hpp
[20.914s] -- Installing: /home/c/Formax_wuren_shixi/ros2_learning-main/ros2_advanced/ros2_homework_advanced_ws/install/fsd_common_msgs/include/fsd_common_msgs/fsd_common_msgs/msg/detail/ins_delta__builder.hpp
[20.914s] -- Installing: /home/c/Formax_wuren_shixi/ros2_learning-main/ros2_advanced/ros2_homework_advanced_ws/install/fsd_common_msgs/include/fsd_common_msgs/fsd_common_msgs/msg/detail/track__type_support.hpp
[20.914s] -- Installing: /home/c/Formax_wuren_shixi/ros2_learning-main/ros2_advanced/ros2_homework_advanced_ws/install/fsd_common_msgs/include/fsd_common_msgs/fsd_common_msgs/msg/detail/feedback__type_support.hpp
[20.914s] -- Installing: /home/c/Formax_wuren_shixi/ros2_learning-main/ros2_advanced/ros2_homework_advanced_ws/install/fsd_common_msgs/include/fsd_common_msgs/fsd_common_msgs/msg/detail/yolo_cone_detections__builder.hpp
[20.915s] -- Installing: /home/c/Formax_wuren_shixi/ros2_learning-main/ros2_advanced/ros2_homework_advanced_ws/install/fsd_common_msgs/include/fsd_common_msgs/fsd_common_msgs/msg/detail/echiev_message__builder.hpp
[20.915s] -- Installing: /home/c/Formax_wuren_shixi/ros2_learning-main/ros2_advanced/ros2_homework_advanced_ws/install/fsd_common_msgs/include/fsd_common_msgs/fsd_common_msgs/msg/detail/trajectory_point__traits.hpp
[20.915s] -- Installing: /home/c/Formax_wuren_shixi/ros2_learning-main/ros2_advanced/ros2_homework_advanced_ws/install/fsd_common_msgs/include/fsd_common_msgs/fsd_common_msgs/msg/detail/track__struct.hpp
[20.915s] -- Installing: /home/c/Formax_wuren_shixi/ros2_learning-main/ros2_advanced/ros2_homework_advanced_ws/install/fsd_common_msgs/include/fsd_common_msgs/fsd_common_msgs/msg/detail/as_state__struct.hpp
[20.915s] -- Installing: /home/c/Formax_wuren_shixi/ros2_learning-main/ros2_advanced/ros2_homework_advanced_ws/install/fsd_common_msgs/include/fsd_common_msgs/fsd_common_msgs/msg/detail/feedback__builder.hpp
[20.915s] -- Installing: /home/c/Formax_wuren_shixi/ros2_learning-main/ros2_advanced/ros2_homework_advanced_ws/install/fsd_common_msgs/include/fsd_common_msgs/fsd_common_msgs/msg/detail/yolo_cone_detections__type_support.hpp
[20.915s] -- Installing: /home/c/Formax_wuren_shixi/ros2_learning-main/ros2_advanced/ros2_homework_advanced_ws/install/fsd_common_msgs/include/fsd_common_msgs/fsd_common_msgs/msg/detail/cone__struct.hpp
[20.916s] -- Installing: /home/c/Formax_wuren_shixi/ros2_learning-main/ros2_advanced/ros2_homework_advanced_ws/install/fsd_common_msgs/include/fsd_common_msgs/fsd_common_msgs/msg/detail/control_command__type_support.hpp
[20.916s] -- Installing: /home/c/Formax_wuren_shixi/ros2_learning-main/ros2_advanced/ros2_homework_advanced_ws/install/fsd_common_msgs/include/fsd_common_msgs/fsd_common_msgs/msg/detail/feedback__traits.hpp
[20.916s] -- Installing: /home/c/Formax_wuren_shixi/ros2_learning-main/ros2_advanced/ros2_homework_advanced_ws/install/fsd_common_msgs/include/fsd_common_msgs/fsd_common_msgs/msg/detail/time__struct.hpp
[20.916s] -- Installing: /home/c/Formax_wuren_shixi/ros2_learning-main/ros2_advanced/ros2_homework_advanced_ws/install/fsd_common_msgs/include/fsd_common_msgs/fsd_common_msgs/msg/detail/skidpad_global_center_line__builder.hpp
[20.916s] -- Installing: /home/c/Formax_wuren_shixi/ros2_learning-main/ros2_advanced/ros2_homework_advanced_ws/install/fsd_common_msgs/include/fsd_common_msgs/fsd_common_msgs/msg/detail/car_state__struct.hpp
[20.916s] -- Installing: /home/c/Formax_wuren_shixi/ros2_learning-main/ros2_advanced/ros2_homework_advanced_ws/install/fsd_common_msgs/include/fsd_common_msgs/fsd_common_msgs/msg/detail/mission__type_support.hpp
[20.916s] -- Installing: /home/c/Formax_wuren_shixi/ros2_learning-main/ros2_advanced/ros2_homework_advanced_ws/install/fsd_common_msgs/include/fsd_common_msgs/fsd_common_msgs/msg/detail/as_state__builder.hpp
[20.916s] -- Installing: /home/c/Formax_wuren_shixi/ros2_learning-main/ros2_advanced/ros2_homework_advanced_ws/install/fsd_common_msgs/include/fsd_common_msgs/fsd_common_msgs/msg/detail/car_state__type_support.hpp
[20.917s] -- Installing: /home/c/Formax_wuren_shixi/ros2_learning-main/ros2_advanced/ros2_homework_advanced_ws/install/fsd_common_msgs/include/fsd_common_msgs/fsd_common_msgs/msg/detail/decision_flag__builder.hpp
[20.917s] -- Installing: /home/c/Formax_wuren_shixi/ros2_learning-main/ros2_advanced/ros2_homework_advanced_ws/install/fsd_common_msgs/include/fsd_common_msgs/fsd_common_msgs/msg/detail/remote_control_command__struct.hpp
[20.917s] -- Installing: /home/c/Formax_wuren_shixi/ros2_learning-main/ros2_advanced/ros2_homework_advanced_ws/install/fsd_common_msgs/include/fsd_common_msgs/fsd_common_msgs/msg/detail/as_state__traits.hpp
[20.917s] -- Installing: /home/c/Formax_wuren_shixi/ros2_learning-main/ros2_advanced/ros2_homework_advanced_ws/install/fsd_common_msgs/include/fsd_common_msgs/fsd_common_msgs/msg/detail/feedback__struct.hpp
[20.917s] -- Installing: /home/c/Formax_wuren_shixi/ros2_learning-main/ros2_advanced/ros2_homework_advanced_ws/install/fsd_common_msgs/include/fsd_common_msgs/fsd_common_msgs/msg/detail/yolo_cone__builder.hpp
[20.917s] -- Installing: /home/c/Formax_wuren_shixi/ros2_learning-main/ros2_advanced/ros2_homework_advanced_ws/install/fsd_common_msgs/include/fsd_common_msgs/fsd_common_msgs/msg/detail/car_state_dt__type_support.hpp
[20.918s] -- Installing: /home/c/Formax_wuren_shixi/ros2_learning-main/ros2_advanced/ros2_homework_advanced_ws/install/fsd_common_msgs/include/fsd_common_msgs/fsd_common_msgs/msg/detail/driving_dynamics__struct.hpp
[20.918s] -- Installing: /home/c/Formax_wuren_shixi/ros2_learning-main/ros2_advanced/ros2_homework_advanced_ws/install/fsd_common_msgs/include/fsd_common_msgs/fsd_common_msgs/msg/detail/time__builder.hpp
[20.918s] -- Installing: /home/c/Formax_wuren_shixi/ros2_learning-main/ros2_advanced/ros2_homework_advanced_ws/install/fsd_common_msgs/include/fsd_common_msgs/fsd_common_msgs/msg/detail/cone_dbscan__struct.hpp
[20.918s] -- Installing: /home/c/Formax_wuren_shixi/ros2_learning-main/ros2_advanced/ros2_homework_advanced_ws/install/fsd_common_msgs/include/fsd_common_msgs/fsd_common_msgs/msg/detail/visualization__traits.hpp
[20.918s] -- Installing: /home/c/Formax_wuren_shixi/ros2_learning-main/ros2_advanced/ros2_homework_advanced_ws/install/fsd_common_msgs/include/fsd_common_msgs/fsd_common_msgs/msg/detail/cone_detections__builder.hpp
[20.918s] -- Installing: /home/c/Formax_wuren_shixi/ros2_learning-main/ros2_advanced/ros2_homework_advanced_ws/install/fsd_common_msgs/include/fsd_common_msgs/fsd_common_msgs/msg/detail/trajectory_point__struct.hpp
[20.919s] -- Installing: /home/c/Formax_wuren_shixi/ros2_learning-main/ros2_advanced/ros2_homework_advanced_ws/install/fsd_common_msgs/include/fsd_common_msgs/fsd_common_msgs/msg/detail/yolo_cone_track__builder.hpp
[20.919s] -- Installing: /home/c/Formax_wuren_shixi/ros2_learning-main/ros2_advanced/ros2_homework_advanced_ws/install/fsd_common_msgs/include/fsd_common_msgs/fsd_common_msgs/msg/detail/can_frames__struct.hpp
[20.919s] -- Installing: /home/c/Formax_wuren_shixi/ros2_learning-main/ros2_advanced/ros2_homework_advanced_ws/install/fsd_common_msgs/include/fsd_common_msgs/fsd_common_msgs/msg/detail/cone_detections__type_support.hpp
[20.919s] -- Installing: /home/c/Formax_wuren_shixi/ros2_learning-main/ros2_advanced/ros2_homework_advanced_ws/install/fsd_common_msgs/include/fsd_common_msgs/fsd_common_msgs/msg/detail/cone__traits.hpp
[20.919s] -- Installing: /home/c/Formax_wuren_shixi/ros2_learning-main/ros2_advanced/ros2_homework_advanced_ws/install/fsd_common_msgs/include/fsd_common_msgs/fsd_common_msgs/msg/detail/echiev_message__type_support.hpp
[20.919s] -- Installing: /home/c/Formax_wuren_shixi/ros2_learning-main/ros2_advanced/ros2_homework_advanced_ws/install/fsd_common_msgs/include/fsd_common_msgs/fsd_common_msgs/msg/detail/yolo_cone_track__struct.hpp
[20.919s] -- Installing: /home/c/Formax_wuren_shixi/ros2_learning-main/ros2_advanced/ros2_homework_advanced_ws/install/fsd_common_msgs/include/fsd_common_msgs/fsd_common_msgs/msg/detail/cone_detections_dbscan__traits.hpp
[20.919s] -- Installing: /home/c/Formax_wuren_shixi/ros2_learning-main/ros2_advanced/ros2_homework_advanced_ws/install/fsd_common_msgs/include/fsd_common_msgs/fsd_common_msgs/msg/detail/cone_detections_dbscan__struct.hpp
[20.920s] -- Installing: /home/c/Formax_wuren_shixi/ros2_learning-main/ros2_advanced/ros2_homework_advanced_ws/install/fsd_common_msgs/include/fsd_common_msgs/fsd_common_msgs/msg/detail/remote_control_command__type_support.hpp
[20.920s] -- Installing: /home/c/Formax_wuren_shixi/ros2_learning-main/ros2_advanced/ros2_homework_advanced_ws/install/fsd_common_msgs/include/fsd_common_msgs/fsd_common_msgs/msg/detail/as_state__type_support.hpp
[20.920s] -- Installing: /home/c/Formax_wuren_shixi/ros2_learning-main/ros2_advanced/ros2_homework_advanced_ws/install/fsd_common_msgs/include/fsd_common_msgs/fsd_common_msgs/msg/detail/decision_flag__traits.hpp
[20.920s] -- Installing: /home/c/Formax_wuren_shixi/ros2_learning-main/ros2_advanced/ros2_homework_advanced_ws/install/fsd_common_msgs/include/fsd_common_msgs/fsd_common_msgs/msg/detail/cone_dbscan__builder.hpp
[20.920s] -- Installing: /home/c/Formax_wuren_shixi/ros2_learning-main/ros2_advanced/ros2_homework_advanced_ws/install/fsd_common_msgs/include/fsd_common_msgs/fsd_common_msgs/msg/detail/trajectory_point__type_support.hpp
[20.920s] -- Installing: /home/c/Formax_wuren_shixi/ros2_learning-main/ros2_advanced/ros2_homework_advanced_ws/install/fsd_common_msgs/include/fsd_common_msgs/fsd_common_msgs/msg/detail/asensing_message__builder.hpp
[20.920s] -- Installing: /home/c/Formax_wuren_shixi/ros2_learning-main/ros2_advanced/ros2_homework_advanced_ws/install/fsd_common_msgs/include/fsd_common_msgs/fsd_common_msgs/msg/detail/skidpad_global_center_line__struct.hpp
[20.921s] -- Installing: /home/c/Formax_wuren_shixi/ros2_learning-main/ros2_advanced/ros2_homework_advanced_ws/install/fsd_common_msgs/include/fsd_common_msgs/fsd_common_msgs/msg/detail/echiev_message__traits.hpp
[20.921s] -- Installing: /home/c/Formax_wuren_shixi/ros2_learning-main/ros2_advanced/ros2_homework_advanced_ws/install/fsd_common_msgs/include/fsd_common_msgs/fsd_common_msgs/msg/detail/yolo_cone_track__traits.hpp
[20.921s] -- Installing: /home/c/Formax_wuren_shixi/ros2_learning-main/ros2_advanced/ros2_homework_advanced_ws/install/fsd_common_msgs/include/fsd_common_msgs/fsd_common_msgs/msg/detail/yolo_cone_track__type_support.hpp
[20.921s] -- Installing: /home/c/Formax_wuren_shixi/ros2_learning-main/ros2_advanced/ros2_homework_advanced_ws/install/fsd_common_msgs/include/fsd_common_msgs/fsd_common_msgs/msg/detail/cone_dbscan__traits.hpp
[20.921s] -- Installing: /home/c/Formax_wuren_shixi/ros2_learning-main/ros2_advanced/ros2_homework_advanced_ws/install/fsd_common_msgs/include/fsd_common_msgs/fsd_common_msgs/msg/detail/cone__type_support.hpp
[20.921s] -- Installing: /home/c/Formax_wuren_shixi/ros2_learning-main/ros2_advanced/ros2_homework_advanced_ws/install/fsd_common_msgs/include/fsd_common_msgs/fsd_common_msgs/msg/detail/can_frames__builder.hpp
[20.921s] -- Installing: /home/c/Formax_wuren_shixi/ros2_learning-main/ros2_advanced/ros2_homework_advanced_ws/install/fsd_common_msgs/include/fsd_common_msgs/fsd_common_msgs/msg/detail/control_command__struct.hpp
[20.922s] -- Installing: /home/c/Formax_wuren_shixi/ros2_learning-main/ros2_advanced/ros2_homework_advanced_ws/install/fsd_common_msgs/include/fsd_common_msgs/fsd_common_msgs/msg/detail/visualization__builder.hpp
[20.922s] -- Installing: /home/c/Formax_wuren_shixi/ros2_learning-main/ros2_advanced/ros2_homework_advanced_ws/install/fsd_common_msgs/include/fsd_common_msgs/fsd_common_msgs/msg/detail/driving_dynamics__type_support.hpp
[20.922s] -- Installing: /home/c/Formax_wuren_shixi/ros2_learning-main/ros2_advanced/ros2_homework_advanced_ws/install/fsd_common_msgs/include/fsd_common_msgs/fsd_common_msgs/msg/detail/map__builder.hpp
[20.922s] -- Installing: /home/c/Formax_wuren_shixi/ros2_learning-main/ros2_advanced/ros2_homework_advanced_ws/install/fsd_common_msgs/include/fsd_common_msgs/fsd_common_msgs/msg/detail/skidpad_global_center_line__type_support.hpp
[20.922s] -- Installing: /home/c/Formax_wuren_shixi/ros2_learning-main/ros2_advanced/ros2_homework_advanced_ws/install/fsd_common_msgs/include/fsd_common_msgs/fsd_common_msgs/msg/detail/yolo_cone_detections_track__struct.hpp
[20.922s] -- Installing: /home/c/Formax_wuren_shixi/ros2_learning-main/ros2_advanced/ros2_homework_advanced_ws/install/fsd_common_msgs/include/fsd_common_msgs/fsd_common_msgs/msg/detail/visualization__struct.hpp
[20.922s] -- Installing: /home/c/Formax_wuren_shixi/ros2_learning-main/ros2_advanced/ros2_homework_advanced_ws/install/fsd_common_msgs/include/fsd_common_msgs/fsd_common_msgs/msg/detail/cone_detections__struct.hpp
[20.923s] -- Installing: /home/c/Formax_wuren_shixi/ros2_learning-main/ros2_advanced/ros2_homework_advanced_ws/install/fsd_common_msgs/include/fsd_common_msgs/fsd_common_msgs/msg/detail/mission__builder.hpp
[20.923s] -- Installing: /home/c/Formax_wuren_shixi/ros2_learning-main/ros2_advanced/ros2_homework_advanced_ws/install/fsd_common_msgs/include/fsd_common_msgs/fsd_common_msgs/msg/detail/decision_flag__struct.hpp
[20.923s] -- Installing: /home/c/Formax_wuren_shixi/ros2_learning-main/ros2_advanced/ros2_homework_advanced_ws/install/fsd_common_msgs/include/fsd_common_msgs/fsd_common_msgs/msg/detail/ins_delta__struct.hpp
[20.923s] -- Installing: /home/c/Formax_wuren_shixi/ros2_learning-main/ros2_advanced/ros2_homework_advanced_ws/install/fsd_common_msgs/include/fsd_common_msgs/fsd_common_msgs/msg/detail/cone__builder.hpp
[20.923s] -- Installing: /home/c/Formax_wuren_shixi/ros2_learning-main/ros2_advanced/ros2_homework_advanced_ws/install/fsd_common_msgs/include/fsd_common_msgs/fsd_common_msgs/msg/detail/yolo_cone__traits.hpp
[20.923s] -- Installing: /home/c/Formax_wuren_shixi/ros2_learning-main/ros2_advanced/ros2_homework_advanced_ws/install/fsd_common_msgs/include/fsd_common_msgs/fsd_common_msgs/msg/detail/remote_control_command__traits.hpp
[20.923s] -- Installing: /home/c/Formax_wuren_shixi/ros2_learning-main/ros2_advanced/ros2_homework_advanced_ws/install/fsd_common_msgs/include/fsd_common_msgs/fsd_common_msgs/msg/detail/time__type_support.hpp
[20.924s] -- Installing: /home/c/Formax_wuren_shixi/ros2_learning-main/ros2_advanced/ros2_homework_advanced_ws/install/fsd_common_msgs/include/fsd_common_msgs/fsd_common_msgs/msg/rosidl_generator_cpp__visibility_control.hpp
[20.924s] -- Installing: /home/c/Formax_wuren_shixi/ros2_learning-main/ros2_advanced/ros2_homework_advanced_ws/install/fsd_common_msgs/include/fsd_common_msgs/fsd_common_msgs/msg/control_command.hpp
[20.924s] -- Installing: /home/c/Formax_wuren_shixi/ros2_learning-main/ros2_advanced/ros2_homework_advanced_ws/install/fsd_common_msgs/include/fsd_common_msgs/fsd_common_msgs/msg/driving_dynamics.hpp
[20.924s] -- Installing: /home/c/Formax_wuren_shixi/ros2_learning-main/ros2_advanced/ros2_homework_advanced_ws/install/fsd_common_msgs/include/fsd_common_msgs/fsd_common_msgs/msg/echiev_message.hpp
[20.924s] -- Installing: /home/c/Formax_wuren_shixi/ros2_learning-main/ros2_advanced/ros2_homework_advanced_ws/install/fsd_common_msgs/include/fsd_common_msgs/fsd_common_msgs/msg/cone_detections.hpp
[20.924s] -- Installing: /home/c/Formax_wuren_shixi/ros2_learning-main/ros2_advanced/ros2_homework_advanced_ws/install/fsd_common_msgs/include/fsd_common_msgs/fsd_common_msgs/msg/mission.hpp
[20.924s] -- Installing: /home/c/Formax_wuren_shixi/ros2_learning-main/ros2_advanced/ros2_homework_advanced_ws/install/fsd_common_msgs/include/fsd_common_msgs/fsd_common_msgs/msg/cone.hpp
[20.924s] -- Installing: /home/c/Formax_wuren_shixi/ros2_learning-main/ros2_advanced/ros2_homework_advanced_ws/install/fsd_common_msgs/include/fsd_common_msgs/fsd_common_msgs/msg/yolo_cone.hpp
[20.925s] -- Installing: /home/c/Formax_wuren_shixi/ros2_learning-main/ros2_advanced/ros2_homework_advanced_ws/install/fsd_common_msgs/include/fsd_common_msgs/fsd_common_msgs/msg/car_state_dt.hpp
[20.925s] -- Installing: /home/c/Formax_wuren_shixi/ros2_learning-main/ros2_advanced/ros2_homework_advanced_ws/install/fsd_common_msgs/include/fsd_common_msgs/fsd_common_msgs/msg/can_frames.hpp
[20.925s] -- Installing: /home/c/Formax_wuren_shixi/ros2_learning-main/ros2_advanced/ros2_homework_advanced_ws/install/fsd_common_msgs/include/fsd_common_msgs/fsd_common_msgs/msg/time.hpp
[20.925s] -- Installing: /home/c/Formax_wuren_shixi/ros2_learning-main/ros2_advanced/ros2_homework_advanced_ws/install/fsd_common_msgs/include/fsd_common_msgs/fsd_common_msgs/msg/feedback.hpp
[20.925s] -- Installing: /home/c/Formax_wuren_shixi/ros2_learning-main/ros2_advanced/ros2_homework_advanced_ws/install/fsd_common_msgs/include/fsd_common_msgs/fsd_common_msgs/msg/remote_control_command.hpp
[20.925s] -- Installing: /home/c/Formax_wuren_shixi/ros2_learning-main/ros2_advanced/ros2_homework_advanced_ws/install/fsd_common_msgs/include/fsd_common_msgs/fsd_common_msgs/msg/res_and_ami.hpp
[20.925s] -- Installing: /home/c/Formax_wuren_shixi/ros2_learning-main/ros2_advanced/ros2_homework_advanced_ws/install/fsd_common_msgs/include/fsd_common_msgs/fsd_common_msgs/msg/asensing_message.hpp
[20.926s] -- Installing: /home/c/Formax_wuren_shixi/ros2_learning-main/ros2_advanced/ros2_homework_advanced_ws/install/fsd_common_msgs/include/fsd_common_msgs/fsd_common_msgs/msg/track.hpp
[20.926s] -- Installing: /home/c/Formax_wuren_shixi/ros2_learning-main/ros2_advanced/ros2_homework_advanced_ws/install/fsd_common_msgs/include/fsd_common_msgs/fsd_common_msgs/msg/visualization.hpp
[20.926s] -- Installing: /home/c/Formax_wuren_shixi/ros2_learning-main/ros2_advanced/ros2_homework_advanced_ws/install/fsd_common_msgs/include/fsd_common_msgs/fsd_common_msgs/msg/decision_flag.hpp
[20.926s] -- Installing: /home/c/Formax_wuren_shixi/ros2_learning-main/ros2_advanced/ros2_homework_advanced_ws/install/fsd_common_msgs/include/fsd_common_msgs/fsd_common_msgs/msg/as_state.hpp
[20.926s] -- Installing: /home/c/Formax_wuren_shixi/ros2_learning-main/ros2_advanced/ros2_homework_advanced_ws/install/fsd_common_msgs/include/fsd_common_msgs/fsd_common_msgs/msg/yolo_cone_detections_track.hpp
[20.926s] -- Installing: /home/c/Formax_wuren_shixi/ros2_learning-main/ros2_advanced/ros2_homework_advanced_ws/install/fsd_common_msgs/include/fsd_common_msgs/fsd_common_msgs/msg/trajectory_point.hpp
[20.926s] -- Installing: /home/c/Formax_wuren_shixi/ros2_learning-main/ros2_advanced/ros2_homework_advanced_ws/install/fsd_common_msgs/include/fsd_common_msgs/fsd_common_msgs/msg/cone_dbscan.hpp
[20.927s] -- Up-to-date: /home/c/Formax_wuren_shixi/ros2_learning-main/ros2_advanced/ros2_homework_advanced_ws/install/fsd_common_msgs/include/fsd_common_msgs/fsd_common_msgs
[20.927s] -- Up-to-date: /home/c/Formax_wuren_shixi/ros2_learning-main/ros2_advanced/ros2_homework_advanced_ws/install/fsd_common_msgs/include/fsd_common_msgs/fsd_common_msgs/msg
[20.927s] -- Up-to-date: /home/c/Formax_wuren_shixi/ros2_learning-main/ros2_advanced/ros2_homework_advanced_ws/install/fsd_common_msgs/include/fsd_common_msgs/fsd_common_msgs/msg/detail
[20.927s] -- Installing: /home/c/Formax_wuren_shixi/ros2_learning-main/ros2_advanced/ros2_homework_advanced_ws/install/fsd_common_msgs/include/fsd_common_msgs/fsd_common_msgs/msg/detail/cone__rosidl_typesupport_fastrtps_cpp.hpp
[20.927s] -- Installing: /home/c/Formax_wuren_shixi/ros2_learning-main/ros2_advanced/ros2_homework_advanced_ws/install/fsd_common_msgs/include/fsd_common_msgs/fsd_common_msgs/msg/detail/decision_flag__rosidl_typesupport_fastrtps_cpp.hpp
[20.927s] -- Installing: /home/c/Formax_wuren_shixi/ros2_learning-main/ros2_advanced/ros2_homework_advanced_ws/install/fsd_common_msgs/include/fsd_common_msgs/fsd_common_msgs/msg/detail/visualization__rosidl_typesupport_fastrtps_cpp.hpp
[20.927s] -- Installing: /home/c/Formax_wuren_shixi/ros2_learning-main/ros2_advanced/ros2_homework_advanced_ws/install/fsd_common_msgs/include/fsd_common_msgs/fsd_common_msgs/msg/detail/map__rosidl_typesupport_fastrtps_cpp.hpp
[20.927s] -- Installing: /home/c/Formax_wuren_shixi/ros2_learning-main/ros2_advanced/ros2_homework_advanced_ws/install/fsd_common_msgs/include/fsd_common_msgs/fsd_common_msgs/msg/detail/driving_dynamics__rosidl_typesupport_fastrtps_cpp.hpp
[20.927s] -- Installing: /home/c/Formax_wuren_shixi/ros2_learning-main/ros2_advanced/ros2_homework_advanced_ws/install/fsd_common_msgs/include/fsd_common_msgs/fsd_common_msgs/msg/detail/car_state_dt__rosidl_typesupport_fastrtps_cpp.hpp
[20.928s] -- Installing: /home/c/Formax_wuren_shixi/ros2_learning-main/ros2_advanced/ros2_homework_advanced_ws/install/fsd_common_msgs/include/fsd_common_msgs/fsd_common_msgs/msg/detail/control_command__rosidl_typesupport_fastrtps_cpp.hpp
[20.928s] -- Installing: /home/c/Formax_wuren_shixi/ros2_learning-main/ros2_advanced/ros2_homework_advanced_ws/install/fsd_common_msgs/include/fsd_common_msgs/fsd_common_msgs/msg/detail/trajectory_point__rosidl_typesupport_fastrtps_cpp.hpp
[20.928s] -- Installing: /home/c/Formax_wuren_shixi/ros2_learning-main/ros2_advanced/ros2_homework_advanced_ws/install/fsd_common_msgs/include/fsd_common_msgs/fsd_common_msgs/msg/detail/yolo_cone_detections__rosidl_typesupport_fastrtps_cpp.hpp
[20.928s] -- Installing: /home/c/Formax_wuren_shixi/ros2_learning-main/ros2_advanced/ros2_homework_advanced_ws/install/fsd_common_msgs/include/fsd_common_msgs/fsd_common_msgs/msg/detail/res_and_ami__rosidl_typesupport_fastrtps_cpp.hpp
[20.928s] -- Installing: /home/c/Formax_wuren_shixi/ros2_learning-main/ros2_advanced/ros2_homework_advanced_ws/install/fsd_common_msgs/include/fsd_common_msgs/fsd_common_msgs/msg/detail/echiev_message__rosidl_typesupport_fastrtps_cpp.hpp
[20.928s] -- Installing: /home/c/Formax_wuren_shixi/ros2_learning-main/ros2_advanced/ros2_homework_advanced_ws/install/fsd_common_msgs/include/fsd_common_msgs/fsd_common_msgs/msg/detail/car_state__rosidl_typesupport_fastrtps_cpp.hpp
[20.928s] -- Installing: /home/c/Formax_wuren_shixi/ros2_learning-main/ros2_advanced/ros2_homework_advanced_ws/install/fsd_common_msgs/include/fsd_common_msgs/fsd_common_msgs/msg/detail/track__rosidl_typesupport_fastrtps_cpp.hpp
[20.929s] -- Installing: /home/c/Formax_wuren_shixi/ros2_learning-main/ros2_advanced/ros2_homework_advanced_ws/install/fsd_common_msgs/include/fsd_common_msgs/fsd_common_msgs/msg/detail/cone_detections__rosidl_typesupport_fastrtps_cpp.hpp
[20.929s] -- Installing: /home/c/Formax_wuren_shixi/ros2_learning-main/ros2_advanced/ros2_homework_advanced_ws/install/fsd_common_msgs/include/fsd_common_msgs/fsd_common_msgs/msg/detail/dds_fastrtps
[20.929s] -- Installing: /home/c/Formax_wuren_shixi/ros2_learning-main/ros2_advanced/ros2_homework_advanced_ws/install/fsd_common_msgs/include/fsd_common_msgs/fsd_common_msgs/msg/detail/yolo_cone_detections_track__rosidl_typesupport_fastrtps_cpp.hpp
[20.930s] -- Installing: /home/c/Formax_wuren_shixi/ros2_learning-main/ros2_advanced/ros2_homework_advanced_ws/install/fsd_common_msgs/include/fsd_common_msgs/fsd_common_msgs/msg/detail/yolo_cone__rosidl_typesupport_fastrtps_cpp.hpp
[20.930s] -- Installing: /home/c/Formax_wuren_shixi/ros2_learning-main/ros2_advanced/ros2_homework_advanced_ws/install/fsd_common_msgs/include/fsd_common_msgs/fsd_common_msgs/msg/detail/asensing_message__rosidl_typesupport_fastrtps_cpp.hpp
[20.930s] -- Installing: /home/c/Formax_wuren_shixi/ros2_learning-main/ros2_advanced/ros2_homework_advanced_ws/install/fsd_common_msgs/include/fsd_common_msgs/fsd_common_msgs/msg/detail/ins_delta__rosidl_typesupport_fastrtps_cpp.hpp
[20.930s] -- Installing: /home/c/Formax_wuren_shixi/ros2_learning-main/ros2_advanced/ros2_homework_advanced_ws/install/fsd_common_msgs/include/fsd_common_msgs/fsd_common_msgs/msg/detail/can_frames__rosidl_typesupport_fastrtps_cpp.hpp
[20.930s] -- Installing: /home/c/Formax_wuren_shixi/ros2_learning-main/ros2_advanced/ros2_homework_advanced_ws/install/fsd_common_msgs/include/fsd_common_msgs/fsd_common_msgs/msg/detail/mission__rosidl_typesupport_fastrtps_cpp.hpp
[20.930s] -- Installing: /home/c/Formax_wuren_shixi/ros2_learning-main/ros2_advanced/ros2_homework_advanced_ws/install/fsd_common_msgs/include/fsd_common_msgs/fsd_common_msgs/msg/detail/remote_control_command__rosidl_typesupport_fastrtps_cpp.hpp
[20.931s] -- Installing: /home/c/Formax_wuren_shixi/ros2_learning-main/ros2_advanced/ros2_homework_advanced_ws/install/fsd_common_msgs/include/fsd_common_msgs/fsd_common_msgs/msg/detail/cone_detections_dbscan__rosidl_typesupport_fastrtps_cpp.hpp
[20.931s] -- Installing: /home/c/Formax_wuren_shixi/ros2_learning-main/ros2_advanced/ros2_homework_advanced_ws/install/fsd_common_msgs/include/fsd_common_msgs/fsd_common_msgs/msg/detail/cone_dbscan__rosidl_typesupport_fastrtps_cpp.hpp
[20.931s] -- Installing: /home/c/Formax_wuren_shixi/ros2_learning-main/ros2_advanced/ros2_homework_advanced_ws/install/fsd_common_msgs/include/fsd_common_msgs/fsd_common_msgs/msg/detail/as_state__rosidl_typesupport_fastrtps_cpp.hpp
[20.931s] -- Installing: /home/c/Formax_wuren_shixi/ros2_learning-main/ros2_advanced/ros2_homework_advanced_ws/install/fsd_common_msgs/include/fsd_common_msgs/fsd_common_msgs/msg/detail/skidpad_global_center_line__rosidl_typesupport_fastrtps_cpp.hpp
[20.931s] -- Installing: /home/c/Formax_wuren_shixi/ros2_learning-main/ros2_advanced/ros2_homework_advanced_ws/install/fsd_common_msgs/include/fsd_common_msgs/fsd_common_msgs/msg/detail/yolo_cone_track__rosidl_typesupport_fastrtps_cpp.hpp
[20.931s] -- Installing: /home/c/Formax_wuren_shixi/ros2_learning-main/ros2_advanced/ros2_homework_advanced_ws/install/fsd_common_msgs/include/fsd_common_msgs/fsd_common_msgs/msg/detail/feedback__rosidl_typesupport_fastrtps_cpp.hpp
[20.931s] -- Installing: /home/c/Formax_wuren_shixi/ros2_learning-main/ros2_advanced/ros2_homework_advanced_ws/install/fsd_common_msgs/include/fsd_common_msgs/fsd_common_msgs/msg/detail/time__rosidl_typesupport_fastrtps_cpp.hpp
[20.931s] -- Installing: /home/c/Formax_wuren_shixi/ros2_learning-main/ros2_advanced/ros2_homework_advanced_ws/install/fsd_common_msgs/include/fsd_common_msgs/fsd_common_msgs/msg/rosidl_typesupport_fastrtps_cpp__visibility_control.h
[20.932s] -- Installing: /home/c/Formax_wuren_shixi/ros2_learning-main/ros2_advanced/ros2_homework_advanced_ws/install/fsd_common_msgs/lib/libfsd_common_msgs__rosidl_typesupport_fastrtps_cpp.so
[20.933s] -- Set non-toolchain portion of runtime path of "/home/c/Formax_wuren_shixi/ros2_learning-main/ros2_advanced/ros2_homework_advanced_ws/install/fsd_common_msgs/lib/libfsd_common_msgs__rosidl_typesupport_fastrtps_cpp.so" to ""
[20.933s] -- Up-to-date: /home/c/Formax_wuren_shixi/ros2_learning-main/ros2_advanced/ros2_homework_advanced_ws/install/fsd_common_msgs/include/fsd_common_msgs/fsd_common_msgs
[20.933s] -- Up-to-date: /home/c/Formax_wuren_shixi/ros2_learning-main/ros2_advanced/ros2_homework_advanced_ws/install/fsd_common_msgs/include/fsd_common_msgs/fsd_common_msgs/msg
[20.933s] -- Up-to-date: /home/c/Formax_wuren_shixi/ros2_learning-main/ros2_advanced/ros2_homework_advanced_ws/install/fsd_common_msgs/include/fsd_common_msgs/fsd_common_msgs/msg/detail
[20.933s] -- Installing: /home/c/Formax_wuren_shixi/ros2_learning-main/ros2_advanced/ros2_homework_advanced_ws/install/fsd_common_msgs/include/fsd_common_msgs/fsd_common_msgs/msg/detail/decision_flag__rosidl_typesupport_introspection_cpp.hpp
[20.933s] -- Installing: /home/c/Formax_wuren_shixi/ros2_learning-main/ros2_advanced/ros2_homework_advanced_ws/install/fsd_common_msgs/include/fsd_common_msgs/fsd_common_msgs/msg/detail/car_state_dt__rosidl_typesupport_introspection_cpp.hpp
[20.933s] -- Installing: /home/c/Formax_wuren_shixi/ros2_learning-main/ros2_advanced/ros2_homework_advanced_ws/install/fsd_common_msgs/include/fsd_common_msgs/fsd_common_msgs/msg/detail/res_and_ami__type_support.cpp
[20.933s] -- Installing: /home/c/Formax_wuren_shixi/ros2_learning-main/ros2_advanced/ros2_homework_advanced_ws/install/fsd_common_msgs/include/fsd_common_msgs/fsd_common_msgs/msg/detail/control_command__type_support.cpp
[20.933s] -- Installing: /home/c/Formax_wuren_shixi/ros2_learning-main/ros2_advanced/ros2_homework_advanced_ws/install/fsd_common_msgs/include/fsd_common_msgs/fsd_common_msgs/msg/detail/decision_flag__type_support.cpp
[20.934s] -- Installing: /home/c/Formax_wuren_shixi/ros2_learning-main/ros2_advanced/ros2_homework_advanced_ws/install/fsd_common_msgs/include/fsd_common_msgs/fsd_common_msgs/msg/detail/yolo_cone_track__rosidl_typesupport_introspection_cpp.hpp
[20.934s] -- Installing: /home/c/Formax_wuren_shixi/ros2_learning-main/ros2_advanced/ros2_homework_advanced_ws/install/fsd_common_msgs/include/fsd_common_msgs/fsd_common_msgs/msg/detail/yolo_cone_detections__rosidl_typesupport_introspection_cpp.hpp
[20.934s] -- Installing: /home/c/Formax_wuren_shixi/ros2_learning-main/ros2_advanced/ros2_homework_advanced_ws/install/fsd_common_msgs/include/fsd_common_msgs/fsd_common_msgs/msg/detail/track__type_support.cpp
[20.934s] -- Installing: /home/c/Formax_wuren_shixi/ros2_learning-main/ros2_advanced/ros2_homework_advanced_ws/install/fsd_common_msgs/include/fsd_common_msgs/fsd_common_msgs/msg/detail/trajectory_point__type_support.cpp
[20.934s] -- Installing: /home/c/Formax_wuren_shixi/ros2_learning-main/ros2_advanced/ros2_homework_advanced_ws/install/fsd_common_msgs/include/fsd_common_msgs/fsd_common_msgs/msg/detail/mission__type_support.cpp
[20.934s] -- Installing: /home/c/Formax_wuren_shixi/ros2_learning-main/ros2_advanced/ros2_homework_advanced_ws/install/fsd_common_msgs/include/fsd_common_msgs/fsd_common_msgs/msg/detail/cone_detections__rosidl_typesupport_introspection_cpp.hpp
[20.934s] -- Installing: /home/c/Formax_wuren_shixi/ros2_learning-main/ros2_advanced/ros2_homework_advanced_ws/install/fsd_common_msgs/include/fsd_common_msgs/fsd_common_msgs/msg/detail/cone__rosidl_typesupport_introspection_cpp.hpp
[20.935s] -- Installing: /home/c/Formax_wuren_shixi/ros2_learning-main/ros2_advanced/ros2_homework_advanced_ws/install/fsd_common_msgs/include/fsd_common_msgs/fsd_common_msgs/msg/detail/time__rosidl_typesupport_introspection_cpp.hpp
[20.935s] -- Installing: /home/c/Formax_wuren_shixi/ros2_learning-main/ros2_advanced/ros2_homework_advanced_ws/install/fsd_common_msgs/include/fsd_common_msgs/fsd_common_msgs/msg/detail/yolo_cone_detections_track__rosidl_typesupport_introspection_cpp.hpp
[20.935s] -- Installing: /home/c/Formax_wuren_shixi/ros2_learning-main/ros2_advanced/ros2_homework_advanced_ws/install/fsd_common_msgs/include/fsd_common_msgs/fsd_common_msgs/msg/detail/time__type_support.cpp
[20.935s] -- Installing: /home/c/Formax_wuren_shixi/ros2_learning-main/ros2_advanced/ros2_homework_advanced_ws/install/fsd_common_msgs/include/fsd_common_msgs/fsd_common_msgs/msg/detail/cone_detections_dbscan__type_support.cpp
[20.935s] -- Installing: /home/c/Formax_wuren_shixi/ros2_learning-main/ros2_advanced/ros2_homework_advanced_ws/install/fsd_common_msgs/include/fsd_common_msgs/fsd_common_msgs/msg/detail/map__rosidl_typesupport_introspection_cpp.hpp
[20.935s] -- Installing: /home/c/Formax_wuren_shixi/ros2_learning-main/ros2_advanced/ros2_homework_advanced_ws/install/fsd_common_msgs/include/fsd_common_msgs/fsd_common_msgs/msg/detail/remote_control_command__rosidl_typesupport_introspection_cpp.hpp
[20.935s] -- Installing: /home/c/Formax_wuren_shixi/ros2_learning-main/ros2_advanced/ros2_homework_advanced_ws/install/fsd_common_msgs/include/fsd_common_msgs/fsd_common_msgs/msg/detail/driving_dynamics__type_support.cpp
[20.936s] -- Installing: /home/c/Formax_wuren_shixi/ros2_learning-main/ros2_advanced/ros2_homework_advanced_ws/install/fsd_common_msgs/include/fsd_common_msgs/fsd_common_msgs/msg/detail/cone__type_support.cpp
[20.936s] -- Installing: /home/c/Formax_wuren_shixi/ros2_learning-main/ros2_advanced/ros2_homework_advanced_ws/install/fsd_common_msgs/include/fsd_common_msgs/fsd_common_msgs/msg/detail/skidpad_global_center_line__type_support.cpp
[20.936s] -- Installing: /home/c/Formax_wuren_shixi/ros2_learning-main/ros2_advanced/ros2_homework_advanced_ws/install/fsd_common_msgs/include/fsd_common_msgs/fsd_common_msgs/msg/detail/track__rosidl_typesupport_introspection_cpp.hpp
[20.936s] -- Installing: /home/c/Formax_wuren_shixi/ros2_learning-main/ros2_advanced/ros2_homework_advanced_ws/install/fsd_common_msgs/include/fsd_common_msgs/fsd_common_msgs/msg/detail/yolo_cone__rosidl_typesupport_introspection_cpp.hpp
[20.936s] -- Installing: /home/c/Formax_wuren_shixi/ros2_learning-main/ros2_advanced/ros2_homework_advanced_ws/install/fsd_common_msgs/include/fsd_common_msgs/fsd_common_msgs/msg/detail/control_command__rosidl_typesupport_introspection_cpp.hpp
[20.936s] -- Installing: /home/c/Formax_wuren_shixi/ros2_learning-main/ros2_advanced/ros2_homework_advanced_ws/install/fsd_common_msgs/include/fsd_common_msgs/fsd_common_msgs/msg/detail/as_state__type_support.cpp
[20.936s] -- Installing: /home/c/Formax_wuren_shixi/ros2_learning-main/ros2_advanced/ros2_homework_advanced_ws/install/fsd_common_msgs/include/fsd_common_msgs/fsd_common_msgs/msg/detail/ins_delta__type_support.cpp
[20.937s] -- Installing: /home/c/Formax_wuren_shixi/ros2_learning-main/ros2_advanced/ros2_homework_advanced_ws/install/fsd_common_msgs/include/fsd_common_msgs/fsd_common_msgs/msg/detail/mission__rosidl_typesupport_introspection_cpp.hpp
[20.937s] -- Installing: /home/c/Formax_wuren_shixi/ros2_learning-main/ros2_advanced/ros2_homework_advanced_ws/install/fsd_common_msgs/include/fsd_common_msgs/fsd_common_msgs/msg/detail/asensing_message__rosidl_typesupport_introspection_cpp.hpp
[20.937s] -- Installing: /home/c/Formax_wuren_shixi/ros2_learning-main/ros2_advanced/ros2_homework_advanced_ws/install/fsd_common_msgs/include/fsd_common_msgs/fsd_common_msgs/msg/detail/cone_detections_dbscan__rosidl_typesupport_introspection_cpp.hpp
[20.937s] -- Installing: /home/c/Formax_wuren_shixi/ros2_learning-main/ros2_advanced/ros2_homework_advanced_ws/install/fsd_common_msgs/include/fsd_common_msgs/fsd_common_msgs/msg/detail/yolo_cone_track__type_support.cpp
[20.937s] -- Installing: /home/c/Formax_wuren_shixi/ros2_learning-main/ros2_advanced/ros2_homework_advanced_ws/install/fsd_common_msgs/include/fsd_common_msgs/fsd_common_msgs/msg/detail/driving_dynamics__rosidl_typesupport_introspection_cpp.hpp
[20.937s] -- Installing: /home/c/Formax_wuren_shixi/ros2_learning-main/ros2_advanced/ros2_homework_advanced_ws/install/fsd_common_msgs/include/fsd_common_msgs/fsd_common_msgs/msg/detail/yolo_cone__type_support.cpp
[20.937s] -- Installing: /home/c/Formax_wuren_shixi/ros2_learning-main/ros2_advanced/ros2_homework_advanced_ws/install/fsd_common_msgs/include/fsd_common_msgs/fsd_common_msgs/msg/detail/as_state__rosidl_typesupport_introspection_cpp.hpp
[20.938s] -- Installing: /home/c/Formax_wuren_shixi/ros2_learning-main/ros2_advanced/ros2_homework_advanced_ws/install/fsd_common_msgs/include/fsd_common_msgs/fsd_common_msgs/msg/detail/ins_delta__rosidl_typesupport_introspection_cpp.hpp
[20.938s] -- Installing: /home/c/Formax_wuren_shixi/ros2_learning-main/ros2_advanced/ros2_homework_advanced_ws/install/fsd_common_msgs/include/fsd_common_msgs/fsd_common_msgs/msg/detail/echiev_message__rosidl_typesupport_introspection_cpp.hpp
[20.938s] -- Installing: /home/c/Formax_wuren_shixi/ros2_learning-main/ros2_advanced/ros2_homework_advanced_ws/install/fsd_common_msgs/include/fsd_common_msgs/fsd_common_msgs/msg/detail/car_state__type_support.cpp
[20.938s] -- Installing: /home/c/Formax_wuren_shixi/ros2_learning-main/ros2_advanced/ros2_homework_advanced_ws/install/fsd_common_msgs/include/fsd_common_msgs/fsd_common_msgs/msg/detail/skidpad_global_center_line__rosidl_typesupport_introspection_cpp.hpp
[20.938s] -- Installing: /home/c/Formax_wuren_shixi/ros2_learning-main/ros2_advanced/ros2_homework_advanced_ws/install/fsd_common_msgs/include/fsd_common_msgs/fsd_common_msgs/msg/detail/car_state_dt__type_support.cpp
[20.938s] -- Installing: /home/c/Formax_wuren_shixi/ros2_learning-main/ros2_advanced/ros2_homework_advanced_ws/install/fsd_common_msgs/include/fsd_common_msgs/fsd_common_msgs/msg/detail/cone_dbscan__type_support.cpp
[20.938s] -- Installing: /home/c/Formax_wuren_shixi/ros2_learning-main/ros2_advanced/ros2_homework_advanced_ws/install/fsd_common_msgs/include/fsd_common_msgs/fsd_common_msgs/msg/detail/visualization__type_support.cpp
[20.939s] -- Installing: /home/c/Formax_wuren_shixi/ros2_learning-main/ros2_advanced/ros2_homework_advanced_ws/install/fsd_common_msgs/include/fsd_common_msgs/fsd_common_msgs/msg/detail/cone_dbscan__rosidl_typesupport_introspection_cpp.hpp
[20.939s] -- Installing: /home/c/Formax_wuren_shixi/ros2_learning-main/ros2_advanced/ros2_homework_advanced_ws/install/fsd_common_msgs/include/fsd_common_msgs/fsd_common_msgs/msg/detail/cone_detections__type_support.cpp
[20.939s] -- Installing: /home/c/Formax_wuren_shixi/ros2_learning-main/ros2_advanced/ros2_homework_advanced_ws/install/fsd_common_msgs/include/fsd_common_msgs/fsd_common_msgs/msg/detail/feedback__rosidl_typesupport_introspection_cpp.hpp
[20.939s] -- Installing: /home/c/Formax_wuren_shixi/ros2_learning-main/ros2_advanced/ros2_homework_advanced_ws/install/fsd_common_msgs/include/fsd_common_msgs/fsd_common_msgs/msg/detail/res_and_ami__rosidl_typesupport_introspection_cpp.hpp
[20.939s] -- Installing: /home/c/Formax_wuren_shixi/ros2_learning-main/ros2_advanced/ros2_homework_advanced_ws/install/fsd_common_msgs/include/fsd_common_msgs/fsd_common_msgs/msg/detail/yolo_cone_detections__type_support.cpp
[20.939s] -- Installing: /home/c/Formax_wuren_shixi/ros2_learning-main/ros2_advanced/ros2_homework_advanced_ws/install/fsd_common_msgs/include/fsd_common_msgs/fsd_common_msgs/msg/detail/trajectory_point__rosidl_typesupport_introspection_cpp.hpp
[20.939s] -- Installing: /home/c/Formax_wuren_shixi/ros2_learning-main/ros2_advanced/ros2_homework_advanced_ws/install/fsd_common_msgs/include/fsd_common_msgs/fsd_common_msgs/msg/detail/map__type_support.cpp
[20.939s] -- Installing: /home/c/Formax_wuren_shixi/ros2_learning-main/ros2_advanced/ros2_homework_advanced_ws/install/fsd_common_msgs/include/fsd_common_msgs/fsd_common_msgs/msg/detail/visualization__rosidl_typesupport_introspection_cpp.hpp
[20.940s] -- Installing: /home/c/Formax_wuren_shixi/ros2_learning-main/ros2_advanced/ros2_homework_advanced_ws/install/fsd_common_msgs/include/fsd_common_msgs/fsd_common_msgs/msg/detail/can_frames__rosidl_typesupport_introspection_cpp.hpp
[20.940s] -- Installing: /home/c/Formax_wuren_shixi/ros2_learning-main/ros2_advanced/ros2_homework_advanced_ws/install/fsd_common_msgs/include/fsd_common_msgs/fsd_common_msgs/msg/detail/remote_control_command__type_support.cpp
[20.940s] -- Installing: /home/c/Formax_wuren_shixi/ros2_learning-main/ros2_advanced/ros2_homework_advanced_ws/install/fsd_common_msgs/include/fsd_common_msgs/fsd_common_msgs/msg/detail/can_frames__type_support.cpp
[20.940s] -- Installing: /home/c/Formax_wuren_shixi/ros2_learning-main/ros2_advanced/ros2_homework_advanced_ws/install/fsd_common_msgs/include/fsd_common_msgs/fsd_common_msgs/msg/detail/feedback__type_support.cpp
[20.940s] -- Installing: /home/c/Formax_wuren_shixi/ros2_learning-main/ros2_advanced/ros2_homework_advanced_ws/install/fsd_common_msgs/include/fsd_common_msgs/fsd_common_msgs/msg/detail/asensing_message__type_support.cpp
[20.940s] -- Installing: /home/c/Formax_wuren_shixi/ros2_learning-main/ros2_advanced/ros2_homework_advanced_ws/install/fsd_common_msgs/include/fsd_common_msgs/fsd_common_msgs/msg/detail/yolo_cone_detections_track__type_support.cpp
[20.940s] -- Installing: /home/c/Formax_wuren_shixi/ros2_learning-main/ros2_advanced/ros2_homework_advanced_ws/install/fsd_common_msgs/include/fsd_common_msgs/fsd_common_msgs/msg/detail/echiev_message__type_support.cpp
[20.941s] -- Installing: /home/c/Formax_wuren_shixi/ros2_learning-main/ros2_advanced/ros2_homework_advanced_ws/install/fsd_common_msgs/include/fsd_common_msgs/fsd_common_msgs/msg/detail/car_state__rosidl_typesupport_introspection_cpp.hpp
[20.941s] -- Installing: /home/c/Formax_wuren_shixi/ros2_learning-main/ros2_advanced/ros2_homework_advanced_ws/install/fsd_common_msgs/lib/libfsd_common_msgs__rosidl_typesupport_introspection_cpp.so
[20.942s] -- Set non-toolchain portion of runtime path of "/home/c/Formax_wuren_shixi/ros2_learning-main/ros2_advanced/ros2_homework_advanced_ws/install/fsd_common_msgs/lib/libfsd_common_msgs__rosidl_typesupport_introspection_cpp.so" to ""
[20.942s] -- Installing: /home/c/Formax_wuren_shixi/ros2_learning-main/ros2_advanced/ros2_homework_advanced_ws/install/fsd_common_msgs/lib/libfsd_common_msgs__rosidl_typesupport_cpp.so
[20.942s] -- Set non-toolchain portion of runtime path of "/home/c/Formax_wuren_shixi/ros2_learning-main/ros2_advanced/ros2_homework_advanced_ws/install/fsd_common_msgs/lib/libfsd_common_msgs__rosidl_typesupport_cpp.so" to ""
[20.942s] -- Installing: /home/c/Formax_wuren_shixi/ros2_learning-main/ros2_advanced/ros2_homework_advanced_ws/install/fsd_common_msgs/share/fsd_common_msgs/environment/pythonpath.sh
[20.942s] -- Installing: /home/c/Formax_wuren_shixi/ros2_learning-main/ros2_advanced/ros2_homework_advanced_ws/install/fsd_common_msgs/share/fsd_common_msgs/environment/pythonpath.dsv
[20.943s] -- Installing: /home/c/Formax_wuren_shixi/ros2_learning-main/ros2_advanced/ros2_homework_advanced_ws/install/fsd_common_msgs/lib/python3.12/site-packages/fsd_common_msgs-0.0.0-py3.12.egg-info
[20.943s] -- Installing: /home/c/Formax_wuren_shixi/ros2_learning-main/ros2_advanced/ros2_homework_advanced_ws/install/fsd_common_msgs/lib/python3.12/site-packages/fsd_common_msgs-0.0.0-py3.12.egg-info/dependency_links.txt
[20.943s] -- Installing: /home/c/Formax_wuren_shixi/ros2_learning-main/ros2_advanced/ros2_homework_advanced_ws/install/fsd_common_msgs/lib/python3.12/site-packages/fsd_common_msgs-0.0.0-py3.12.egg-info/top_level.txt
[20.943s] -- Installing: /home/c/Formax_wuren_shixi/ros2_learning-main/ros2_advanced/ros2_homework_advanced_ws/install/fsd_common_msgs/lib/python3.12/site-packages/fsd_common_msgs-0.0.0-py3.12.egg-info/SOURCES.txt
[20.943s] -- Installing: /home/c/Formax_wuren_shixi/ros2_learning-main/ros2_advanced/ros2_homework_advanced_ws/install/fsd_common_msgs/lib/python3.12/site-packages/fsd_common_msgs-0.0.0-py3.12.egg-info/PKG-INFO
[20.943s] -- Installing: /home/c/Formax_wuren_shixi/ros2_learning-main/ros2_advanced/ros2_homework_advanced_ws/install/fsd_common_msgs/lib/python3.12/site-packages/fsd_common_msgs
[20.943s] -- Installing: /home/c/Formax_wuren_shixi/ros2_learning-main/ros2_advanced/ros2_homework_advanced_ws/install/fsd_common_msgs/lib/python3.12/site-packages/fsd_common_msgs/_fsd_common_msgs_s.ep.rosidl_typesupport_c.c
[20.944s] -- Installing: /home/c/Formax_wuren_shixi/ros2_learning-main/ros2_advanced/ros2_homework_advanced_ws/install/fsd_common_msgs/lib/python3.12/site-packages/fsd_common_msgs/fsd_common_msgs_s__rosidl_typesupport_c.so
[20.944s] -- Installing: /home/c/Formax_wuren_shixi/ros2_learning-main/ros2_advanced/ros2_homework_advanced_ws/install/fsd_common_msgs/lib/python3.12/site-packages/fsd_common_msgs/_fsd_common_msgs_s.ep.rosidl_typesupport_introspection_c.c
[20.944s] -- Installing: /home/c/Formax_wuren_shixi/ros2_learning-main/ros2_advanced/ros2_homework_advanced_ws/install/fsd_common_msgs/lib/python3.12/site-packages/fsd_common_msgs/msg
[20.944s] -- Installing: /home/c/Formax_wuren_shixi/ros2_learning-main/ros2_advanced/ros2_homework_advanced_ws/install/fsd_common_msgs/lib/python3.12/site-packages/fsd_common_msgs/msg/_can_frames.py
[20.944s] -- Installing: /home/c/Formax_wuren_shixi/ros2_learning-main/ros2_advanced/ros2_homework_advanced_ws/install/fsd_common_msgs/lib/python3.12/site-packages/fsd_common_msgs/msg/_remote_control_command.py
[20.944s] -- Installing: /home/c/Formax_wuren_shixi/ros2_learning-main/ros2_advanced/ros2_homework_advanced_ws/install/fsd_common_msgs/lib/python3.12/site-packages/fsd_common_msgs/msg/_decision_flag.py
[20.945s] -- Installing: /home/c/Formax_wuren_shixi/ros2_learning-main/ros2_advanced/ros2_homework_advanced_ws/install/fsd_common_msgs/lib/python3.12/site-packages/fsd_common_msgs/msg/_ins_delta.py
[20.945s] -- Installing: /home/c/Formax_wuren_shixi/ros2_learning-main/ros2_advanced/ros2_homework_advanced_ws/install/fsd_common_msgs/lib/python3.12/site-packages/fsd_common_msgs/msg/_driving_dynamics.py
[20.945s] -- Installing: /home/c/Formax_wuren_shixi/ros2_learning-main/ros2_advanced/ros2_homework_advanced_ws/install/fsd_common_msgs/lib/python3.12/site-packages/fsd_common_msgs/msg/_skidpad_global_center_line.py
[20.945s] -- Installing: /home/c/Formax_wuren_shixi/ros2_learning-main/ros2_advanced/ros2_homework_advanced_ws/install/fsd_common_msgs/lib/python3.12/site-packages/fsd_common_msgs/msg/_control_command_s.c
[20.945s] -- Installing: /home/c/Formax_wuren_shixi/ros2_learning-main/ros2_advanced/ros2_homework_advanced_ws/install/fsd_common_msgs/lib/python3.12/site-packages/fsd_common_msgs/msg/_track.py
[20.945s] -- Installing: /home/c/Formax_wuren_shixi/ros2_learning-main/ros2_advanced/ros2_homework_advanced_ws/install/fsd_common_msgs/lib/python3.12/site-packages/fsd_common_msgs/msg/_visualization.py
[20.945s] -- Installing: /home/c/Formax_wuren_shixi/ros2_learning-main/ros2_advanced/ros2_homework_advanced_ws/install/fsd_common_msgs/lib/python3.12/site-packages/fsd_common_msgs/msg/_trajectory_point_s.c
[20.945s] -- Installing: /home/c/Formax_wuren_shixi/ros2_learning-main/ros2_advanced/ros2_homework_advanced_ws/install/fsd_common_msgs/lib/python3.12/site-packages/fsd_common_msgs/msg/_map.py
[20.946s] -- Installing: /home/c/Formax_wuren_shixi/ros2_learning-main/ros2_advanced/ros2_homework_advanced_ws/install/fsd_common_msgs/lib/python3.12/site-packages/fsd_common_msgs/msg/_cone_detections_dbscan_s.c
[20.946s] -- Installing: /home/c/Formax_wuren_shixi/ros2_learning-main/ros2_advanced/ros2_homework_advanced_ws/install/fsd_common_msgs/lib/python3.12/site-packages/fsd_common_msgs/msg/_can_frames_s.c
[20.946s] -- Installing: /home/c/Formax_wuren_shixi/ros2_learning-main/ros2_advanced/ros2_homework_advanced_ws/install/fsd_common_msgs/lib/python3.12/site-packages/fsd_common_msgs/msg/_trajectory_point.py
[20.946s] -- Installing: /home/c/Formax_wuren_shixi/ros2_learning-main/ros2_advanced/ros2_homework_advanced_ws/install/fsd_common_msgs/lib/python3.12/site-packages/fsd_common_msgs/msg/_cone_dbscan_s.c
[20.946s] -- Installing: /home/c/Formax_wuren_shixi/ros2_learning-main/ros2_advanced/ros2_homework_advanced_ws/install/fsd_common_msgs/lib/python3.12/site-packages/fsd_common_msgs/msg/_yolo_cone_detections_track_s.c
[20.946s] -- Installing: /home/c/Formax_wuren_shixi/ros2_learning-main/ros2_advanced/ros2_homework_advanced_ws/install/fsd_common_msgs/lib/python3.12/site-packages/fsd_common_msgs/msg/_control_command.py
[20.946s] -- Installing: /home/c/Formax_wuren_shixi/ros2_learning-main/ros2_advanced/ros2_homework_advanced_ws/install/fsd_common_msgs/lib/python3.12/site-packages/fsd_common_msgs/msg/_track_s.c
[20.947s] -- Installing: /home/c/Formax_wuren_shixi/ros2_learning-main/ros2_advanced/ros2_homework_advanced_ws/install/fsd_common_msgs/lib/python3.12/site-packages/fsd_common_msgs/msg/_car_state_dt.py
[20.947s] -- Installing: /home/c/Formax_wuren_shixi/ros2_learning-main/ros2_advanced/ros2_homework_advanced_ws/install/fsd_common_msgs/lib/python3.12/site-packages/fsd_common_msgs/msg/_time_s.c
[20.947s] -- Installing: /home/c/Formax_wuren_shixi/ros2_learning-main/ros2_advanced/ros2_homework_advanced_ws/install/fsd_common_msgs/lib/python3.12/site-packages/fsd_common_msgs/msg/_car_state_dt_s.c
[20.947s] -- Installing: /home/c/Formax_wuren_shixi/ros2_learning-main/ros2_advanced/ros2_homework_advanced_ws/install/fsd_common_msgs/lib/python3.12/site-packages/fsd_common_msgs/msg/_yolo_cone.py
[20.947s] -- Installing: /home/c/Formax_wuren_shixi/ros2_learning-main/ros2_advanced/ros2_homework_advanced_ws/install/fsd_common_msgs/lib/python3.12/site-packages/fsd_common_msgs/msg/_yolo_cone_detections.py
[20.947s] -- Installing: /home/c/Formax_wuren_shixi/ros2_learning-main/ros2_advanced/ros2_homework_advanced_ws/install/fsd_common_msgs/lib/python3.12/site-packages/fsd_common_msgs/msg/_res_and_ami.py
[20.947s] -- Installing: /home/c/Formax_wuren_shixi/ros2_learning-main/ros2_advanced/ros2_homework_advanced_ws/install/fsd_common_msgs/lib/python3.12/site-packages/fsd_common_msgs/msg/_cone_s.c
[20.947s] -- Installing: /home/c/Formax_wuren_shixi/ros2_learning-main/ros2_advanced/ros2_homework_advanced_ws/install/fsd_common_msgs/lib/python3.12/site-packages/fsd_common_msgs/msg/_cone_detections_s.c
[20.947s] -- Installing: /home/c/Formax_wuren_shixi/ros2_learning-main/ros2_advanced/ros2_homework_advanced_ws/install/fsd_common_msgs/lib/python3.12/site-packages/fsd_common_msgs/msg/_as_state_s.c
[20.948s] -- Installing: /home/c/Formax_wuren_shixi/ros2_learning-main/ros2_advanced/ros2_homework_advanced_ws/install/fsd_common_msgs/lib/python3.12/site-packages/fsd_common_msgs/msg/_echiev_message.py
[20.948s] -- Installing: /home/c/Formax_wuren_shixi/ros2_learning-main/ros2_advanced/ros2_homework_advanced_ws/install/fsd_common_msgs/lib/python3.12/site-packages/fsd_common_msgs/msg/_asensing_message.py
[20.948s] -- Installing: /home/c/Formax_wuren_shixi/ros2_learning-main/ros2_advanced/ros2_homework_advanced_ws/install/fsd_common_msgs/lib/python3.12/site-packages/fsd_common_msgs/msg/_yolo_cone_track_s.c
[20.948s] -- Installing: /home/c/Formax_wuren_shixi/ros2_learning-main/ros2_advanced/ros2_homework_advanced_ws/install/fsd_common_msgs/lib/python3.12/site-packages/fsd_common_msgs/msg/_cone_detections_dbscan.py
[20.948s] -- Installing: /home/c/Formax_wuren_shixi/ros2_learning-main/ros2_advanced/ros2_homework_advanced_ws/install/fsd_common_msgs/lib/python3.12/site-packages/fsd_common_msgs/msg/_skidpad_global_center_line_s.c
[20.948s] -- Installing: /home/c/Formax_wuren_shixi/ros2_learning-main/ros2_advanced/ros2_homework_advanced_ws/install/fsd_common_msgs/lib/python3.12/site-packages/fsd_common_msgs/msg/_yolo_cone_s.c
[20.948s] -- Installing: /home/c/Formax_wuren_shixi/ros2_learning-main/ros2_advanced/ros2_homework_advanced_ws/install/fsd_common_msgs/lib/python3.12/site-packages/fsd_common_msgs/msg/_map_s.c
[20.949s] -- Installing: /home/c/Formax_wuren_shixi/ros2_learning-main/ros2_advanced/ros2_homework_advanced_ws/install/fsd_common_msgs/lib/python3.12/site-packages/fsd_common_msgs/msg/_cone_dbscan.py
[20.949s] -- Installing: /home/c/Formax_wuren_shixi/ros2_learning-main/ros2_advanced/ros2_homework_advanced_ws/install/fsd_common_msgs/lib/python3.12/site-packages/fsd_common_msgs/msg/__init__.py
[20.949s] -- Installing: /home/c/Formax_wuren_shixi/ros2_learning-main/ros2_advanced/ros2_homework_advanced_ws/install/fsd_common_msgs/lib/python3.12/site-packages/fsd_common_msgs/msg/_ins_delta_s.c
[20.949s] -- Installing: /home/c/Formax_wuren_shixi/ros2_learning-main/ros2_advanced/ros2_homework_advanced_ws/install/fsd_common_msgs/lib/python3.12/site-packages/fsd_common_msgs/msg/_cone_detections.py
[20.949s] -- Installing: /home/c/Formax_wuren_shixi/ros2_learning-main/ros2_advanced/ros2_homework_advanced_ws/install/fsd_common_msgs/lib/python3.12/site-packages/fsd_common_msgs/msg/_echiev_message_s.c
[20.949s] -- Installing: /home/c/Formax_wuren_shixi/ros2_learning-main/ros2_advanced/ros2_homework_advanced_ws/install/fsd_common_msgs/lib/python3.12/site-packages/fsd_common_msgs/msg/_feedback.py
[20.949s] -- Installing: /home/c/Formax_wuren_shixi/ros2_learning-main/ros2_advanced/ros2_homework_advanced_ws/install/fsd_common_msgs/lib/python3.12/site-packages/fsd_common_msgs/msg/_visualization_s.c
[20.950s] -- Installing: /home/c/Formax_wuren_shixi/ros2_learning-main/ros2_advanced/ros2_homework_advanced_ws/install/fsd_common_msgs/lib/python3.12/site-packages/fsd_common_msgs/msg/_asensing_message_s.c
[20.950s] -- Installing: /home/c/Formax_wuren_shixi/ros2_learning-main/ros2_advanced/ros2_homework_advanced_ws/install/fsd_common_msgs/lib/python3.12/site-packages/fsd_common_msgs/msg/_feedback_s.c
[20.950s] -- Installing: /home/c/Formax_wuren_shixi/ros2_learning-main/ros2_advanced/ros2_homework_advanced_ws/install/fsd_common_msgs/lib/python3.12/site-packages/fsd_common_msgs/msg/_car_state.py
[20.950s] -- Installing: /home/c/Formax_wuren_shixi/ros2_learning-main/ros2_advanced/ros2_homework_advanced_ws/install/fsd_common_msgs/lib/python3.12/site-packages/fsd_common_msgs/msg/_yolo_cone_track.py
[20.950s] -- Installing: /home/c/Formax_wuren_shixi/ros2_learning-main/ros2_advanced/ros2_homework_advanced_ws/install/fsd_common_msgs/lib/python3.12/site-packages/fsd_common_msgs/msg/_as_state.py
[20.950s] -- Installing: /home/c/Formax_wuren_shixi/ros2_learning-main/ros2_advanced/ros2_homework_advanced_ws/install/fsd_common_msgs/lib/python3.12/site-packages/fsd_common_msgs/msg/_car_state_s.c
[20.950s] -- Installing: /home/c/Formax_wuren_shixi/ros2_learning-main/ros2_advanced/ros2_homework_advanced_ws/install/fsd_common_msgs/lib/python3.12/site-packages/fsd_common_msgs/msg/_mission_s.c
[20.951s] -- Installing: /home/c/Formax_wuren_shixi/ros2_learning-main/ros2_advanced/ros2_homework_advanced_ws/install/fsd_common_msgs/lib/python3.12/site-packages/fsd_common_msgs/msg/_res_and_ami_s.c
[20.951s] -- Installing: /home/c/Formax_wuren_shixi/ros2_learning-main/ros2_advanced/ros2_homework_advanced_ws/install/fsd_common_msgs/lib/python3.12/site-packages/fsd_common_msgs/msg/_driving_dynamics_s.c
[20.951s] -- Installing: /home/c/Formax_wuren_shixi/ros2_learning-main/ros2_advanced/ros2_homework_advanced_ws/install/fsd_common_msgs/lib/python3.12/site-packages/fsd_common_msgs/msg/_yolo_cone_detections_s.c
[20.951s] -- Installing: /home/c/Formax_wuren_shixi/ros2_learning-main/ros2_advanced/ros2_homework_advanced_ws/install/fsd_common_msgs/lib/python3.12/site-packages/fsd_common_msgs/msg/_time.py
[20.951s] -- Installing: /home/c/Formax_wuren_shixi/ros2_learning-main/ros2_advanced/ros2_homework_advanced_ws/install/fsd_common_msgs/lib/python3.12/site-packages/fsd_common_msgs/msg/_yolo_cone_detections_track.py
[20.951s] -- Installing: /home/c/Formax_wuren_shixi/ros2_learning-main/ros2_advanced/ros2_homework_advanced_ws/install/fsd_common_msgs/lib/python3.12/site-packages/fsd_common_msgs/msg/_remote_control_command_s.c
[20.951s] -- Installing: /home/c/Formax_wuren_shixi/ros2_learning-main/ros2_advanced/ros2_homework_advanced_ws/install/fsd_common_msgs/lib/python3.12/site-packages/fsd_common_msgs/msg/_decision_flag_s.c
[20.952s] -- Installing: /home/c/Formax_wuren_shixi/ros2_learning-main/ros2_advanced/ros2_homework_advanced_ws/install/fsd_common_msgs/lib/python3.12/site-packages/fsd_common_msgs/msg/_mission.py
[20.952s] -- Installing: /home/c/Formax_wuren_shixi/ros2_learning-main/ros2_advanced/ros2_homework_advanced_ws/install/fsd_common_msgs/lib/python3.12/site-packages/fsd_common_msgs/msg/_cone.py
[20.952s] -- Installing: /home/c/Formax_wuren_shixi/ros2_learning-main/ros2_advanced/ros2_homework_advanced_ws/install/fsd_common_msgs/lib/python3.12/site-packages/fsd_common_msgs/fsd_common_msgs_s__rosidl_typesupport_fastrtps_c.so
[20.952s] -- Installing: /home/c/Formax_wuren_shixi/ros2_learning-main/ros2_advanced/ros2_homework_advanced_ws/install/fsd_common_msgs/lib/python3.12/site-packages/fsd_common_msgs/__init__.py
[20.952s] -- Installing: /home/c/Formax_wuren_shixi/ros2_learning-main/ros2_advanced/ros2_homework_advanced_ws/install/fsd_common_msgs/lib/python3.12/site-packages/fsd_common_msgs/_fsd_common_msgs_s.ep.rosidl_typesupport_fastrtps_c.c
[20.952s] -- Installing: /home/c/Formax_wuren_shixi/ros2_learning-main/ros2_advanced/ros2_homework_advanced_ws/install/fsd_common_msgs/lib/python3.12/site-packages/fsd_common_msgs/fsd_common_msgs_s__rosidl_typesupport_introspection_c.so
[21.049s] Listing '/home/c/Formax_wuren_shixi/ros2_learning-main/ros2_advanced/ros2_homework_advanced_ws/install/fsd_common_msgs/lib/python3.12/site-packages/fsd_common_msgs'...
[21.049s] Compiling '/home/c/Formax_wuren_shixi/ros2_learning-main/ros2_advanced/ros2_homework_advanced_ws/install/fsd_common_msgs/lib/python3.12/site-packages/fsd_common_msgs/__init__.py'...
[21.049s] Listing '/home/c/Formax_wuren_shixi/ros2_learning-main/ros2_advanced/ros2_homework_advanced_ws/install/fsd_common_msgs/lib/python3.12/site-packages/fsd_common_msgs/msg'...
[21.049s] Compiling '/home/c/Formax_wuren_shixi/ros2_learning-main/ros2_advanced/ros2_homework_advanced_ws/install/fsd_common_msgs/lib/python3.12/site-packages/fsd_common_msgs/msg/__init__.py'...
[21.049s] Compiling '/home/c/Formax_wuren_shixi/ros2_learning-main/ros2_advanced/ros2_homework_advanced_ws/install/fsd_common_msgs/lib/python3.12/site-packages/fsd_common_msgs/msg/_as_state.py'...
[21.049s] Compiling '/home/c/Formax_wuren_shixi/ros2_learning-main/ros2_advanced/ros2_homework_advanced_ws/install/fsd_common_msgs/lib/python3.12/site-packages/fsd_common_msgs/msg/_asensing_message.py'...
[21.049s] Compiling '/home/c/Formax_wuren_shixi/ros2_learning-main/ros2_advanced/ros2_homework_advanced_ws/install/fsd_common_msgs/lib/python3.12/site-packages/fsd_common_msgs/msg/_can_frames.py'...
[21.050s] Compiling '/home/c/Formax_wuren_shixi/ros2_learning-main/ros2_advanced/ros2_homework_advanced_ws/install/fsd_common_msgs/lib/python3.12/site-packages/fsd_common_msgs/msg/_car_state.py'...
[21.050s] Compiling '/home/c/Formax_wuren_shixi/ros2_learning-main/ros2_advanced/ros2_homework_advanced_ws/install/fsd_common_msgs/lib/python3.12/site-packages/fsd_common_msgs/msg/_car_state_dt.py'...
[21.050s] Compiling '/home/c/Formax_wuren_shixi/ros2_learning-main/ros2_advanced/ros2_homework_advanced_ws/install/fsd_common_msgs/lib/python3.12/site-packages/fsd_common_msgs/msg/_cone.py'...
[21.050s] Compiling '/home/c/Formax_wuren_shixi/ros2_learning-main/ros2_advanced/ros2_homework_advanced_ws/install/fsd_common_msgs/lib/python3.12/site-packages/fsd_common_msgs/msg/_cone_dbscan.py'...
[21.050s] Compiling '/home/c/Formax_wuren_shixi/ros2_learning-main/ros2_advanced/ros2_homework_advanced_ws/install/fsd_common_msgs/lib/python3.12/site-packages/fsd_common_msgs/msg/_cone_detections.py'...
[21.050s] Compiling '/home/c/Formax_wuren_shixi/ros2_learning-main/ros2_advanced/ros2_homework_advanced_ws/install/fsd_common_msgs/lib/python3.12/site-packages/fsd_common_msgs/msg/_cone_detections_dbscan.py'...
[21.050s] Compiling '/home/c/Formax_wuren_shixi/ros2_learning-main/ros2_advanced/ros2_homework_advanced_ws/install/fsd_common_msgs/lib/python3.12/site-packages/fsd_common_msgs/msg/_control_command.py'...
[21.050s] Compiling '/home/c/Formax_wuren_shixi/ros2_learning-main/ros2_advanced/ros2_homework_advanced_ws/install/fsd_common_msgs/lib/python3.12/site-packages/fsd_common_msgs/msg/_decision_flag.py'...
[21.050s] Compiling '/home/c/Formax_wuren_shixi/ros2_learning-main/ros2_advanced/ros2_homework_advanced_ws/install/fsd_common_msgs/lib/python3.12/site-packages/fsd_common_msgs/msg/_driving_dynamics.py'...
[21.050s] Compiling '/home/c/Formax_wuren_shixi/ros2_learning-main/ros2_advanced/ros2_homework_advanced_ws/install/fsd_common_msgs/lib/python3.12/site-packages/fsd_common_msgs/msg/_echiev_message.py'...
[21.050s] Compiling '/home/c/Formax_wuren_shixi/ros2_learning-main/ros2_advanced/ros2_homework_advanced_ws/install/fsd_common_msgs/lib/python3.12/site-packages/fsd_common_msgs/msg/_feedback.py'...
[21.050s] Compiling '/home/c/Formax_wuren_shixi/ros2_learning-main/ros2_advanced/ros2_homework_advanced_ws/install/fsd_common_msgs/lib/python3.12/site-packages/fsd_common_msgs/msg/_ins_delta.py'...
[21.050s] Compiling '/home/c/Formax_wuren_shixi/ros2_learning-main/ros2_advanced/ros2_homework_advanced_ws/install/fsd_common_msgs/lib/python3.12/site-packages/fsd_common_msgs/msg/_map.py'...
[21.050s] Compiling '/home/c/Formax_wuren_shixi/ros2_learning-main/ros2_advanced/ros2_homework_advanced_ws/install/fsd_common_msgs/lib/python3.12/site-packages/fsd_common_msgs/msg/_mission.py'...
[21.051s] Compiling '/home/c/Formax_wuren_shixi/ros2_learning-main/ros2_advanced/ros2_homework_advanced_ws/install/fsd_common_msgs/lib/python3.12/site-packages/fsd_common_msgs/msg/_remote_control_command.py'...
[21.051s] Compiling '/home/c/Formax_wuren_shixi/ros2_learning-main/ros2_advanced/ros2_homework_advanced_ws/install/fsd_common_msgs/lib/python3.12/site-packages/fsd_common_msgs/msg/_res_and_ami.py'...
[21.051s] Compiling '/home/c/Formax_wuren_shixi/ros2_learning-main/ros2_advanced/ros2_homework_advanced_ws/install/fsd_common_msgs/lib/python3.12/site-packages/fsd_common_msgs/msg/_skidpad_global_center_line.py'...
[21.051s] Compiling '/home/c/Formax_wuren_shixi/ros2_learning-main/ros2_advanced/ros2_homework_advanced_ws/install/fsd_common_msgs/lib/python3.12/site-packages/fsd_common_msgs/msg/_time.py'...
[21.051s] Compiling '/home/c/Formax_wuren_shixi/ros2_learning-main/ros2_advanced/ros2_homework_advanced_ws/install/fsd_common_msgs/lib/python3.12/site-packages/fsd_common_msgs/msg/_track.py'...
[21.051s] Compiling '/home/c/Formax_wuren_shixi/ros2_learning-main/ros2_advanced/ros2_homework_advanced_ws/install/fsd_common_msgs/lib/python3.12/site-packages/fsd_common_msgs/msg/_trajectory_point.py'...
[21.051s] Compiling '/home/c/Formax_wuren_shixi/ros2_learning-main/ros2_advanced/ros2_homework_advanced_ws/install/fsd_common_msgs/lib/python3.12/site-packages/fsd_common_msgs/msg/_visualization.py'...
[21.051s] Compiling '/home/c/Formax_wuren_shixi/ros2_learning-main/ros2_advanced/ros2_homework_advanced_ws/install/fsd_common_msgs/lib/python3.12/site-packages/fsd_common_msgs/msg/_yolo_cone.py'...
[21.051s] Compiling '/home/c/Formax_wuren_shixi/ros2_learning-main/ros2_advanced/ros2_homework_advanced_ws/install/fsd_common_msgs/lib/python3.12/site-packages/fsd_common_msgs/msg/_yolo_cone_detections.py'...
[21.051s] Compiling '/home/c/Formax_wuren_shixi/ros2_learning-main/ros2_advanced/ros2_homework_advanced_ws/install/fsd_common_msgs/lib/python3.12/site-packages/fsd_common_msgs/msg/_yolo_cone_detections_track.py'...
[21.051s] Compiling '/home/c/Formax_wuren_shixi/ros2_learning-main/ros2_advanced/ros2_homework_advanced_ws/install/fsd_common_msgs/lib/python3.12/site-packages/fsd_common_msgs/msg/_yolo_cone_track.py'...
[21.056s] -- Installing: /home/c/Formax_wuren_shixi/ros2_learning-main/ros2_advanced/ros2_homework_advanced_ws/install/fsd_common_msgs/lib/python3.12/site-packages/fsd_common_msgs/fsd_common_msgs_s__rosidl_typesupport_fastrtps_c.so
[21.057s] -- Set non-toolchain portion of runtime path of "/home/c/Formax_wuren_shixi/ros2_learning-main/ros2_advanced/ros2_homework_advanced_ws/install/fsd_common_msgs/lib/python3.12/site-packages/fsd_common_msgs/fsd_common_msgs_s__rosidl_typesupport_fastrtps_c.so" to ""
[21.057s] -- Installing: /home/c/Formax_wuren_shixi/ros2_learning-main/ros2_advanced/ros2_homework_advanced_ws/install/fsd_common_msgs/lib/python3.12/site-packages/fsd_common_msgs/fsd_common_msgs_s__rosidl_typesupport_introspection_c.so
[21.058s] -- Set non-toolchain portion of runtime path of "/home/c/Formax_wuren_shixi/ros2_learning-main/ros2_advanced/ros2_homework_advanced_ws/install/fsd_common_msgs/lib/python3.12/site-packages/fsd_common_msgs/fsd_common_msgs_s__rosidl_typesupport_introspection_c.so" to ""
[21.058s] -- Installing: /home/c/Formax_wuren_shixi/ros2_learning-main/ros2_advanced/ros2_homework_advanced_ws/install/fsd_common_msgs/lib/python3.12/site-packages/fsd_common_msgs/fsd_common_msgs_s__rosidl_typesupport_c.so
[21.059s] -- Set non-toolchain portion of runtime path of "/home/c/Formax_wuren_shixi/ros2_learning-main/ros2_advanced/ros2_homework_advanced_ws/install/fsd_common_msgs/lib/python3.12/site-packages/fsd_common_msgs/fsd_common_msgs_s__rosidl_typesupport_c.so" to ""
[21.059s] -- Installing: /home/c/Formax_wuren_shixi/ros2_learning-main/ros2_advanced/ros2_homework_advanced_ws/install/fsd_common_msgs/lib/libfsd_common_msgs__rosidl_generator_py.so
[21.060s] -- Set non-toolchain portion of runtime path of "/home/c/Formax_wuren_shixi/ros2_learning-main/ros2_advanced/ros2_homework_advanced_ws/install/fsd_common_msgs/lib/libfsd_common_msgs__rosidl_generator_py.so" to ""
[21.060s] -- Installing: /home/c/Formax_wuren_shixi/ros2_learning-main/ros2_advanced/ros2_homework_advanced_ws/install/fsd_common_msgs/share/ament_index/resource_index/rust_packages/fsd_common_msgs
[21.060s] -- Installing: /home/c/Formax_wuren_shixi/ros2_learning-main/ros2_advanced/ros2_homework_advanced_ws/install/fsd_common_msgs/share/fsd_common_msgs/rust
[21.060s] -- Installing: /home/c/Formax_wuren_shixi/ros2_learning-main/ros2_advanced/ros2_homework_advanced_ws/install/fsd_common_msgs/share/fsd_common_msgs/rust/Cargo.toml
[21.061s] -- Installing: /home/c/Formax_wuren_shixi/ros2_learning-main/ros2_advanced/ros2_homework_advanced_ws/install/fsd_common_msgs/share/fsd_common_msgs/rust/build.rs
[21.061s] -- Installing: /home/c/Formax_wuren_shixi/ros2_learning-main/ros2_advanced/ros2_homework_advanced_ws/install/fsd_common_msgs/share/fsd_common_msgs/rust/src
[21.061s] -- Installing: /home/c/Formax_wuren_shixi/ros2_learning-main/ros2_advanced/ros2_homework_advanced_ws/install/fsd_common_msgs/share/fsd_common_msgs/rust/src/msg
[21.061s] -- Installing: /home/c/Formax_wuren_shixi/ros2_learning-main/ros2_advanced/ros2_homework_advanced_ws/install/fsd_common_msgs/share/fsd_common_msgs/rust/src/msg/rmw.rs
[21.061s] -- Installing: /home/c/Formax_wuren_shixi/ros2_learning-main/ros2_advanced/ros2_homework_advanced_ws/install/fsd_common_msgs/share/fsd_common_msgs/rust/src/lib.rs
[21.061s] -- Installing: /home/c/Formax_wuren_shixi/ros2_learning-main/ros2_advanced/ros2_homework_advanced_ws/install/fsd_common_msgs/share/fsd_common_msgs/rust/src/msg.rs
[21.061s] -- Installing: /home/c/Formax_wuren_shixi/ros2_learning-main/ros2_advanced/ros2_homework_advanced_ws/install/fsd_common_msgs/share/fsd_common_msgs/msg/AsState.idl
[21.062s] -- Installing: /home/c/Formax_wuren_shixi/ros2_learning-main/ros2_advanced/ros2_homework_advanced_ws/install/fsd_common_msgs/share/fsd_common_msgs/msg/AsensingMessage.idl
[21.062s] -- Installing: /home/c/Formax_wuren_shixi/ros2_learning-main/ros2_advanced/ros2_homework_advanced_ws/install/fsd_common_msgs/share/fsd_common_msgs/msg/CanFrames.idl
[21.062s] -- Installing: /home/c/Formax_wuren_shixi/ros2_learning-main/ros2_advanced/ros2_homework_advanced_ws/install/fsd_common_msgs/share/fsd_common_msgs/msg/CarState.idl
[21.062s] -- Installing: /home/c/Formax_wuren_shixi/ros2_learning-main/ros2_advanced/ros2_homework_advanced_ws/install/fsd_common_msgs/share/fsd_common_msgs/msg/CarStateDt.idl
[21.062s] -- Installing: /home/c/Formax_wuren_shixi/ros2_learning-main/ros2_advanced/ros2_homework_advanced_ws/install/fsd_common_msgs/share/fsd_common_msgs/msg/Cone.idl
[21.063s] -- Installing: /home/c/Formax_wuren_shixi/ros2_learning-main/ros2_advanced/ros2_homework_advanced_ws/install/fsd_common_msgs/share/fsd_common_msgs/msg/ConeDbscan.idl
[21.063s] -- Installing: /home/c/Formax_wuren_shixi/ros2_learning-main/ros2_advanced/ros2_homework_advanced_ws/install/fsd_common_msgs/share/fsd_common_msgs/msg/ConeDetections.idl
[21.063s] -- Installing: /home/c/Formax_wuren_shixi/ros2_learning-main/ros2_advanced/ros2_homework_advanced_ws/install/fsd_common_msgs/share/fsd_common_msgs/msg/ConeDetectionsDbscan.idl
[21.063s] -- Installing: /home/c/Formax_wuren_shixi/ros2_learning-main/ros2_advanced/ros2_homework_advanced_ws/install/fsd_common_msgs/share/fsd_common_msgs/msg/ControlCommand.idl
[21.063s] -- Installing: /home/c/Formax_wuren_shixi/ros2_learning-main/ros2_advanced/ros2_homework_advanced_ws/install/fsd_common_msgs/share/fsd_common_msgs/msg/DecisionFlag.idl
[21.064s] -- Installing: /home/c/Formax_wuren_shixi/ros2_learning-main/ros2_advanced/ros2_homework_advanced_ws/install/fsd_common_msgs/share/fsd_common_msgs/msg/DrivingDynamics.idl
[21.064s] -- Installing: /home/c/Formax_wuren_shixi/ros2_learning-main/ros2_advanced/ros2_homework_advanced_ws/install/fsd_common_msgs/share/fsd_common_msgs/msg/EchievMessage.idl
[21.064s] -- Installing: /home/c/Formax_wuren_shixi/ros2_learning-main/ros2_advanced/ros2_homework_advanced_ws/install/fsd_common_msgs/share/fsd_common_msgs/msg/Feedback.idl
[21.064s] -- Installing: /home/c/Formax_wuren_shixi/ros2_learning-main/ros2_advanced/ros2_homework_advanced_ws/install/fsd_common_msgs/share/fsd_common_msgs/msg/InsDelta.idl
[21.064s] -- Installing: /home/c/Formax_wuren_shixi/ros2_learning-main/ros2_advanced/ros2_homework_advanced_ws/install/fsd_common_msgs/share/fsd_common_msgs/msg/Map.idl
[21.065s] -- Installing: /home/c/Formax_wuren_shixi/ros2_learning-main/ros2_advanced/ros2_homework_advanced_ws/install/fsd_common_msgs/share/fsd_common_msgs/msg/Mission.idl
[21.065s] -- Installing: /home/c/Formax_wuren_shixi/ros2_learning-main/ros2_advanced/ros2_homework_advanced_ws/install/fsd_common_msgs/share/fsd_common_msgs/msg/RemoteControlCommand.idl
[21.065s] -- Installing: /home/c/Formax_wuren_shixi/ros2_learning-main/ros2_advanced/ros2_homework_advanced_ws/install/fsd_common_msgs/share/fsd_common_msgs/msg/ResAndAmi.idl
[21.065s] -- Installing: /home/c/Formax_wuren_shixi/ros2_learning-main/ros2_advanced/ros2_homework_advanced_ws/install/fsd_common_msgs/share/fsd_common_msgs/msg/SkidpadGlobalCenterLine.idl
[21.065s] -- Installing: /home/c/Formax_wuren_shixi/ros2_learning-main/ros2_advanced/ros2_homework_advanced_ws/install/fsd_common_msgs/share/fsd_common_msgs/msg/Time.idl
[21.066s] -- Installing: /home/c/Formax_wuren_shixi/ros2_learning-main/ros2_advanced/ros2_homework_advanced_ws/install/fsd_common_msgs/share/fsd_common_msgs/msg/Track.idl
[21.066s] -- Installing: /home/c/Formax_wuren_shixi/ros2_learning-main/ros2_advanced/ros2_homework_advanced_ws/install/fsd_common_msgs/share/fsd_common_msgs/msg/TrajectoryPoint.idl
[21.066s] -- Installing: /home/c/Formax_wuren_shixi/ros2_learning-main/ros2_advanced/ros2_homework_advanced_ws/install/fsd_common_msgs/share/fsd_common_msgs/msg/Visualization.idl
[21.066s] -- Installing: /home/c/Formax_wuren_shixi/ros2_learning-main/ros2_advanced/ros2_homework_advanced_ws/install/fsd_common_msgs/share/fsd_common_msgs/msg/YoloCone.idl
[21.066s] -- Installing: /home/c/Formax_wuren_shixi/ros2_learning-main/ros2_advanced/ros2_homework_advanced_ws/install/fsd_common_msgs/share/fsd_common_msgs/msg/YoloConeDetections.idl
[21.067s] -- Installing: /home/c/Formax_wuren_shixi/ros2_learning-main/ros2_advanced/ros2_homework_advanced_ws/install/fsd_common_msgs/share/fsd_common_msgs/msg/YoloConeDetectionsTrack.idl
[21.067s] -- Installing: /home/c/Formax_wuren_shixi/ros2_learning-main/ros2_advanced/ros2_homework_advanced_ws/install/fsd_common_msgs/share/fsd_common_msgs/msg/YoloConeTrack.idl
[21.067s] -- Installing: /home/c/Formax_wuren_shixi/ros2_learning-main/ros2_advanced/ros2_homework_advanced_ws/install/fsd_common_msgs/share/fsd_common_msgs/msg/AsState.msg
[21.067s] -- Installing: /home/c/Formax_wuren_shixi/ros2_learning-main/ros2_advanced/ros2_homework_advanced_ws/install/fsd_common_msgs/share/fsd_common_msgs/msg/AsensingMessage.msg
[21.067s] -- Installing: /home/c/Formax_wuren_shixi/ros2_learning-main/ros2_advanced/ros2_homework_advanced_ws/install/fsd_common_msgs/share/fsd_common_msgs/msg/CanFrames.msg
[21.068s] -- Installing: /home/c/Formax_wuren_shixi/ros2_learning-main/ros2_advanced/ros2_homework_advanced_ws/install/fsd_common_msgs/share/fsd_common_msgs/msg/CarState.msg
[21.068s] -- Installing: /home/c/Formax_wuren_shixi/ros2_learning-main/ros2_advanced/ros2_homework_advanced_ws/install/fsd_common_msgs/share/fsd_common_msgs/msg/CarStateDt.msg
[21.068s] -- Installing: /home/c/Formax_wuren_shixi/ros2_learning-main/ros2_advanced/ros2_homework_advanced_ws/install/fsd_common_msgs/share/fsd_common_msgs/msg/Cone.msg
[21.068s] -- Installing: /home/c/Formax_wuren_shixi/ros2_learning-main/ros2_advanced/ros2_homework_advanced_ws/install/fsd_common_msgs/share/fsd_common_msgs/msg/ConeDbscan.msg
[21.068s] -- Installing: /home/c/Formax_wuren_shixi/ros2_learning-main/ros2_advanced/ros2_homework_advanced_ws/install/fsd_common_msgs/share/fsd_common_msgs/msg/ConeDetections.msg
[21.069s] -- Installing: /home/c/Formax_wuren_shixi/ros2_learning-main/ros2_advanced/ros2_homework_advanced_ws/install/fsd_common_msgs/share/fsd_common_msgs/msg/ConeDetectionsDbscan.msg
[21.069s] -- Installing: /home/c/Formax_wuren_shixi/ros2_learning-main/ros2_advanced/ros2_homework_advanced_ws/install/fsd_common_msgs/share/fsd_common_msgs/msg/ControlCommand.msg
[21.069s] -- Installing: /home/c/Formax_wuren_shixi/ros2_learning-main/ros2_advanced/ros2_homework_advanced_ws/install/fsd_common_msgs/share/fsd_common_msgs/msg/DecisionFlag.msg
[21.069s] -- Installing: /home/c/Formax_wuren_shixi/ros2_learning-main/ros2_advanced/ros2_homework_advanced_ws/install/fsd_common_msgs/share/fsd_common_msgs/msg/DrivingDynamics.msg
[21.069s] -- Installing: /home/c/Formax_wuren_shixi/ros2_learning-main/ros2_advanced/ros2_homework_advanced_ws/install/fsd_common_msgs/share/fsd_common_msgs/msg/EchievMessage.msg
[21.070s] -- Installing: /home/c/Formax_wuren_shixi/ros2_learning-main/ros2_advanced/ros2_homework_advanced_ws/install/fsd_common_msgs/share/fsd_common_msgs/msg/Feedback.msg
[21.070s] -- Installing: /home/c/Formax_wuren_shixi/ros2_learning-main/ros2_advanced/ros2_homework_advanced_ws/install/fsd_common_msgs/share/fsd_common_msgs/msg/InsDelta.msg
[21.070s] -- Installing: /home/c/Formax_wuren_shixi/ros2_learning-main/ros2_advanced/ros2_homework_advanced_ws/install/fsd_common_msgs/share/fsd_common_msgs/msg/Map.msg
[21.070s] -- Installing: /home/c/Formax_wuren_shixi/ros2_learning-main/ros2_advanced/ros2_homework_advanced_ws/install/fsd_common_msgs/share/fsd_common_msgs/msg/Mission.msg
[21.070s] -- Installing: /home/c/Formax_wuren_shixi/ros2_learning-main/ros2_advanced/ros2_homework_advanced_ws/install/fsd_common_msgs/share/fsd_common_msgs/msg/RemoteControlCommand.msg
[21.071s] -- Installing: /home/c/Formax_wuren_shixi/ros2_learning-main/ros2_advanced/ros2_homework_advanced_ws/install/fsd_common_msgs/share/fsd_common_msgs/msg/ResAndAmi.msg
[21.071s] -- Installing: /home/c/Formax_wuren_shixi/ros2_learning-main/ros2_advanced/ros2_homework_advanced_ws/install/fsd_common_msgs/share/fsd_common_msgs/msg/SkidpadGlobalCenterLine.msg
[21.071s] -- Installing: /home/c/Formax_wuren_shixi/ros2_learning-main/ros2_advanced/ros2_homework_advanced_ws/install/fsd_common_msgs/share/fsd_common_msgs/msg/Time.msg
[21.071s] -- Installing: /home/c/Formax_wuren_shixi/ros2_learning-main/ros2_advanced/ros2_homework_advanced_ws/install/fsd_common_msgs/share/fsd_common_msgs/msg/Track.msg
[21.071s] -- Installing: /home/c/Formax_wuren_shixi/ros2_learning-main/ros2_advanced/ros2_homework_advanced_ws/install/fsd_common_msgs/share/fsd_common_msgs/msg/TrajectoryPoint.msg
[21.072s] -- Installing: /home/c/Formax_wuren_shixi/ros2_learning-main/ros2_advanced/ros2_homework_advanced_ws/install/fsd_common_msgs/share/fsd_common_msgs/msg/Visualization.msg
[21.072s] -- Installing: /home/c/Formax_wuren_shixi/ros2_learning-main/ros2_advanced/ros2_homework_advanced_ws/install/fsd_common_msgs/share/fsd_common_msgs/msg/YoloCone.msg
[21.072s] -- Installing: /home/c/Formax_wuren_shixi/ros2_learning-main/ros2_advanced/ros2_homework_advanced_ws/install/fsd_common_msgs/share/fsd_common_msgs/msg/YoloConeDetections.msg
[21.072s] -- Installing: /home/c/Formax_wuren_shixi/ros2_learning-main/ros2_advanced/ros2_homework_advanced_ws/install/fsd_common_msgs/share/fsd_common_msgs/msg/YoloConeDetectionsTrack.msg
[21.072s] -- Installing: /home/c/Formax_wuren_shixi/ros2_learning-main/ros2_advanced/ros2_homework_advanced_ws/install/fsd_common_msgs/share/fsd_common_msgs/msg/YoloConeTrack.msg
[21.073s] -- Installing: /home/c/Formax_wuren_shixi/ros2_learning-main/ros2_advanced/ros2_homework_advanced_ws/install/fsd_common_msgs/share/ament_index/resource_index/package_run_dependencies/fsd_common_msgs
[21.073s] -- Installing: /home/c/Formax_wuren_shixi/ros2_learning-main/ros2_advanced/ros2_homework_advanced_ws/install/fsd_common_msgs/share/ament_index/resource_index/parent_prefix_path/fsd_common_msgs
[21.073s] -- Installing: /home/c/Formax_wuren_shixi/ros2_learning-main/ros2_advanced/ros2_homework_advanced_ws/install/fsd_common_msgs/share/fsd_common_msgs/environment/ament_prefix_path.sh
[21.073s] -- Installing: /home/c/Formax_wuren_shixi/ros2_learning-main/ros2_advanced/ros2_homework_advanced_ws/install/fsd_common_msgs/share/fsd_common_msgs/environment/ament_prefix_path.dsv
[21.074s] -- Installing: /home/c/Formax_wuren_shixi/ros2_learning-main/ros2_advanced/ros2_homework_advanced_ws/install/fsd_common_msgs/share/fsd_common_msgs/environment/path.sh
[21.074s] -- Installing: /home/c/Formax_wuren_shixi/ros2_learning-main/ros2_advanced/ros2_homework_advanced_ws/install/fsd_common_msgs/share/fsd_common_msgs/environment/path.dsv
[21.074s] -- Installing: /home/c/Formax_wuren_shixi/ros2_learning-main/ros2_advanced/ros2_homework_advanced_ws/install/fsd_common_msgs/share/fsd_common_msgs/local_setup.bash
[21.074s] -- Installing: /home/c/Formax_wuren_shixi/ros2_learning-main/ros2_advanced/ros2_homework_advanced_ws/install/fsd_common_msgs/share/fsd_common_msgs/local_setup.sh
[21.074s] -- Installing: /home/c/Formax_wuren_shixi/ros2_learning-main/ros2_advanced/ros2_homework_advanced_ws/install/fsd_common_msgs/share/fsd_common_msgs/local_setup.zsh
[21.075s] -- Installing: /home/c/Formax_wuren_shixi/ros2_learning-main/ros2_advanced/ros2_homework_advanced_ws/install/fsd_common_msgs/share/fsd_common_msgs/local_setup.dsv
[21.075s] -- Installing: /home/c/Formax_wuren_shixi/ros2_learning-main/ros2_advanced/ros2_homework_advanced_ws/install/fsd_common_msgs/share/fsd_common_msgs/package.dsv
[21.075s] -- Installing: /home/c/Formax_wuren_shixi/ros2_learning-main/ros2_advanced/ros2_homework_advanced_ws/install/fsd_common_msgs/share/ament_index/resource_index/packages/fsd_common_msgs
[21.075s] -- Installing: /home/c/Formax_wuren_shixi/ros2_learning-main/ros2_advanced/ros2_homework_advanced_ws/install/fsd_common_msgs/share/fsd_common_msgs/cmake/export_fsd_common_msgs__rosidl_generator_cExport.cmake
[21.076s] -- Installing: /home/c/Formax_wuren_shixi/ros2_learning-main/ros2_advanced/ros2_homework_advanced_ws/install/fsd_common_msgs/share/fsd_common_msgs/cmake/export_fsd_common_msgs__rosidl_generator_cExport-noconfig.cmake
[21.076s] -- Installing: /home/c/Formax_wuren_shixi/ros2_learning-main/ros2_advanced/ros2_homework_advanced_ws/install/fsd_common_msgs/share/fsd_common_msgs/cmake/export_fsd_common_msgs__rosidl_typesupport_fastrtps_cExport.cmake
[21.076s] -- Installing: /home/c/Formax_wuren_shixi/ros2_learning-main/ros2_advanced/ros2_homework_advanced_ws/install/fsd_common_msgs/share/fsd_common_msgs/cmake/export_fsd_common_msgs__rosidl_typesupport_fastrtps_cExport-noconfig.cmake
[21.076s] -- Installing: /home/c/Formax_wuren_shixi/ros2_learning-main/ros2_advanced/ros2_homework_advanced_ws/install/fsd_common_msgs/share/fsd_common_msgs/cmake/fsd_common_msgs__rosidl_typesupport_introspection_cExport.cmake
[21.076s] -- Installing: /home/c/Formax_wuren_shixi/ros2_learning-main/ros2_advanced/ros2_homework_advanced_ws/install/fsd_common_msgs/share/fsd_common_msgs/cmake/fsd_common_msgs__rosidl_typesupport_introspection_cExport-noconfig.cmake
[21.077s] -- Installing: /home/c/Formax_wuren_shixi/ros2_learning-main/ros2_advanced/ros2_homework_advanced_ws/install/fsd_common_msgs/share/fsd_common_msgs/cmake/fsd_common_msgs__rosidl_typesupport_cExport.cmake
[21.077s] -- Installing: /home/c/Formax_wuren_shixi/ros2_learning-main/ros2_advanced/ros2_homework_advanced_ws/install/fsd_common_msgs/share/fsd_common_msgs/cmake/fsd_common_msgs__rosidl_typesupport_cExport-noconfig.cmake
[21.077s] -- Installing: /home/c/Formax_wuren_shixi/ros2_learning-main/ros2_advanced/ros2_homework_advanced_ws/install/fsd_common_msgs/share/fsd_common_msgs/cmake/export_fsd_common_msgs__rosidl_generator_cppExport.cmake
[21.077s] -- Installing: /home/c/Formax_wuren_shixi/ros2_learning-main/ros2_advanced/ros2_homework_advanced_ws/install/fsd_common_msgs/share/fsd_common_msgs/cmake/export_fsd_common_msgs__rosidl_typesupport_fastrtps_cppExport.cmake
[21.078s] -- Installing: /home/c/Formax_wuren_shixi/ros2_learning-main/ros2_advanced/ros2_homework_advanced_ws/install/fsd_common_msgs/share/fsd_common_msgs/cmake/export_fsd_common_msgs__rosidl_typesupport_fastrtps_cppExport-noconfig.cmake
[21.078s] -- Installing: /home/c/Formax_wuren_shixi/ros2_learning-main/ros2_advanced/ros2_homework_advanced_ws/install/fsd_common_msgs/share/fsd_common_msgs/cmake/fsd_common_msgs__rosidl_typesupport_introspection_cppExport.cmake
[21.078s] -- Installing: /home/c/Formax_wuren_shixi/ros2_learning-main/ros2_advanced/ros2_homework_advanced_ws/install/fsd_common_msgs/share/fsd_common_msgs/cmake/fsd_common_msgs__rosidl_typesupport_introspection_cppExport-noconfig.cmake
[21.078s] -- Installing: /home/c/Formax_wuren_shixi/ros2_learning-main/ros2_advanced/ros2_homework_advanced_ws/install/fsd_common_msgs/share/fsd_common_msgs/cmake/fsd_common_msgs__rosidl_typesupport_cppExport.cmake
[21.078s] -- Installing: /home/c/Formax_wuren_shixi/ros2_learning-main/ros2_advanced/ros2_homework_advanced_ws/install/fsd_common_msgs/share/fsd_common_msgs/cmake/fsd_common_msgs__rosidl_typesupport_cppExport-noconfig.cmake
[21.079s] -- Installing: /home/c/Formax_wuren_shixi/ros2_learning-main/ros2_advanced/ros2_homework_advanced_ws/install/fsd_common_msgs/share/fsd_common_msgs/cmake/export_fsd_common_msgs__rosidl_generator_pyExport.cmake
[21.079s] -- Installing: /home/c/Formax_wuren_shixi/ros2_learning-main/ros2_advanced/ros2_homework_advanced_ws/install/fsd_common_msgs/share/fsd_common_msgs/cmake/export_fsd_common_msgs__rosidl_generator_pyExport-noconfig.cmake
[21.079s] -- Installing: /home/c/Formax_wuren_shixi/ros2_learning-main/ros2_advanced/ros2_homework_advanced_ws/install/fsd_common_msgs/share/fsd_common_msgs/cmake/rosidl_cmake-extras.cmake
[21.079s] -- Installing: /home/c/Formax_wuren_shixi/ros2_learning-main/ros2_advanced/ros2_homework_advanced_ws/install/fsd_common_msgs/share/fsd_common_msgs/cmake/ament_cmake_export_dependencies-extras.cmake
[21.079s] -- Installing: /home/c/Formax_wuren_shixi/ros2_learning-main/ros2_advanced/ros2_homework_advanced_ws/install/fsd_common_msgs/share/fsd_common_msgs/cmake/ament_cmake_export_include_directories-extras.cmake
[21.080s] -- Installing: /home/c/Formax_wuren_shixi/ros2_learning-main/ros2_advanced/ros2_homework_advanced_ws/install/fsd_common_msgs/share/fsd_common_msgs/cmake/ament_cmake_export_libraries-extras.cmake
[21.080s] -- Installing: /home/c/Formax_wuren_shixi/ros2_learning-main/ros2_advanced/ros2_homework_advanced_ws/install/fsd_common_msgs/share/fsd_common_msgs/cmake/ament_cmake_export_targets-extras.cmake
[21.080s] -- Installing: /home/c/Formax_wuren_shixi/ros2_learning-main/ros2_advanced/ros2_homework_advanced_ws/install/fsd_common_msgs/share/fsd_common_msgs/cmake/rosidl_cmake_export_typesupport_targets-extras.cmake
[21.080s] -- Installing: /home/c/Formax_wuren_shixi/ros2_learning-main/ros2_advanced/ros2_homework_advanced_ws/install/fsd_common_msgs/share/fsd_common_msgs/cmake/rosidl_cmake_export_typesupport_libraries-extras.cmake
[21.080s] -- Installing: /home/c/Formax_wuren_shixi/ros2_learning-main/ros2_advanced/ros2_homework_advanced_ws/install/fsd_common_msgs/share/fsd_common_msgs/cmake/fsd_common_msgsConfig.cmake
[21.081s] -- Installing: /home/c/Formax_wuren_shixi/ros2_learning-main/ros2_advanced/ros2_homework_advanced_ws/install/fsd_common_msgs/share/fsd_common_msgs/cmake/fsd_common_msgsConfig-version.cmake
[21.081s] -- Installing: /home/c/Formax_wuren_shixi/ros2_learning-main/ros2_advanced/ros2_homework_advanced_ws/install/fsd_common_msgs/share/fsd_common_msgs/package.xml
[21.085s] Invoked command in '/home/c/Formax_wuren_shixi/ros2_learning-main/ros2_advanced/ros2_homework_advanced_ws/build/fsd_common_msgs' returned '0': CMAKE_PREFIX_PATH=${CMAKE_PREFIX_PATH}:/home/c/dev_ws/install/learning_urdf:/home/c/dev_ws/install/learning_topic:/home/c/dev_ws/install/learning_tf:/home/c/dev_ws/install/learning_service:/home/c/dev_ws/install/learning_qos:/home/c/dev_ws/install/learning_pkg_python:/home/c/dev_ws/install/learning_parameter:/home/c/dev_ws/install/learning_node:/home/c/dev_ws/install/learning_launch:/home/c/dev_ws/install/learning_action:/home/c/dev_ws/install/learning_gazebo_harmonic:/home/c/dev_ws/install/learning_gazebo:/home/c/dev_ws/install/learning_cv:/opt/ros/jazzy DEBUGINFOD_URLS=https://debuginfod.ubuntu.com PS1=\n(TraeAI-1) \w [$?] $ __trae_PS1=\n(TraeAI-1) \w [$?] $ /usr/bin/cmake --install /home/c/Formax_wuren_shixi/ros2_learning-main/ros2_advanced/ros2_homework_advanced_ws/build/fsd_common_msgs
